task_name;contract_name;category;list_type;points;time_spent_hours;date_done;month
Build 1:1 ABM contact list program (Pinpoint);Global Shared Services - Marketing Services;ABM;Deliverables;40;;2026-03-31 22:43:48.446+00;2026-03
Update website designs based on feedback;Agrippon - Marketing services;Web Development;ToDos;;;2026-03-31 21:14:03.291+00;2026-03
Set up performance reporting;Rezku POS - Ongoing Services - Post AGE;Performance/Reporting;Deliverables;15;;2026-03-31 21:13:23.323+00;2026-03
Manage performance reporting;Acacia Advisors - Ongoing Marketing Services;Performance/Reporting;Deliverables;5;;2026-03-31 21:04:33.178+00;2026-03
Manage performance reporting (March);Sedra Solutions - Marketing services;Performance/Reporting;Deliverables;5;;2026-03-31 20:34:56.068+00;2026-03
Manage ABM (March);Planon - Marketing Services;ABM;Deliverables;5;;2026-03-31 20:34:49.05+00;2026-03
Support Request Window (March);PTO Exchange - Marketing Services;Account Management;Deliverables;;;2026-03-31 20:18:26.876+00;2026-03
Manage paid media [March];Rugged Robotics - Marketing services;Paid Media;Deliverables;8;;2026-03-31 20:15:27.961+00;2026-03
Manage web [March];Rugged Robotics - Marketing services;Web Development;Deliverables;5;;2026-03-31 20:15:21.788+00;2026-03
Tech stack [March];Rugged Robotics - Marketing services;Tech Stack/Ops;Deliverables;10;;2026-03-31 20:15:18.451+00;2026-03
Facilitate Client Meetings [March];Rugged Robotics - Marketing services;Account Management;Deliverables;10;;2026-03-31 20:15:14.524+00;2026-03
Manage ABM [March];Rugged Robotics - Marketing services;ABM;Deliverables;10;;2026-03-31 20:15:11.65+00;2026-03
Manage paid media [March];PTO Exchange - Marketing Services;Paid Media;Deliverables;8;;2026-03-31 20:15:08.547+00;2026-03
Tech stack [March];PTO Exchange - Marketing Services;Tech Stack/Ops;Deliverables;23;;2026-03-31 20:15:04.957+00;2026-03
Facilitate Client Meetings [March];PTO Exchange - Marketing Services;Account Management;Deliverables;10;;2026-03-31 20:15:01.416+00;2026-03
Manage ABM [March];PTO Exchange - Marketing Services;ABM;Deliverables;10;;2026-03-31 20:14:54.277+00;2026-03
Tech stack [March];Gallagher & Mohan - Ongoing Marketing Services - Post AGE;Tech Stack/Ops;Deliverables;10;;2026-03-31 20:14:50.916+00;2026-03
Facilitate Client Meetings [March];Gallagher & Mohan - Ongoing Marketing Services - Post AGE;Account Management;Deliverables;10;;2026-03-31 20:14:47.928+00;2026-03
Tech stack [March];Data Assessment Solutions - Ongoing Marketing Services;Tech Stack/Ops;Deliverables;24;;2026-03-31 20:14:44.268+00;2026-03
Manage ABM [March];Data Assessment Solutions - Ongoing Marketing Services;ABM;Deliverables;10;;2026-03-31 20:14:40.827+00;2026-03
Facilitate Client Meetings [March];Data Assessment Solutions - Ongoing Marketing Services;Account Management;Deliverables;10;;2026-03-31 20:14:37.15+00;2026-03
Manage paid media [March];Data Assessment Solutions - Ongoing Marketing Services;Paid Media;Deliverables;8;;2026-03-31 20:14:34.832+00;2026-03
Tech stack [March];Agrippon - Marketing services;Tech Stack/Ops;Deliverables;13;;2026-03-31 20:14:30.818+00;2026-03
Manage performance reporting [March];Agrippon - Marketing services;Performance/Reporting;Deliverables;5;;2026-03-31 20:14:24.937+00;2026-03
Facilitate Client Meetings [March];Agrippon - Marketing services;Account Management;Deliverables;10;;2026-03-31 20:14:21.458+00;2026-03
Manage ABM [March];Agrippon - Marketing services;ABM;Deliverables;10;;2026-03-31 20:14:18.958+00;2026-03
Manage web [March];Ricoh - Marketing services;Web Development;Deliverables;5;;2026-03-31 20:14:14.671+00;2026-03
Facilitate Client Meetings [March];Ricoh - Marketing services;Account Management;Deliverables;10;;2026-03-31 20:14:12.068+00;2026-03
Tech stack [March];Ricoh - Marketing services;Tech Stack/Ops;Deliverables;14;;2026-03-31 20:14:07.214+00;2026-03
Manage SEO [March];iCorps - Marketing Services;SEO/AEO;Deliverables;5;;2026-03-31 20:14:02.512+00;2026-03
Manage ABM [March];iCorps - Marketing Services;ABM;Deliverables;10;;2026-03-31 20:13:56.188+00;2026-03
Facilitate Client Meetings [March];iCorps - Marketing Services;Account Management;Deliverables;10;;2026-03-31 20:13:46.332+00;2026-03
Manage performance reporting [March];iCorps - Marketing Services;Performance/Reporting;Deliverables;5;;2026-03-31 20:13:42.058+00;2026-03
Manage web [March];iCorps - Marketing Services;Web Development;Deliverables;5;;2026-03-31 20:13:28.252+00;2026-03
Tech stack [March];iCorps - Marketing Services;Tech Stack/Ops;Deliverables;14;;2026-03-31 20:13:02.447+00;2026-03
Case study for Matt;Milestone Towers - Ongoing Marketing Services;Content Creation;ToDos;;;2026-03-31 20:11:10.632+00;2026-03
Manage SEO (March);Global Shared Services - Marketing Services;SEO/AEO;Deliverables;5;;2026-03-31 19:57:14.46+00;2026-03
Build Priority Forms (March);Aquatic Informatics - Ongoing Marketing Services;Web Development;Deliverables;20;;2026-03-31 19:51:57.324+00;2026-03
Manage ABM - March;Kersten Talent Capital - Aligned Growth Engine Ongoing Services;ABM;Deliverables;10;;2026-03-31 19:08:39.581+00;2026-03
Manage web - March;Kersten Talent Capital - Aligned Growth Engine Ongoing Services;Web Development;Deliverables;5;;2026-03-31 19:08:20.446+00;2026-03
[Paid Media] Manage paid media - (March);Washington Speakers Bureau - Ongoing Marketing Services;Paid Media;Deliverables;20;;2026-03-31 19:08:12.705+00;2026-03
Send consultant's new email sequence flow for consultative sale messaging;Rugged Robotics - Marketing services;Content Creation;ToDos;;;2026-03-31 18:02:33.569+00;2026-03
Send over retargeting company/contact list for targeted LinkedIn campaigns;Rugged Robotics - Marketing services;ABM;ToDos;;;2026-03-31 18:02:33.569+00;2026-03
Create data center retargeting campaign design and messaging;Rugged Robotics - Marketing services;Design/Creative;ToDos;;;2026-03-31 18:02:33.569+00;2026-03
Transfer domain to Go Daddy - Deprioritize;VITAL - Marketing services;Web Development;Deliverables;;;2026-03-31 17:31:21.011+00;2026-03
Facilitate Client Meetings - March;Aquatic Informatics - Ongoing Marketing Services;Account Management;Deliverables;20;;2026-03-31 15:55:45.591+00;2026-03
Tech stack - March;Aquatic Informatics - Ongoing Marketing Services;Tech Stack/Ops;Deliverables;6;;2026-03-31 15:55:40.486+00;2026-03
Validate Hubspot environment and cutover;Aquatic Informatics - Ongoing Marketing Services;Tech Stack/Ops;Deliverables;100;;2026-03-31 15:55:34.381+00;2026-03
Tech stack (March);Global Shared Services - Marketing Services;Tech Stack/Ops;Deliverables;17;;2026-03-31 14:37:34.229+00;2026-03
Manage web (March);Global Shared Services - Marketing Services;Web Development;Deliverables;5;;2026-03-31 14:37:11.709+00;2026-03
Facilitate Client Meetings - March;Ponce Bank - Creative; Digital; and Website Retainer;Account Management;Deliverables;20;;2026-03-31 14:29:04.377+00;2026-03
Facilitate Client Meetings - March;Kersten Talent Capital - Aligned Growth Engine Ongoing Services;Account Management;Deliverables;10;;2026-03-31 13:51:07.216+00;2026-03
Facilitate Client Meetings (March);Techmode - Marketing services;Account Management;Deliverables;10;;2026-03-31 13:49:54.853+00;2026-03
Manage web (March);Techmode - Marketing services;Web Development;Deliverables;5;;2026-03-31 13:49:44.768+00;2026-03
Weekly Client Management - (March);Ease - Podcast Services;Account Management;ToDos;;;2026-03-31 13:49:38.191+00;2026-03
Facilitate Client Meetings (March);BioSafe - Marketing services;Account Management;Deliverables;10;;2026-03-31 13:49:31.113+00;2026-03
Manage web (March);BioSafe - Marketing services;Web Development;Deliverables;5;;2026-03-31 13:49:18.276+00;2026-03
Review Paid Media Plan;DocLib - Ongoing Services;Paid Media;ToDos;;;2026-03-31 13:13:20.528+00;2026-03
Review Paid Ad Designs;DocLib - Ongoing Services;Design/Creative;ToDos;;;2026-03-31 13:13:20.528+00;2026-03
Tech stack - March;DocLib - Ongoing Services;Tech Stack/Ops;Deliverables;15;;2026-03-31 13:06:22.481+00;2026-03
Facilitate Client Meetings - March;DocLib - Ongoing Services;Account Management;Deliverables;10;;2026-03-31 13:06:04.154+00;2026-03
Tech stack - March;AutoBytes - 2026 Services;Tech Stack/Ops;Deliverables;5;;2026-03-31 12:15:01.502+00;2026-03
Facilitate Client Meetings - March;Rezku POS - Ongoing Services - Post AGE;Account Management;Deliverables;5;;2026-03-31 11:35:43.086+00;2026-03
Develop thought leadership blog post - How to prevent HVAC breakdown;Rod Miller - Content marketing services;Content Creation;Deliverables;10;;2026-03-31 10:37:30.221+00;2026-03
Client review video ads;Bazaarvoice - Content marketing services;Video;ToDos;;;2026-03-31 10:21:47.291+00;2026-03
Facilitate Client Meetings (March);Global Shared Services - Marketing Services;Account Management;Deliverables;10;;2026-03-31 08:25:20.87+00;2026-03
Manage ABM (March);Global Shared Services - Marketing Services;ABM;Deliverables;10;;2026-03-31 08:24:50.305+00;2026-03
Remove Survey Monkey from April's Tech Stack;Planon - Marketing Services;Tech Stack/Ops;ToDos;;;2026-03-31 04:14:09.261+00;2026-03
HubSpot Cleanup;Kersten Talent Capital - Aligned Growth Engine Ongoing Services;Tech Stack/Ops;Deliverables;12;;2026-03-31 01:49:23.642+00;2026-03
March blog - Software is dying with agents;FoxyAI - Creative; digital; web services;Content Creation;ToDos;;;2026-03-31 01:36:19.492+00;2026-03
March Blog & Social Posts;FoxyAI - Creative; digital; web services;Content Creation;Deliverables;12;;2026-03-31 01:34:14.577+00;2026-03
Review Cybersecurity CVC - outreach sequence (v3);Ecosystems - Ongoing Marketing Services;Content Creation;ToDos;;;2026-03-30 22:12:23.041+00;2026-03
[HubSpot Reset Week 1]: Analyze Non-Marketing Contacts for ICP Opportunities;PTO Exchange - Marketing Services;Tech Stack/Ops;Deliverables;3;;2026-03-30 22:06:25.532+00;2026-03
Develop performance reporting dashboard;PTO Exchange - Marketing Services;Performance/Reporting;Deliverables;10;;2026-03-30 21:56:57.447+00;2026-03
Develop thought leadership content topics;Rugged Robotics - Marketing services;Strategy/Research;Deliverables;5;;2026-03-30 20:13:22.46+00;2026-03
Optimization on Google Ads: CTA to HomePage;ThreatMark - Marketing services;Paid Media;Deliverables;;0.2;2026-03-30 19:21:28.181+00;2026-03
Tech stack (March);Syncro - Content marketing services;Tech Stack/Ops;Deliverables;5;;2026-03-30 19:14:47.335+00;2026-03
Update KTC Search LinkedIn;Kersten Talent Capital - Aligned Growth Engine Ongoing Services;Content Creation;ToDos;;;2026-03-30 19:11:57.953+00;2026-03
ABM Email Performance Analysis;Rugged Robotics - Marketing services;Performance/Reporting;Deliverables;5;;2026-03-30 19:10:57.171+00;2026-03
[Management] Facilitate Client Meetings - (March);Washington Speakers Bureau - Ongoing Marketing Services;Account Management;Deliverables;20;;2026-03-30 18:59:20.8+00;2026-03
Manage performance reporting (March);Planon - Marketing Services;Performance/Reporting;Deliverables;5;;2026-03-30 17:34:54.539+00;2026-03
Hubspot & Paid Media Support - March;Powerhouse Gym - Creative; digital; website services;Tech Stack/Ops;Deliverables;6;;2026-03-30 17:34:51.744+00;2026-03
Facilitate Client Meetings - March;Powerhouse Gym - Creative; digital; website services;Account Management;Deliverables;10;;2026-03-30 17:34:30.424+00;2026-03
Tech stack - March;Acacia Advisors - Ongoing Marketing Services;Tech Stack/Ops;Deliverables;15;;2026-03-30 17:34:17.848+00;2026-03
Facilitate Client Meetings - March;Acacia Advisors - Ongoing Marketing Services;Account Management;Deliverables;10;;2026-03-30 17:34:14.706+00;2026-03
Facilitate Client Meetings - March;AutoBytes - 2026 Services;Account Management;Deliverables;10;;2026-03-30 17:33:17.765+00;2026-03
Manage web - March;FoxyAI - Creative; digital; web services;Web Development;Deliverables;5;;2026-03-30 17:33:15.597+00;2026-03
Facilitate Bi-Weekly Meetings (March);Numeric - Podcast services;Account Management;Deliverables;5;;2026-03-30 17:33:14.062+00;2026-03
Manage SEO (March);Numeric - Podcast services;SEO/AEO;Deliverables;5;;2026-03-30 17:33:06.356+00;2026-03
Tech stack (March);Numeric - Podcast services;Tech Stack/Ops;Deliverables;6;;2026-03-30 17:33:02.618+00;2026-03
Update Accounting Careers Board (March);Numeric - Podcast services;Web Development;Deliverables;6;;2026-03-30 17:32:58.153+00;2026-03
Tech Stack (March);Planon - Marketing Services;Tech Stack/Ops;Deliverables;24;;2026-03-30 17:32:55.153+00;2026-03
Facilitate Client Meetings (March);Planon - Marketing Services;Account Management;Deliverables;10;;2026-03-30 17:32:53.283+00;2026-03
Manage paid media - March;Powerhouse Gym - Creative; digital; website services;Paid Media;Deliverables;8;;2026-03-30 17:32:47.998+00;2026-03
Develop social content (Fahad's Page - March);Sedra Solutions - Marketing services;Content Creation;Deliverables;10;;2026-03-30 17:32:42.931+00;2026-03
Develop social content (Sedra's Page - March);Sedra Solutions - Marketing services;Content Creation;Deliverables;10;;2026-03-30 17:32:40.055+00;2026-03
Tech Stack (March);Sedra Solutions - Marketing services;Tech Stack/Ops;Deliverables;22;;2026-03-30 17:32:36.541+00;2026-03
Manage web (March);Sedra Solutions - Marketing services;Web Development;Deliverables;5;;2026-03-30 17:32:33.958+00;2026-03
Facilitate Client Meetings (March);Sedra Solutions - Marketing services;Account Management;Deliverables;10;;2026-03-30 17:32:31.314+00;2026-03
Manage ABM (March);Sedra Solutions - Marketing services;ABM;Deliverables;10;;2026-03-30 17:32:28.429+00;2026-03
Manage paid media (March);Sedra Solutions - Marketing services;Paid Media;Deliverables;8;;2026-03-30 17:32:26.031+00;2026-03
[SEO/AEO/GEO] Manage SEO - (March);Washington Speakers Bureau - Ongoing Marketing Services;SEO/AEO;Deliverables;5;;2026-03-30 16:38:04.57+00;2026-03
3.30.26 Meeting Notes;ThreatMark - Marketing services;Account Management;ToDos;;;2026-03-30 16:36:31.881+00;2026-03
Tech stack (March);Rezku POS - Ongoing Services - Post AGE;Tech Stack/Ops;Deliverables;19;;2026-03-30 16:02:46.668+00;2026-03
Manage web (March);VITAL - Marketing services;Web Development;Deliverables;5;;2026-03-30 15:47:20.264+00;2026-03
86e0fx836 - Tyfone - Digital Banking Podcast - Jamie Sumner;Tyfone - Content marketing services;Podcast;Deliverables;14;;2026-03-30 15:45:46.511+00;2026-03
86e0fx5z7 - Tyfone - Digital Banking Podcast - Robin Sims-Allen;Tyfone - Content marketing services;Podcast;Deliverables;14;;2026-03-30 15:45:41.408+00;2026-03
Manage performance reporting - March;ThreatMark - Marketing services;Performance/Reporting;Deliverables;5;;2026-03-30 15:02:39.018+00;2026-03
Manage web - March;ThreatMark - Marketing services;Web Development;Deliverables;5;;2026-03-30 15:02:30.194+00;2026-03
Compile paid media receipts;PTO Exchange - Marketing Services;Paid Media;ToDos;;0.8;2026-03-30 15:01:12.249+00;2026-03
Develop slide deck or presentation - Carrier Deck;Milestone Towers - Ongoing Marketing Services;Design/Creative;Deliverables;15;;2026-03-30 14:40:11.085+00;2026-03
Distribute Episode - Parker Cox;VITAL - Marketing services;Podcast;Deliverables;0;;2026-03-30 14:35:15.318+00;2026-03
Create video ads for Bazaarvoice Summit;Bazaarvoice - Content marketing services;Video;Deliverables;20;;2026-03-30 14:30:43.636+00;2026-03
Manage paid media (March);Techmode - Marketing services;Paid Media;Deliverables;8;;2026-03-30 13:50:40.146+00;2026-03
Tech stack - March;Kersten Talent Capital - Aligned Growth Engine Ongoing Services;Tech Stack/Ops;Deliverables;5;;2026-03-30 13:33:41.132+00;2026-03
Facilitate Client Meetings (March);Ease - Podcast Services;Account Management;Deliverables;10;;2026-03-30 13:31:01.765+00;2026-03
86e0hfw8b - VITAL - The Flywheel Effect - Randy Warner;VITAL - Marketing services;Podcast;Deliverables;10;;2026-03-30 12:44:35.011+00;2026-03
DocLib Followups;DocLib - Ongoing Services;Other;ToDos;;;2026-03-30 01:25:53.543+00;2026-03
Update Follow-up Tasks workflow;Powerhouse Gym - Creative; digital; website services;Tech Stack/Ops;Deliverables;1;;2026-03-29 22:53:41.686+00;2026-03
Set up performance reporting;DocLib - Ongoing Services;Performance/Reporting;Deliverables;15;;2026-03-29 15:28:19.368+00;2026-03
Develop image ad creative package;DocLib - Ongoing Services;Design/Creative;Deliverables;10;;2026-03-29 15:00:54.386+00;2026-03
Conduct keyword and topic research;Wilburn - Content marketing services;SEO/AEO;ToDos;;1.0;2026-03-28 00:19:39.562+00;2026-03
Conduct keyword and topic research;Rod Miller - Content marketing services;SEO/AEO;ToDos;;1.0;2026-03-28 00:03:09.715+00;2026-03
Manage ABM (March);BioSafe - Marketing services;ABM;Deliverables;10;;2026-03-27 21:44:26.051+00;2026-03
Manage content (March);BioSafe - Marketing services;Content Creation;Deliverables;10;;2026-03-27 21:44:09.08+00;2026-03
Manage paid media (March);BioSafe - Marketing services;Paid Media;Deliverables;8;;2026-03-27 21:42:32.131+00;2026-03
Manage performance reporting (March);BioSafe - Marketing services;Performance/Reporting;Deliverables;5;;2026-03-27 21:42:28.671+00;2026-03
Set up campaign [Lockton People & Culture Event];PTO Exchange - Marketing Services;Paid Media;Deliverables;10;;2026-03-27 21:36:50.65+00;2026-03
Set up Smartlead and HeyReach activity in HubSpot;Ecosystems - Ongoing Marketing Services;Tech Stack/Ops;ToDos;;5.0;2026-03-27 20:53:11.602+00;2026-03
Standalone short video - client request;ThreatMark - Marketing services;Video;Deliverables;15;1.0;2026-03-27 19:48:43.289+00;2026-03
Facilitate Client Meetings (March);Milestone Towers - Ongoing Marketing Services;Account Management;Deliverables;18;;2026-03-27 19:36:18.591+00;2026-03
Update ABM assets based on feedback;Gallagher & Mohan - Ongoing Marketing Services - Post AGE;ABM;ToDos;;;2026-03-27 19:21:19.873+00;2026-03
Review Marketing Operations Plan Deck and Document;Washington Speakers Bureau - Ongoing Marketing Services;Strategy/Research;ToDos;;;2026-03-27 18:50:33.442+00;2026-03
Set up content & create graphics package;Kersten Talent Capital - Aligned Growth Engine Ongoing Services;Tech Stack/Ops;Deliverables;15;;2026-03-27 18:49:04.346+00;2026-03
Facilitate Client Meetings (March);Verisk - Marketing services;Account Management;Deliverables;10;;2026-03-27 17:47:15.228+00;2026-03
Create an Interview Video;VITAL - Marketing services;Video;Deliverables;15;;2026-03-27 17:36:11.942+00;2026-03
Facilitate Client Meetings (March);Hydrian - Marketing services;Account Management;Deliverables;10;;2026-03-27 16:50:07.349+00;2026-03
Tech stack [March];Ecosystems - Ongoing Marketing Services;Tech Stack/Ops;Deliverables;9;;2026-03-27 16:38:13.09+00;2026-03
Tech stack (March);Hydrian - Marketing services;Tech Stack/Ops;Deliverables;21;;2026-03-27 16:37:47.344+00;2026-03
Update homepage meeting CTA: pop-up form;iCorps - Marketing Services;Web Development;ToDos;;0.8;2026-03-27 16:09:06.711+00;2026-03
Develop Paid Media Plan Document;Rezku POS - Ongoing Services - Post AGE;Paid Media;Deliverables;15;;2026-03-27 15:18:23.852+00;2026-03
Manage paid media (March);Rezku POS - Ongoing Services - Post AGE;Paid Media;Deliverables;8;;2026-03-27 15:02:29.756+00;2026-03
Develop ebook w/ design for Bazaarvoice Summit + sales messaging;Bazaarvoice - Content marketing services;Content Creation;Deliverables;35;;2026-03-27 11:58:36.317+00;2026-03
Facilitate Client Meetings [March];Ecosystems - Ongoing Marketing Services;Account Management;Deliverables;10;;2026-03-27 11:29:10.411+00;2026-03
Develop ABM Plan Document [Security Companies];Ecosystems - Ongoing Marketing Services;ABM;Deliverables;30;;2026-03-27 00:01:19.306+00;2026-03
Review new LinkedIn ads;Data Assessment Solutions - Ongoing Marketing Services;Paid Media;ToDos;;;2026-03-26 23:26:20.539+00;2026-03
Review email sequence: DACH ABM refresh;Data Assessment Solutions - Ongoing Marketing Services;ABM;ToDos;;;2026-03-26 23:26:20.539+00;2026-03
Tech stack - March;WeFixFreight - Marketing services;Tech Stack/Ops;Deliverables;5;;2026-03-26 22:10:15.168+00;2026-03
Manage paid media - March;WeFixFreight - Marketing services;Paid Media;Deliverables;8;;2026-03-26 22:10:11.069+00;2026-03
Manage paid media - March;ThreatMark - Marketing services;Paid Media;Deliverables;8;;2026-03-26 21:46:38.744+00;2026-03
Tech Stack - March;ThreatMark - Marketing services;Tech Stack/Ops;Deliverables;16;;2026-03-26 21:44:00.258+00;2026-03
Set up paid media;ThreatMark - Marketing services;Paid Media;Deliverables;5;;2026-03-26 21:42:02.815+00;2026-03
ATX CVC Executive Forum - outreach sequences (v4);Ecosystems - Ongoing Marketing Services;ABM;ToDos;;;2026-03-26 21:29:03.372+00;2026-03
Facilitate Client Meetings - March;ThreatMark - Marketing services;Account Management;Deliverables;10;;2026-03-26 19:46:46.02+00;2026-03
Update LinkedIn Campaign Graphics;ThreatMark - Marketing services;Design/Creative;Deliverables;;;2026-03-26 18:22:12.909+00;2026-03
Review Updated Outreach Sequences;DocLib - Ongoing Services;ABM;ToDos;;;2026-03-26 15:30:26.798+00;2026-03
Replace link on website;VITAL - Marketing services;Web Development;ToDos;;0.2;2026-03-26 14:55:58.119+00;2026-03
Facilitate Client Meetings (March);NEACH - Content marketing services;Account Management;Deliverables;5;;2026-03-26 13:15:13.545+00;2026-03
Facilitate Client Meetings (March);Inside Tracker - Podcast services;Account Management;Deliverables;5;;2026-03-26 13:15:10.529+00;2026-03
Manage social (March);VITAL - Marketing services;Content Creation;Deliverables;10;;2026-03-26 12:34:38.474+00;2026-03
Facilitate Client Meetings (March);VITAL - Marketing services;Account Management;Deliverables;2;;2026-03-26 12:34:25.286+00;2026-03
Add Factors.ai script on DocLib Website;DocLib - Ongoing Services;Tech Stack/Ops;ToDos;;0.5;2026-03-26 09:59:37.428+00;2026-03
Develop thought leadership blog post - How do window AC units work (Deprioritized);Rod Miller - Content marketing services;Content Creation;Deliverables;0;;2026-03-26 09:44:59.07+00;2026-03
Look into Clay audience builder;Washington Speakers Bureau - Ongoing Marketing Services;Tech Stack/Ops;ToDos;;;2026-03-25 21:49:56.675+00;2026-03
Update onboarding package;ThreatMark - Marketing services;Account Management;ToDos;;;2026-03-25 21:39:56.207+00;2026-03
Schedule agent interview on Riverside with Nina;Washington Speakers Bureau - Ongoing Marketing Services;Podcast;ToDos;;;2026-03-25 21:36:59.869+00;2026-03
Initiate Website Transfer on Kinsta;WeFixFreight - Marketing services;Web Development;ToDos;;0.5;2026-03-25 21:02:50.487+00;2026-03
Manage web (March);Wilburn - Content marketing services;Web Development;Deliverables;5;;2026-03-25 19:39:41.891+00;2026-03
Manage web (March);Rod Miller - Content marketing services;Web Development;Deliverables;5;;2026-03-25 19:32:53.226+00;2026-03
Meeting: Reporting & Dashboard Training;PTO Exchange - Marketing Services;Performance/Reporting;Deliverables;2;;2026-03-25 19:08:37.844+00;2026-03
Add dates to lead status sheet;Agrippon - Marketing services;Tech Stack/Ops;ToDos;;;2026-03-25 19:08:04.937+00;2026-03
Review brochure;Hydrian - Marketing services;Design/Creative;ToDos;;;2026-03-25 18:58:18.314+00;2026-03
Put together thoughts on partnership strategy;Hydrian - Marketing services;Strategy/Research;ToDos;;;2026-03-25 17:31:57.542+00;2026-03
Develop SEO blog post - Professional office cleaning;Wilburn - Content marketing services;SEO/AEO;Deliverables;10;;2026-03-25 16:55:04.703+00;2026-03
Remove homepage webinar banner;PTO Exchange - Marketing Services;Web Development;ToDos;;0.3;2026-03-25 15:25:15.393+00;2026-03
Develop simple newsletter template;Milestone Towers - Ongoing Marketing Services;Content Creation;Deliverables;5;;2026-03-25 15:13:58.574+00;2026-03
Optimize SEO web page - Tissue Digester;BioSafe - Marketing services;SEO/AEO;Deliverables;18;;2026-03-25 15:03:53.709+00;2026-03
Update Meta descriptions - Custom Applications;BioSafe - Marketing services;SEO/AEO;Deliverables;2;;2026-03-25 15:01:25.879+00;2026-03
Create SEO blog inspired by transcript - thermal treatment;BioSafe - Marketing services;SEO/AEO;Deliverables;10;;2026-03-25 15:00:55.026+00;2026-03
Set up website URL mapping (redirects);Rugged Robotics - Marketing services;Web Development;Deliverables;3;;2026-03-25 14:00:41.778+00;2026-03
Look into Clay audience builder;Washington Speakers Bureau - Ongoing Marketing Services;Tech Stack/Ops;ToDos;;2.1;2026-03-25 13:51:40.335+00;2026-03
Edits to 86dzv6wup - Customer Testimonial Videos;ThreatMark - Marketing services;Video;ToDos;;;2026-03-25 13:27:51.935+00;2026-03
Develop product overview video;Ease - Podcast Services;Video;Deliverables;35;;2026-03-25 12:35:28.242+00;2026-03
Collect ABM unsubscribe list;Rugged Robotics - Marketing services;ABM;ToDos;;0.5;2026-03-25 12:22:02.191+00;2026-03
Facilitate Client Meetings (March);Syncro - Content marketing services;Account Management;Deliverables;2;;2026-03-25 11:56:53.494+00;2026-03
Questions about incoming leads: Partners;PTO Exchange - Marketing Services;Account Management;ToDos;;0.3;2026-03-25 11:02:46.612+00;2026-03
Prep for reporting meeting (3/25);PTO Exchange - Marketing Services;Performance/Reporting;ToDos;;;2026-03-24 23:08:34.658+00;2026-03
[OPS] Set up HubSpot: 1:1 ABM Campaign;PTO Exchange - Marketing Services;Tech Stack/Ops;Deliverables;10;;2026-03-24 21:49:21.92+00;2026-03
Export all Brokers: HubSpot -> Excel;PTO Exchange - Marketing Services;ABM;ToDos;;0.5;2026-03-24 20:57:59.187+00;2026-03
[Content] Manage content - (March);Washington Speakers Bureau - Ongoing Marketing Services;Content Creation;Deliverables;20;;2026-03-24 20:18:18.346+00;2026-03
ABM Industries: Historic Performance;iCorps - Marketing Services;Performance/Reporting;ToDos;;0.8;2026-03-24 19:56:37.37+00;2026-03
Approve 1:Few Contact List before Enrichment (23,000 contacts);PTO Exchange - Marketing Services;ABM;ToDos;;;2026-03-24 18:38:48.201+00;2026-03
Develop web page;DocLib - Ongoing Services;Web Development;Deliverables;12;;2026-03-24 18:23:57.986+00;2026-03
Develop Storylane demo to a new landing page;Agrippon - Marketing services;Web Development;ToDos;;1.5;2026-03-24 18:23:25.514+00;2026-03
Polish copy on toolkit;Ponce Bank - Creative; Digital; and Website Retainer;Content Creation;ToDos;;2.0;2026-03-24 17:13:34.41+00;2026-03
Review updated one-pager designs (Supplier portal);DocLib - Ongoing Services;Design/Creative;ToDos;;;2026-03-24 16:27:00.037+00;2026-03
Review Outreach Sequences;DocLib - Ongoing Services;ABM;ToDos;;;2026-03-24 16:26:57.372+00;2026-03
Develop graphics package for Bazaarvoice Summit - video ads;Bazaarvoice - Content marketing services;Design/Creative;Deliverables;25;;2026-03-24 15:25:51.285+00;2026-03
Schedule Marketing Operations Plan Review Call;Washington Speakers Bureau - Ongoing Marketing Services;Account Management;ToDos;;;2026-03-24 15:23:38.466+00;2026-03
[Leadership Lessons] Develop Content, Paid & Distribution Plan Document;Washington Speakers Bureau - Ongoing Marketing Services;Strategy/Research;Deliverables;20;;2026-03-24 15:17:11.31+00;2026-03
Set up ABM [ATX: Customer Value Community Executive Forum];Ecosystems - Ongoing Marketing Services;ABM;Deliverables;10;;2026-03-24 15:01:15.939+00;2026-03
Manage paid media (March);Rod Miller - Content marketing services;Paid Media;Deliverables;8;;2026-03-24 11:40:01.147+00;2026-03
Update Channel Partners target list in HubSpot;PTO Exchange - Marketing Services;ABM;ToDos;;;2026-03-23 22:48:41.991+00;2026-03
Adjust dates in marketing performance dashboard;PTO Exchange - Marketing Services;Performance/Reporting;ToDos;;1.7;2026-03-23 22:22:09.197+00;2026-03
Provide LinkedIn 'Business Manager' and 'Page' access;Gallagher & Mohan - Ongoing Marketing Services - Post AGE;Paid Media;ToDos;;;2026-03-23 21:37:41.504+00;2026-03
Develop social content - (March);BioSafe - Marketing services;Content Creation;Deliverables;8;;2026-03-23 21:20:51.704+00;2026-03
ATX CVC Executive Forum - outreach sequences (v3);Ecosystems - Ongoing Marketing Services;ABM;ToDos;;;2026-03-23 19:07:24.578+00;2026-03
Cybersecurity CVC - outreach sequence (v2);Ecosystems - Ongoing Marketing Services;ABM;ToDos;;;2026-03-23 18:53:43.952+00;2026-03
Create and share the new contact lists for review;Data Assessment Solutions - Ongoing Marketing Services;ABM;ToDos;;;2026-03-23 18:30:00.328+00;2026-03
Tech stack (March);VITAL - Marketing services;Tech Stack/Ops;Deliverables;9;;2026-03-23 16:23:39.936+00;2026-03
Tech stack (March);Bazaarvoice - Content marketing services;Tech Stack/Ops;Deliverables;6;;2026-03-23 16:20:25.688+00;2026-03
Review photo recommendations;VITAL - Marketing services;Design/Creative;ToDos;;;2026-03-23 16:01:02.579+00;2026-03
[Operations] Develop Marketing Operations Plan;Washington Speakers Bureau - Ongoing Marketing Services;Tech Stack/Ops;Deliverables;50;;2026-03-23 15:52:02.786+00;2026-03
Set up LinkedIn Campaign – Spotlights & Success Stories;ThreatMark - Marketing services;Paid Media;Deliverables;8;;2026-03-23 15:40:06.253+00;2026-03
Build an Excel spreadsheet with all campaign data by channel (SmartLead, HeyReach, ads);Data Assessment Solutions - Ongoing Marketing Services;Performance/Reporting;ToDos;;0.9;2026-03-23 14:27:23.17+00;2026-03
Generate Factors.ai tracking scripts;Gallagher & Mohan - Ongoing Marketing Services - Post AGE;Tech Stack/Ops;ToDos;;0.5;2026-03-23 13:41:51.359+00;2026-03
Run error/404 check on the staging site;Rugged Robotics - Marketing services;Web Development;ToDos;;0.5;2026-03-23 09:34:19.685+00;2026-03
Develop slide deck or presentation - MLA Deck;Milestone Towers - Ongoing Marketing Services;Design/Creative;Deliverables;15;;2026-03-23 08:41:06.41+00;2026-03
Develop web page [Utilization Benchmark for IT Consultancies];Data Assessment Solutions - Ongoing Marketing Services;Web Development;Deliverables;12;;2026-03-23 08:33:32.092+00;2026-03
Develop ABM Plan Document;AutoBytes - 2026 Services;ABM;Deliverables;30;;2026-03-22 19:06:54.807+00;2026-03
ECRI - Blog Post Copy - Implications of underreporting falls in nursing homes;ECRI - 3 blog post content bundle;Content Creation;Deliverables;6;;2026-03-21 02:11:58.827+00;2026-03
Update brand toolkit copy;Ponce Bank - Creative; Digital; and Website Retainer;Content Creation;ToDos;;3.8;2026-03-20 20:54:51.683+00;2026-03
Update One Pager Design;DocLib - Ongoing Services;Design/Creative;ToDos;;1.0;2026-03-20 20:44:24.671+00;2026-03
Review episode assets;NEACH - Content marketing services;Podcast;ToDos;;;2026-03-20 19:49:05.171+00;2026-03
Client records video for Social clips Microsoft;Syncro - Content marketing services;Video;ToDos;;;2026-03-20 19:01:45.781+00;2026-03
Client review - Pat Sullivan blog post;Verisk - Marketing services;Content Creation;ToDos;;;2026-03-20 18:41:44.225+00;2026-03
Install Factors.ai script on WSB's website;Washington Speakers Bureau - Ongoing Marketing Services;Tech Stack/Ops;ToDos;;0.3;2026-03-20 18:32:10.36+00;2026-03
Review ABM 1:Few Target Account List;PTO Exchange - Marketing Services;ABM;ToDos;;;2026-03-20 17:44:19.042+00;2026-03
Meeting: Brainstorming & Strategy Session;Ricoh - Marketing services;Strategy/Research;Deliverables;2;;2026-03-20 16:57:45.887+00;2026-03
Set Up ABM;Kersten Talent Capital - Aligned Growth Engine Ongoing Services;ABM;Deliverables;10;;2026-03-20 16:34:17.043+00;2026-03
Set up ABM;Rezku POS - Ongoing Services - Post AGE;ABM;Deliverables;10;;2026-03-20 16:19:31.429+00;2026-03
Review email sequence: High-Engagement Accounts;Data Assessment Solutions - Ongoing Marketing Services;ABM;ToDos;;;2026-03-20 14:32:59.97+00;2026-03
86e0aw9xk - NEACH - Payments on Tap - Mark Dixon Part 1;NEACH - Content marketing services;Podcast;Deliverables;10;;2026-03-20 13:21:54.69+00;2026-03
Website Messaging Audit;Milestone Towers - Ongoing Marketing Services;Strategy/Research;Deliverables;15;;2026-03-20 11:25:21.77+00;2026-03
Facilitate Client Meetings (March);Tyfone - Content marketing services;Account Management;Deliverables;5;;2026-03-20 11:24:10.77+00;2026-03
Video strategy document;Syncro - Content marketing services;Video;ToDos;;;2026-03-20 11:17:57.374+00;2026-03
Develop dynamic outreach sequence [Healthcare ABM 1:Few];PTO Exchange - Marketing Services;ABM;Deliverables;8;;2026-03-19 21:13:50.734+00;2026-03
Set up pizza expo ads;Rezku POS - Ongoing Services - Post AGE;Paid Media;Deliverables;;;2026-03-19 19:46:37.156+00;2026-03
Develop interactive calculator;Rezku POS - Ongoing Services - Post AGE;Web Development;Deliverables;8;;2026-03-19 19:46:20.161+00;2026-03
Develop Performance Reporting Plan Document;Rezku POS - Ongoing Services - Post AGE;Performance/Reporting;Deliverables;20;;2026-03-19 19:22:02.039+00;2026-03
Review comments on case studies questions;Milestone Towers - Ongoing Marketing Services;Content Creation;ToDos;;;2026-03-19 19:13:45.564+00;2026-03
DocLib requests 2;DocLib - Ongoing Services;Other;ToDos;;;2026-03-19 17:48:24.813+00;2026-03
DocLib requests;DocLib - Ongoing Services;Other;ToDos;;;2026-03-19 17:47:25.683+00;2026-03
Develop Social Plan Document;Milestone Towers - Ongoing Marketing Services;Content Creation;Deliverables;15;;2026-03-19 17:39:15.538+00;2026-03
Develop dynamic outreach sequence (x3);DocLib - Ongoing Services;ABM;Deliverables;24;;2026-03-19 17:01:36.58+00;2026-03
Develop Paid Media Plan Document;DocLib - Ongoing Services;Paid Media;Deliverables;15;;2026-03-19 16:51:42.503+00;2026-03
Develop dynamic outreach sequence - ABM;Hydrian - Marketing services;ABM;Deliverables;8;;2026-03-19 16:39:25.678+00;2026-03
Develop Performance Reporting Plan Document;DocLib - Ongoing Services;Performance/Reporting;Deliverables;20;;2026-03-19 16:17:54.586+00;2026-03
Create speaking highlight video - Josh's CUES Presentation;Tyfone - Content marketing services;Video;Deliverables;15;;2026-03-19 16:14:22.532+00;2026-03
Distribute blog - You’re Not Overworked. You’re Over-Involved.;VITAL - Marketing services;Content Creation;Deliverables;;;2026-03-19 16:05:11.267+00;2026-03
Distribute blog - Profit on Paper. Broke in the Bank;VITAL - Marketing services;Content Creation;Deliverables;;;2026-03-19 16:04:49.923+00;2026-03
Distribute Episode Keith Smith;Tyfone - Content marketing services;Podcast;Deliverables;3;;2026-03-19 13:00:16.072+00;2026-03
Distribute Episode Derrick Aguilar;Tyfone - Content marketing services;Podcast;Deliverables;3;;2026-03-19 12:54:19.622+00;2026-03
Distribute Episode Kosta Scholiadis;Tyfone - Content marketing services;Podcast;Deliverables;3;;2026-03-19 12:53:53.474+00;2026-03
"Bumps in the road" document for Christina;Ponce Bank - Website design and development;Account Management;ToDos;;;2026-03-19 12:50:17.063+00;2026-03
Update Sales Guide [RICOH ProcessDirector];Ricoh - Marketing services;Content Creation;Deliverables;8;;2026-03-19 09:50:09.174+00;2026-03
125 inbound leads by FY26;PTO Exchange - Marketing Services;Strategy/Research;Goals;;;2026-03-19 08:58:17.787+00;2026-03
20% employee utilization rate by FY26 in “Tier 1” accounts;PTO Exchange - Marketing Services;Strategy/Research;Goals;;;2026-03-19 08:58:17.787+00;2026-03
[OPS] HubSpot Lead Quality Audit: 237K leads for duplicates, invalid emails, and disengaged contacts;PTO Exchange - Marketing Services;Tech Stack/Ops;ToDos;;;2026-03-19 08:57:32.177+00;2026-03
Create Lead Tracker spreadsheet;Agrippon - Marketing services;Tech Stack/Ops;ToDos;;;2026-03-19 05:16:31.414+00;2026-03
Rewrite brand toolkit content;Ponce Bank - Creative; Digital; and Website Retainer;Content Creation;ToDos;;2.0;2026-03-19 03:59:19.671+00;2026-03
Develop Marketing Roadmap Document;RoboHead - Aligned Growth Engine Launch;Strategy/Research;Deliverables;40;;2026-03-19 01:28:50.846+00;2026-03
Develop dynamic outreach sequences (3);Rezku POS - Ongoing Services - Post AGE;ABM;Deliverables;24;;2026-03-18 20:25:41.127+00;2026-03
Develop Performance Reporting Plan Document;Ecosystems - Ongoing Marketing Services;Performance/Reporting;Deliverables;20;;2026-03-18 20:24:23.682+00;2026-03
Develop image ad creative package - Pizza expo;Rezku POS - Ongoing Services - Post AGE;Design/Creative;Deliverables;10;;2026-03-18 20:05:30.945+00;2026-03
Provide feedback on newsletter;Milestone Towers - Ongoing Marketing Services;Content Creation;ToDos;;;2026-03-18 19:54:28.783+00;2026-03
Develop Brand Guidelines Document;AutoBytes - 2026 Services;Design/Creative;Deliverables;20;;2026-03-18 19:04:31.011+00;2026-03
Resolve GTM & CIPA Compliance;ThreatMark - Marketing services;Tech Stack/Ops;Deliverables;2;;2026-03-18 17:31:06.639+00;2026-03
Update image ad creatives;Rezku POS - Ongoing Services - Post AGE;Design/Creative;Deliverables;;;2026-03-18 16:48:01.142+00;2026-03
ATX CVC Executive Forum - target account list;Ecosystems - Ongoing Marketing Services;ABM;ToDos;;;2026-03-18 16:37:22.6+00;2026-03
86e0afr03 - Tyfone - Digital Banking Podcast - JB Orecchia;Tyfone - Content marketing services;Podcast;Deliverables;14;;2026-03-18 08:08:55.618+00;2026-03
Export the list of 298 opportunities from our audit ;Ecosystems - Ongoing Marketing Services;Other;ToDos;;;2026-03-18 01:26:41.39+00;2026-03
Look for Available Inventory Email;BioSafe - Marketing services;Other;ToDos;;;2026-03-18 00:17:39.045+00;2026-03
Add new podcast episode to website;Agrippon - Marketing services;Podcast;ToDos;;0.5;2026-03-17 22:47:27.117+00;2026-03
[Content] A1 Athletes Newsletter Recommendations;Washington Speakers Bureau - Ongoing Marketing Services;Content Creation;Deliverables;1;;2026-03-17 21:46:20.436+00;2026-03
86e0bjmay - Unspoken Security- Unspoken Security - Erin West;AJ Nash - Podcast services;Podcast;Deliverables;12;;2026-03-17 21:11:54.282+00;2026-03
CVC / Cybersecurity Campaign - target account list;Ecosystems - Ongoing Marketing Services;ABM;ToDos;;;2026-03-17 20:49:41.104+00;2026-03
CVC / Cybersecurity Campaign - email and linkedIn sequences;Ecosystems - Ongoing Marketing Services;ABM;ToDos;;;2026-03-17 20:40:15.029+00;2026-03
86e09j2eu - VITAL - The Flywheel Effect - Parker Cox;VITAL - Marketing services;Podcast;Deliverables;10;;2026-03-17 20:28:33.148+00;2026-03
Set up & launch ABM;Planon - Marketing Services;ABM;Deliverables;10;;2026-03-17 20:22:30.247+00;2026-03
[SEO/AEO/GEO] Update SEO/AEO/GEO Audit & Plan Document;Washington Speakers Bureau - Ongoing Marketing Services;SEO/AEO;ToDos;;;2026-03-17 20:10:56.086+00;2026-03
Develop an sales enablement PDF [Prospect-Facing One-Pager];iCorps - Marketing Services;Content Creation;Deliverables;8;;2026-03-17 19:50:36.04+00;2026-03
Review outreach sequence: CVC Cybersecurity;Ecosystems - Ongoing Marketing Services;ABM;ToDos;;;2026-03-17 19:32:57.792+00;2026-03
Review target list: CVC Cybersecurity;Ecosystems - Ongoing Marketing Services;ABM;ToDos;;;2026-03-17 19:32:57.792+00;2026-03
Review outreach sequence: ATX: Customer Value Community Executive Forum;Ecosystems - Ongoing Marketing Services;ABM;ToDos;;;2026-03-17 19:32:10.779+00;2026-03
Set up Channel Partners Campaign;PTO Exchange - Marketing Services;ABM;Deliverables;10;;2026-03-17 18:33:40.642+00;2026-03
Set up paid media - ABM;Planon - Marketing Services;Paid Media;Deliverables;5;;2026-03-17 17:50:59.693+00;2026-03
Review Healthcare ABM Outreach Sequence;PTO Exchange - Marketing Services;ABM;ToDos;;;2026-03-17 17:46:06.661+00;2026-03
Review benchmark report sequence update;PTO Exchange - Marketing Services;ABM;ToDos;;;2026-03-17 17:46:06.661+00;2026-03
Finish remaining case studies for potential use in ad campaigns;Rugged Robotics - Marketing services;Content Creation;ToDos;;;2026-03-17 15:17:18.645+00;2026-03
Facilitate Client Meetings;Rezku POS - Ongoing Services - Post AGE;Account Management;Deliverables;5;;2026-03-17 15:10:28.228+00;2026-03
Get login details for WFF to be able to log in to their website;WeFixFreight - Marketing services;Web Development;ToDos;;0.3;2026-03-17 14:27:20.192+00;2026-03
Set up email notifications: LinkedIn responses;Agrippon - Marketing services;Tech Stack/Ops;ToDos;;1.0;2026-03-17 14:07:17.855+00;2026-03
Prepare Adroll recommendation;PTO Exchange - Marketing Services;Paid Media;ToDos;;1.3;2026-03-17 13:47:41.248+00;2026-03
Distribute Episode Frank Hopkins;Tyfone - Content marketing services;Podcast;Deliverables;3;;2026-03-17 12:39:14.493+00;2026-03
Distribute Episode Barath Narayanan;Tyfone - Content marketing services;Podcast;Deliverables;3;;2026-03-17 12:28:50.213+00;2026-03
Develop dynamic outreach sequence [Security Companies];Ecosystems - Ongoing Marketing Services;ABM;Deliverables;8;;2026-03-17 04:14:57.177+00;2026-03
Optimize Existing SEO Article;Global Shared Services - Marketing Services;SEO/AEO;Deliverables;5;;2026-03-16 21:29:21.182+00;2026-03
Develop photo suggestions;VITAL - Marketing services;Design/Creative;ToDos;;1.5;2026-03-16 19:39:13.366+00;2026-03
List of Waste Processors;BioSafe - Marketing services;Other;Deliverables;;;2026-03-16 19:28:14.323+00;2026-03
Update Meta descriptions - EDS;BioSafe - Marketing services;SEO/AEO;Deliverables;2;;2026-03-16 19:15:24.657+00;2026-03
Update Meta descriptions - Tissue Digester;BioSafe - Marketing services;SEO/AEO;Deliverables;2;;2026-03-16 19:15:21.347+00;2026-03
[OPS] Clean Up Contact and Company Ownership;PTO Exchange - Marketing Services;Tech Stack/Ops;Deliverables;5;;2026-03-16 18:56:01.04+00;2026-03
Adjust email sequences/workflows;PTO Exchange - Marketing Services;Tech Stack/Ops;ToDos;;2.0;2026-03-16 18:39:55.648+00;2026-03
Prepare a Figma review link for the ebooks;Numeric - Podcast services;Design/Creative;ToDos;;0.7;2026-03-16 18:39:18.74+00;2026-03
Upload brand toolkit to folder;Ponce Bank - Creative; Digital; and Website Retainer;Other;Deliverables;;12.0;2026-03-16 17:24:53.537+00;2026-03
Publish updated Assessment pages;iCorps - Marketing Services;Web Development;ToDos;;0.5;2026-03-16 16:36:37.581+00;2026-03
Refresh outreach sequence [Updated Campaign: DACH];Data Assessment Solutions - Ongoing Marketing Services;ABM;Deliverables;5;;2026-03-16 16:04:26.014+00;2026-03
Optimize Existing SEO Article - Social Media KPIs and Benchmarks;Bazaarvoice - Content marketing services;SEO/AEO;Deliverables;5;;2026-03-16 15:45:57.862+00;2026-03
Create Video Testimonial;VITAL - Marketing services;Video;Deliverables;7;;2026-03-16 15:44:46.301+00;2026-03
Optimize Existing SEO Article - Social Commerce Overview;Bazaarvoice - Content marketing services;SEO/AEO;Deliverables;5;;2026-03-16 15:31:37.835+00;2026-03
Optimize Existing SEO Article - Influencer Outreach Email Guide;Bazaarvoice - Content marketing services;SEO/AEO;Deliverables;5;;2026-03-16 15:21:54.92+00;2026-03
Provide access to LinkedIn;Milestone Towers - Ongoing Marketing Services;Account Management;ToDos;;;2026-03-16 13:11:51.097+00;2026-03
Develop thought leadership blog post from video recording - Pat Sullivan;Verisk - Marketing services;Content Creation;Deliverables;8;;2026-03-16 12:00:01.507+00;2026-03
Distribute Episode - Gerri Detweiler;VITAL - Marketing services;Podcast;Deliverables;0;;2026-03-16 11:32:22.066+00;2026-03
Spec tasks;PTO Exchange - Marketing Services;Other;ToDos;;;2026-03-16 08:01:18.22+00;2026-03
[STRATEGY] Create Separate Lead Scoring for Channel Partner Campaign;PTO Exchange - Marketing Services;Tech Stack/Ops;Deliverables;3;;2026-03-16 05:00:49.925+00;2026-03
Develop social content (March);VITAL - Marketing services;Content Creation;Deliverables;20;;2026-03-15 17:38:14.56+00;2026-03
Update staging site: Owners, Executives, BIM/VDC Teams link errors;Rugged Robotics - Marketing services;Web Development;ToDos;;1.0;2026-03-14 08:30:48.662+00;2026-03
Update staging site: case study links on 'Use Cases' pages;Rugged Robotics - Marketing services;Web Development;ToDos;;0.8;2026-03-14 08:30:17.958+00;2026-03
Wikipedia Hand-off document - Jason;Washington Speakers Bureau - Ongoing Marketing Services;Other;ToDos;;;2026-03-13 22:02:45.002+00;2026-03
Review Blog, Speakers and Topic page templates;Washington Speakers Bureau - Ongoing Marketing Services;Web Development;ToDos;;;2026-03-13 21:59:20.244+00;2026-03
Review new STI carousel ads;BioSafe - Marketing services;Design/Creative;ToDos;;;2026-03-13 21:52:03.716+00;2026-03
Review new TDD carousel ads;BioSafe - Marketing services;Design/Creative;ToDos;;;2026-03-13 21:52:01.243+00;2026-03
Review EDS animated video clips;BioSafe - Marketing services;Video;ToDos;;;2026-03-13 21:51:59.162+00;2026-03
Review Video Scripts;BioSafe - Marketing services;Video;ToDos;;;2026-03-13 21:51:55.619+00;2026-03
Review new GIF style videos;BioSafe - Marketing services;Video;ToDos;;;2026-03-13 21:51:53.658+00;2026-03
Review new EDS carousel ads;BioSafe - Marketing services;Design/Creative;ToDos;;;2026-03-13 21:51:51.097+00;2026-03
Review newsletter copy & design;BioSafe - Marketing services;Content Creation;ToDos;;;2026-03-13 21:51:46.476+00;2026-03
LinkedIn Carousel - STI;BioSafe - Marketing services;Design/Creative;Deliverables;;;2026-03-13 19:34:22.717+00;2026-03
Tissue Digester Page Edits;BioSafe - Marketing services;Web Development;ToDos;;;2026-03-13 19:33:39.02+00;2026-03
[OPS] Update Contact Industry Properties;PTO Exchange - Marketing Services;Tech Stack/Ops;Deliverables;5;;2026-03-13 19:11:01.481+00;2026-03
[Content] John Heilemann and Ozan Varol Video Recommendation;Washington Speakers Bureau - Ongoing Marketing Services;Video;Deliverables;1;;2026-03-13 18:43:47.436+00;2026-03
Review Content, Distribution and Paid Plan for Leadership Lessons from the Fast Lane;Washington Speakers Bureau - Ongoing Marketing Services;Strategy/Research;ToDos;;;2026-03-13 18:42:08.906+00;2026-03
Send list for enrichment;Global Shared Services - Marketing Services;ABM;ToDos;;;2026-03-13 18:37:50.691+00;2026-03
[Content] A1 Athletes Content Recommendations;Washington Speakers Bureau - Ongoing Marketing Services;Content Creation;Deliverables;1;;2026-03-13 17:48:23.513+00;2026-03
[Content] Speakers in Need Recommendations;Washington Speakers Bureau - Ongoing Marketing Services;Content Creation;Deliverables;1;;2026-03-13 17:37:48.667+00;2026-03
Install AccesiBe ;Ponce Bank - Website design and development;Web Development;Deliverables;;;2026-03-13 17:15:46.362+00;2026-03
Develop outreach sequence [ATX: Customer Value Community Executive Forum];Ecosystems - Ongoing Marketing Services;ABM;Deliverables;5;;2026-03-13 17:14:15.265+00;2026-03
Update One Pager design;DocLib - Ongoing Services;Design/Creative;ToDos;;3.5;2026-03-13 17:08:56.725+00;2026-03
Website Edits;Kersten Talent Capital - Aligned Growth Engine Ongoing Services;Web Development;Deliverables;;;2026-03-13 16:53:46.123+00;2026-03
Develop case study w/ design;Milestone Towers - Ongoing Marketing Services;Content Creation;Deliverables;30;;2026-03-13 14:57:12.73+00;2026-03
Review Google Ads audit;Washington Speakers Bureau - Ongoing Marketing Services;Paid Media;ToDos;;;2026-03-13 13:45:05.469+00;2026-03
Review Paid Media Kickoff Deck;Washington Speakers Bureau - Ongoing Marketing Services;Paid Media;ToDos;;;2026-03-13 13:45:05.469+00;2026-03
Share additional schema context to incorporate it into the AEO roadmap;Washington Speakers Bureau - Ongoing Marketing Services;SEO/AEO;ToDos;;;2026-03-13 13:45:05.469+00;2026-03
Develop graphics package task for speaking videos;Tyfone - Content marketing services;Design/Creative;Deliverables;10;;2026-03-13 12:27:48.525+00;2026-03
Set up content & create graphics package - Payments on Tap;NEACH - Content marketing services;Podcast;Deliverables;15;;2026-03-13 12:15:08.381+00;2026-03
Client review - iceberg image + social copy;Verisk - Marketing services;Design/Creative;ToDos;;;2026-03-13 11:09:15.955+00;2026-03
Manage paid media [March];Agrippon - Marketing services;Paid Media;Deliverables;4;;2026-03-13 06:30:34.136+00;2026-03
Update Banner and Export Icons;ThreatMark - Marketing services;Design/Creative;Deliverables;;;2026-03-13 01:02:46.646+00;2026-03
Configure additional paid media campaign - Mitel;Techmode - Marketing services;Paid Media;Deliverables;3;;2026-03-12 19:10:35.325+00;2026-03
Edits to Robotics Invest Designs;Cybernetix - Creative; digital; website services;Design/Creative;Deliverables;3;;2026-03-12 17:48:45.573+00;2026-03
Develop Marketing Research Document;RoboHead - Aligned Growth Engine Launch;Strategy/Research;Deliverables;20;;2026-03-12 17:19:05.297+00;2026-03
Update LinkedIn Ads Campaign: Budget, Lead-Gen Form;Data Assessment Solutions - Ongoing Marketing Services;Paid Media;ToDos;;1.6;2026-03-12 15:39:10.257+00;2026-03
Start first episode for Payments on Tap;NEACH - Content marketing services;Podcast;ToDos;;0.8;2026-03-12 14:12:41.125+00;2026-03
Update Meta descriptions - (STI);BioSafe - Marketing services;SEO/AEO;Deliverables;2;;2026-03-12 13:54:34.82+00;2026-03
Create animated video clip - Episode Patrick Martinez;VITAL - Marketing services;Video;Deliverables;12;;2026-03-12 12:57:00.167+00;2026-03
[OPS] Fix Lead Scoring and MQL Status Alignment;PTO Exchange - Marketing Services;Tech Stack/Ops;ToDos;;;2026-03-12 04:38:10.622+00;2026-03
Update social posts;VITAL - Marketing services;Content Creation;ToDos;;1.0;2026-03-12 04:14:10.009+00;2026-03
Develop Sales Guide [RICOH ProcessDirector];Ricoh - Marketing services;Content Creation;Deliverables;15;;2026-03-12 02:37:18.532+00;2026-03
Review proposal;PTO Exchange - Marketing Services;Account Management;ToDos;;;2026-03-11 20:48:43.444+00;2026-03
Review RFP from Linnea;Ricoh - Marketing services;Account Management;ToDos;;;2026-03-11 20:43:05.461+00;2026-03
Develop web page - Mitel ;Techmode - Marketing services;Web Development;Deliverables;12;;2026-03-11 20:35:39.74+00;2026-03
Look into GTM question;Cybernetix - Creative; digital; website services;Tech Stack/Ops;Deliverables;;0.5;2026-03-11 19:49:54.379+00;2026-03
Spreadsheets updates;Hydrian - Marketing services;Other;ToDos;;;2026-03-11 19:45:52.759+00;2026-03
Put together thoughts for event strategy for Robotics Invest;Ideometry;Strategy/Research;ToDos;;;2026-03-11 19:42:12.927+00;2026-03
Update image ad creative package [ABM];Data Assessment Solutions - Ongoing Marketing Services;Design/Creative;Deliverables;10;;2026-03-11 19:03:39.472+00;2026-03
Develop an sales enablement PDF [Internal Differentiation Sheet];iCorps - Marketing Services;Content Creation;Deliverables;8;;2026-03-11 18:24:15.457+00;2026-03
Set up ABM [Value Disruptors Discussion];Ecosystems - Ongoing Marketing Services;ABM;Deliverables;10;;2026-03-11 17:25:46.564+00;2026-03
Pause campaigns;Powerhouse Gym - Creative; digital; website services;Paid Media;Deliverables;;0.5;2026-03-11 17:16:46.276+00;2026-03
Send email with follow up items from the call;Techmode - Marketing services;Account Management;ToDos;;;2026-03-11 16:56:44.922+00;2026-03
Create & send newsletter - Benchmark Calculator;Global Shared Services - Marketing Services;Content Creation;Deliverables;8;;2026-03-11 16:12:25.15+00;2026-03
Develop proposal (points/timeline) for 1:Few ABM;PTO Exchange - Marketing Services;ABM;ToDos;;;2026-03-11 15:46:42.638+00;2026-03
Set up guest booking outreach (March);Ease - Podcast Services;Podcast;Deliverables;8;;2026-03-11 15:29:03.836+00;2026-03
Allow 'Anyone Can Edit' on Figma files;iCorps - Marketing Services;Other;ToDos;;;2026-03-11 15:15:41.149+00;2026-03
Create SEO blog inspired by transcript - bio waste;BioSafe - Marketing services;SEO/AEO;Deliverables;10;;2026-03-11 14:30:10.083+00;2026-03
Set up paid media / ABM (Life Sciences);BioSafe - Marketing services;Paid Media;Deliverables;5;;2026-03-11 14:29:33.017+00;2026-03
Set Up ABM (Life Sciences);BioSafe - Marketing services;ABM;Deliverables;10;;2026-03-11 14:29:28.94+00;2026-03
Develop outreach sequence - White Paper;Sedra Solutions - Marketing services;ABM;Deliverables;5;;2026-03-11 13:09:55.079+00;2026-03
[STRATEGY] Update landing pages;PTO Exchange - Marketing Services;Web Development;Deliverables;10;;2026-03-11 12:13:38.702+00;2026-03
Write Scripts for Social Clips - Microsoft;Syncro - Content marketing services;Video;Deliverables;3;;2026-03-11 11:36:02.741+00;2026-03
Develop dynamic outreach sequence (x3);Acacia Advisors - Ongoing Marketing Services;ABM;Deliverables;24;;2026-03-11 03:09:10.955+00;2026-03
Develop image ad creative package;Planon - Marketing Services;Design/Creative;Deliverables;10;;2026-03-11 02:42:55.608+00;2026-03
Develop ABM Plan Document;Rezku POS - Ongoing Services - Post AGE;ABM;Deliverables;30;;2026-03-10 20:54:39.756+00;2026-03
Review Supplier Portal One Pager;DocLib - Ongoing Services;Design/Creative;ToDos;;;2026-03-10 20:25:37.667+00;2026-03
Complete Asset intake;DocLib - Ongoing Services;Other;ToDos;;;2026-03-10 19:57:24.123+00;2026-03
Supplier Portal One Pager;DocLib - Ongoing Services;Design/Creative;Deliverables;8;;2026-03-10 19:57:12.886+00;2026-03
Design Forrester Briefing Side Deck;ThreatMark - Marketing services;Design/Creative;Deliverables;10;;2026-03-10 18:55:31.527+00;2026-03
Review ABM Sequencing;BioSafe - Marketing services;ABM;ToDos;;;2026-03-10 18:48:43.259+00;2026-03
Create nurture list: contacts with 5+ email clicks;iCorps - Marketing Services;Tech Stack/Ops;ToDos;;1.5;2026-03-10 17:02:45.287+00;2026-03
Develop outreach sequence [High-Engagement Account Outreach];Data Assessment Solutions - Ongoing Marketing Services;ABM;Deliverables;5;;2026-03-10 16:45:25.623+00;2026-03
Develop proposal: Intelligent Automation Awareness Video for the RICOH Pro VC80000;Ricoh - Marketing services;Video;ToDos;;;2026-03-10 13:27:59.185+00;2026-03
86e04na3e - VITAL - The Flywheel Effect - Gerri Detweiler;VITAL - Marketing services;Podcast;Deliverables;10;;2026-03-10 12:08:55.338+00;2026-03
Distribute episode - Gina Ive;Verisk - Marketing services;Podcast;Deliverables;3;;2026-03-10 11:29:49.176+00;2026-03
Verisk & MID slide deck;Verisk - Marketing services;Design/Creative;ToDos;;;2026-03-10 10:53:18.581+00;2026-03
Distribute Episode - Book Session - Calms and Highs: Lessons from "The Long Way" for Business Owners;VITAL - Marketing services;Podcast;Deliverables;0;;2026-03-10 10:41:33.175+00;2026-03
Conduct Alignment Meeting;RoboHead - Aligned Growth Engine Launch;Account Management;Deliverables;;;2026-03-10 03:11:45.91+00;2026-03
Develop outreach sequence;Planon - Marketing Services;ABM;Deliverables;5;;2026-03-10 01:55:49.037+00;2026-03
Final revision of the short blog;Bazaarvoice - Content marketing services;Content Creation;ToDos;;0.5;2026-03-09 23:55:03.004+00;2026-03
Develop Messaging Plan Document;Acacia Advisors - Ongoing Marketing Services;Strategy/Research;Deliverables;35;;2026-03-09 20:03:55.52+00;2026-03
Develop dynamic outreach sequence [Value Disruptors Discussion];Ecosystems - Ongoing Marketing Services;ABM;Deliverables;8;;2026-03-09 19:44:16.949+00;2026-03
Update ABM assets based on feedback;Gallagher & Mohan - Ongoing Marketing Services - Post AGE;ABM;ToDos;;;2026-03-09 18:53:28.414+00;2026-03
Develop new marketing roadmap;Ecosystems - Ongoing Marketing Services;Strategy/Research;ToDos;;;2026-03-09 16:54:45.982+00;2026-03
[OPS] Develop lead management dashboard;PTO Exchange - Marketing Services;Tech Stack/Ops;Deliverables;10;;2026-03-09 14:56:37.527+00;2026-03
Update AirOps flow;VITAL - Marketing services;Tech Stack/Ops;ToDos;;2.0;2026-03-09 13:51:26.646+00;2026-03
Set all MQLs Lead Status = New;PTO Exchange - Marketing Services;Tech Stack/Ops;ToDos;;0.3;2026-03-09 13:39:43.478+00;2026-03
Prepare Hubspot SMS Training for Milan for Monday meeting;Powerhouse Gym - Creative; digital; website services;Account Management;ToDos;;;2026-03-09 13:09:51.921+00;2026-03
Set up revised Google PPC campaigns;New North;Paid Media;Deliverables;;;2026-03-08 19:49:04.321+00;2026-03
Create Client Channel in Slack;Ecosystems - Ongoing Marketing Services;Account Management;ToDos;;;2026-03-08 19:48:39.194+00;2026-03
Update Meta descriptions - (Homepage);BioSafe - Marketing services;SEO/AEO;Deliverables;2;;2026-03-06 22:41:03.79+00;2026-03
[OPS] Fix Workflow Issues;PTO Exchange - Marketing Services;Tech Stack/Ops;ToDos;;2.0;2026-03-06 21:45:36.623+00;2026-03
Set up SMS Workflows;Powerhouse Gym - Creative; digital; website services;Tech Stack/Ops;ToDos;;;2026-03-06 21:16:36.342+00;2026-03
Review video strategy;Syncro - Content marketing services;Strategy/Research;ToDos;;;2026-03-06 19:45:38.606+00;2026-03
Develop Document with Best Practices for Meta Ads;Powerhouse Gym - Creative; digital; website services;Content Creation;ToDos;;;2026-03-06 19:08:15.034+00;2026-03
Transport Topics - Blog Post Copy - RoadSigns Extended Cut with TruckDown;Transport Topics - Blog Post Bundle;Content Creation;Deliverables;5;;2026-03-06 19:08:05.793+00;2026-03
Tech stack (March);BioSafe - Marketing services;Tech Stack/Ops;Deliverables;27;;2026-03-06 19:07:22.493+00;2026-03
Set up campaign [Insurance Brokers / Channel Partners];PTO Exchange - Marketing Services;ABM;Deliverables;5;;2026-03-06 18:05:42.785+00;2026-03
Website Edits Part 2;Kersten Talent Capital - Aligned Growth Engine Ongoing Services;Web Development;Deliverables;;;2026-03-06 18:05:10.816+00;2026-03
Create custom box design;ThreatMark - Marketing services;Design/Creative;Deliverables;8;;2026-03-06 15:48:23.349+00;2026-03
Update messaging versions;Rezku POS - Ongoing Services - Post AGE;Content Creation;ToDos;;;2026-03-06 15:48:18.719+00;2026-03
Newsletter optimization;Aquatic Informatics - Ongoing Marketing Services;Content Creation;Deliverables;5;;2026-03-06 15:30:10.008+00;2026-03
Edits to 86dzhxzkb - EASE - Shop Floor, Top Floor Talk Show - Anne Trobaugh;Ease - Podcast Services;Podcast;ToDos;;;2026-03-06 15:26:55.682+00;2026-03
Testing & validation;Aquatic Informatics - Ongoing Marketing Services;Tech Stack/Ops;Deliverables;100;;2026-03-06 15:24:40.273+00;2026-03
Develop SEO blog post [real estate accounting];Gallagher & Mohan - Ongoing Marketing Services - Post AGE;Content Creation;Deliverables;10;;2026-03-06 11:52:32.097+00;2026-03
[OPS] Develop Marketing Dashboard;PTO Exchange - Marketing Services;Tech Stack/Ops;Deliverables;10;;2026-03-06 11:20:05.262+00;2026-03
[OPS] Benchmark Report Workflow: Full Mapping;PTO Exchange - Marketing Services;Tech Stack/Ops;ToDos;;0.5;2026-03-06 10:42:01.066+00;2026-03
[OPS] Investigate Workflow: The BNFT Shift (email);PTO Exchange - Marketing Services;Tech Stack/Ops;ToDos;;0.5;2026-03-06 10:41:28.712+00;2026-03
Export white logos from Kinsta;Rugged Robotics - Marketing services;Design/Creative;ToDos;;0.3;2026-03-06 10:33:27.959+00;2026-03
Develop image ad creative package;New North;Design/Creative;Deliverables;10;;2026-03-06 02:40:57.732+00;2026-03
[OPS] HubSpot Broker Data Cleanup + Automation Guardrails;PTO Exchange - Marketing Services;Tech Stack/Ops;Deliverables;5;;2026-03-05 19:33:06.239+00;2026-03
Pick a topic from the content calendar for the first internal interview (deprioritized);Washington Speakers Bureau - Ongoing Marketing Services;Content Creation;ToDos;;;2026-03-05 18:30:00.279+00;2026-03
Set up AirOps writing workflow;Sedra Solutions - Marketing services;Tech Stack/Ops;ToDos;;;2026-03-05 18:03:44.041+00;2026-03
Vectorize Logo & Create Variations;AutoBytes - 2026 Services;Design/Creative;Deliverables;0;;2026-03-05 18:02:26.14+00;2026-03
Add brand IG to multisocial workflow;VITAL - Marketing services;Tech Stack/Ops;ToDos;;2.0;2026-03-05 17:44:55.097+00;2026-03
Schedule sales training OR record video;PTO Exchange - Marketing Services;Video;ToDos;;;2026-03-05 16:41:12.669+00;2026-03
Develop web page [PDF Case Study];Rugged Robotics - Marketing services;Web Development;Deliverables;12;;2026-03-05 16:18:41.376+00;2026-03
Tech stack (March);Techmode - Marketing services;Tech Stack/Ops;Deliverables;5;;2026-03-05 15:13:52.258+00;2026-03
Fix spreadsheet - Hydrian Engaged Contacts;Hydrian - Marketing services;Tech Stack/Ops;ToDos;;;2026-03-05 15:12:56.837+00;2026-03
Tech stack (March);Ease - Podcast Services;Tech Stack/Ops;Deliverables;10;;2026-03-05 15:11:11.602+00;2026-03
Prep for Ecosystems meeting (check description);Ecosystems - Ongoing Marketing Services;Account Management;ToDos;;;2026-03-05 14:58:58.038+00;2026-03
[OPS] Update HubSpot workflows to suppress marketing emails after meeting is booked;PTO Exchange - Marketing Services;Tech Stack/Ops;ToDos;;1.3;2026-03-05 13:44:43.693+00;2026-03
Tech stack (March);Verisk - Marketing services;Tech Stack/Ops;Deliverables;5;;2026-03-05 13:03:57.311+00;2026-03
Export from Figma to Adobe;ThreatMark - Marketing services;Design/Creative;ToDos;;;2026-03-05 12:32:28.033+00;2026-03
86dzy7kt4 - Inside Tracker - Longevity by Design - Dr. Andrea Maier;Inside Tracker - Podcast services;Podcast;Deliverables;10;;2026-03-05 11:13:49.817+00;2026-03
Validate Google Workspace access;Kersten Talent Capital - Aligned Growth Engine Ongoing Services;Tech Stack/Ops;ToDos;;;2026-03-05 04:41:55.041+00;2026-03
Review SEO Plan;Washington Speakers Bureau - Ongoing Marketing Services;SEO/AEO;ToDos;;;2026-03-04 22:08:54.53+00;2026-03
[OPS] Perform contact quality improvements: duplicates, invalids, disengaged;PTO Exchange - Marketing Services;Tech Stack/Ops;ToDos;;0.5;2026-03-04 21:06:48.127+00;2026-03
Review task specs for video testimonial revision;VITAL - Marketing services;Video;ToDos;;;2026-03-04 21:06:39.592+00;2026-03
Technical Support - Banking Fraud Summit Site;ThreatMark - Marketing services;Web Development;Deliverables;;;2026-03-04 19:07:17.062+00;2026-03
Update Booth Graphic V5;ThreatMark - Marketing services;Design/Creative;Deliverables;;;2026-03-04 19:07:04.431+00;2026-03
Update performance reporting dashboard;iCorps - Marketing Services;Performance/Reporting;ToDos;;0.7;2026-03-04 19:04:40.539+00;2026-03
Update performance reporting dashboard;Agrippon - Marketing services;Performance/Reporting;ToDos;;;2026-03-04 17:35:35.875+00;2026-03
Interview questions;Hydrian - Marketing services;Content Creation;ToDos;;;2026-03-04 17:34:30.671+00;2026-03
Podcast Page;Ease - Podcast Services;Web Development;ToDos;;;2026-03-04 16:47:18.2+00;2026-03
[Operations] Tech stack - (March);Washington Speakers Bureau - Ongoing Marketing Services;Tech Stack/Ops;Deliverables;5;;2026-03-04 16:46:57.768+00;2026-03
[OPS] Analyze 52 HubSpot workflow errors;PTO Exchange - Marketing Services;Tech Stack/Ops;Deliverables;10;;2026-03-04 16:39:57.855+00;2026-03
Develop dynamic email sequence;Kersten Talent Capital - Aligned Growth Engine Ongoing Services;Content Creation;Deliverables;8;;2026-03-04 16:38:00.244+00;2026-03
Develop Brand Package;Kersten Talent Capital - Aligned Growth Engine Ongoing Services;Design/Creative;Deliverables;20;;2026-03-04 16:36:25.942+00;2026-03
Create short videos for Bazaarvoice Summit;Bazaarvoice - Content marketing services;Video;Deliverables;10;;2026-03-04 15:50:19.357+00;2026-03
Update survey landing page;Hydrian - Marketing services;Web Development;ToDos;;;2026-03-04 14:36:19.266+00;2026-03
Spec sales enablement content;iCorps - Marketing Services;Content Creation;ToDos;;;2026-03-04 11:51:40.035+00;2026-03
Prepare list of all active email workflows;PTO Exchange - Marketing Services;Tech Stack/Ops;ToDos;;;2026-03-04 10:31:34.237+00;2026-03
Develop 3-month points plan;Agrippon - Marketing services;Strategy/Research;ToDos;;;2026-03-04 06:04:32.889+00;2026-03
[STRATEGY] Report on CTA/popup performance;PTO Exchange - Marketing Services;Performance/Reporting;ToDos;;;2026-03-04 05:30:47.819+00;2026-03
Compare old vs. new brief to update points;Bazaarvoice - Content marketing services;Strategy/Research;ToDos;;;2026-03-03 23:36:24.294+00;2026-03
Review deck documents;Milestone Towers - Ongoing Marketing Services;Account Management;ToDos;;;2026-03-03 23:14:30.964+00;2026-03
ABM email sequence;Kersten Talent Capital - Aligned Growth Engine Ongoing Services;ABM;ToDos;;;2026-03-03 22:30:12.149+00;2026-03
Conduct kickoff;RoboHead - Aligned Growth Engine Launch;Account Management;Deliverables;0;;2026-03-03 20:56:25.031+00;2026-03
Set Up ABM - Accounting Services & New CFO Services;Global Shared Services - Marketing Services;ABM;Deliverables;3;;2026-03-03 19:43:33.262+00;2026-03
Record intro for Episode Gina Ive;Verisk - Marketing services;Podcast;ToDos;;;2026-03-03 18:34:02.96+00;2026-03
Client feedback Pat Sullivan blog outline;Verisk - Marketing services;Content Creation;ToDos;;;2026-03-03 18:33:58.779+00;2026-03
Develop image ad creative package [ABM Update];Agrippon - Marketing services;Design/Creative;Deliverables;10;;2026-03-03 18:25:26.837+00;2026-03
[STRATEGY] UX Intelligence (HotJar);PTO Exchange - Marketing Services;Strategy/Research;ToDos;;;2026-03-03 18:25:07.084+00;2026-03
Connect VITAL Facebook + Instagram;VITAL - Marketing services;Tech Stack/Ops;ToDos;;;2026-03-03 17:48:20.553+00;2026-03
Send Igor video recording on how to edit in Descript;VITAL - Marketing services;Video;ToDos;;;2026-03-03 17:29:41.024+00;2026-03
Complete asset intake/access form;Acacia Advisors - Ongoing Marketing Services;Account Management;ToDos;;;2026-03-03 16:01:21.668+00;2026-03
Transport Topics - Blog Post Copy - RoadSigns Extended Cut with Cox Automotive (02/2026);Transport Topics - Blog Post Bundle;Content Creation;Deliverables;5;;2026-03-03 15:10:40.048+00;2026-03
Configure additional paid media campaign - SMB ;Techmode - Marketing services;Paid Media;Deliverables;3;;2026-03-03 14:42:56.673+00;2026-03
[STRATEGY] Enrich contacts with personal email addresses;PTO Exchange - Marketing Services;Strategy/Research;ToDos;;1.5;2026-03-03 14:39:50.144+00;2026-03
Design One Pager - Treatment Facility;AutoBytes - 2026 Services;Design/Creative;Deliverables;8;;2026-03-03 13:20:34.825+00;2026-03
Edits to 86dzwc95b - Verisk - The Marketing Rapport - Gina Ive;Verisk - Marketing services;Podcast;ToDos;;;2026-03-03 12:38:27.351+00;2026-03
Develop images for Total IP Address;Verisk - Marketing services;Design/Creative;Deliverables;5;;2026-03-03 11:15:41.545+00;2026-03
[STRATEGY] Import Contacts into HubSpot (Healthcare Enterprise ABM and Current ABM LinkedIn Ads);PTO Exchange - Marketing Services;Tech Stack/Ops;ToDos;;1.0;2026-03-03 10:28:25.777+00;2026-03
Review and edit episode assets;VITAL - Marketing services;Podcast;ToDos;;;2026-03-03 01:33:35.506+00;2026-03
Update location pages (preview pages) and publish;iCorps - Marketing Services;Web Development;ToDos;;1.0;2026-03-02 19:55:45.474+00;2026-03
[Management] Manage paid media - (February);Washington Speakers Bureau - Ongoing Marketing Services;Paid Media;Deliverables;20;;2026-03-02 19:54:39.466+00;2026-03
Set up AirOps writing workflow;Numeric - Podcast services;Tech Stack/Ops;Deliverables;;;2026-03-02 19:06:27.414+00;2026-03
Create speaking highlight video - Josh's NCUMA AI Presentation;Tyfone - Content marketing services;Video;Deliverables;15;;2026-03-02 18:52:27.627+00;2026-03
Blog Workflow Optimization;BioSafe - Marketing services;Tech Stack/Ops;ToDos;;;2026-03-02 15:16:36.583+00;2026-03
Manage content (February);BioSafe - Marketing services;Content Creation;Deliverables;10;;2026-03-02 15:15:33.3+00;2026-03
Develop outreach sequence to promote Bazaarvoice Summit playbook;Bazaarvoice - Content marketing services;ABM;Deliverables;0;;2026-03-02 13:58:16.493+00;2026-03
Tech stack (March);Tyfone - Content marketing services;Tech Stack/Ops;Deliverables;5;;2026-03-02 13:31:06.091+00;2026-03
Website Hosting;Wilburn - Content marketing services;Web Development;Deliverables;2;;2026-03-02 13:28:02.112+00;2026-03
Website Hosting (March);Rod Miller - Content marketing services;Web Development;Deliverables;2;;2026-03-02 12:57:00.628+00;2026-03
Tech stack (March);NEACH - Content marketing services;Tech Stack/Ops;Deliverables;6;;2026-03-02 12:55:18.821+00;2026-03
Tech stack (March);Milestone Towers - Ongoing Marketing Services;Tech Stack/Ops;Deliverables;5;;2026-03-02 12:55:05.997+00;2026-03
Tech stack (March);Inside Tracker - Podcast services;Tech Stack/Ops;Deliverables;5;;2026-03-02 12:54:11.484+00;2026-03
Design LinkedIn Carousel to promote the playbook;Bazaarvoice - Content marketing services;Design/Creative;Deliverables;0;;2026-03-02 06:58:46.219+00;2026-03
Create social posts - ProSource Summit;VITAL - Marketing services;Content Creation;Deliverables;0;;2026-03-02 06:53:53.653+00;2026-03
Banking Summit Training Prep;ThreatMark - Marketing services;Account Management;ToDos;;;2026-03-02 04:08:06.664+00;2026-03
Set up asset intake for Syncro platforms;Syncro - Content marketing services;Tech Stack/Ops;ToDos;;;2026-03-02 04:02:16.551+00;2026-03
Manage paid media (February);New North;Paid Media;Deliverables;8;;2026-03-02 03:15:09.439+00;2026-03
Manage web (February);New North;Web Development;Deliverables;5;;2026-03-02 03:15:09.439+00;2026-03
Manage web - February;Ideometry;Web Development;Deliverables;5;;2026-03-02 03:15:09.439+00;2026-03
Support Request Window (February);PTO Exchange - Marketing Services;Account Management;Deliverables;;;2026-02-28 07:03:48.119+00;2026-02
Update all ABM assets: additional service offerings;Gallagher & Mohan - Ongoing Marketing Services - Post AGE;ABM;ToDos;;;2026-02-28 07:03:32.007+00;2026-02
Edits to 86dzk5e08 - VITAL - The Flywheel Effect - Matt Bernath;VITAL - Marketing services;Video;ToDos;;;2026-02-28 00:22:11.987+00;2026-02
Review Feedback from Client on Video;Planon - Marketing Services;Video;ToDos;;1.7;2026-02-27 22:36:39.987+00;2026-02
Manage paid media - February;ThreatMark - Marketing services;Paid Media;Deliverables;8;;2026-02-27 22:05:08.861+00;2026-02
Manage web (February);Techmode - Marketing services;Web Development;Deliverables;5;;2026-02-27 20:42:05.416+00;2026-02
Add task to review Meta descriptions;BioSafe - Marketing services;SEO/AEO;ToDos;;;2026-02-27 20:41:36.546+00;2026-02
Tech stack;Rezku POS - Ongoing Services - Post AGE;Tech Stack/Ops;Deliverables;19;;2026-02-27 20:05:30.867+00;2026-02
Assign edits to Episode Gina Ive;Verisk - Marketing services;Podcast;ToDos;;0.5;2026-02-27 20:03:07.356+00;2026-02
Update Booth Graphics V3;ThreatMark - Marketing services;Design/Creative;Deliverables;;;2026-02-27 19:51:38.733+00;2026-02
Develop Customer Testimonial Videos;ThreatMark - Marketing services;Video;Deliverables;30;;2026-02-27 19:51:19.653+00;2026-02
Manage web - February;ThreatMark - Marketing services;Web Development;Deliverables;5;;2026-02-27 19:51:13.705+00;2026-02
Manage performance reporting - February;ThreatMark - Marketing services;Performance/Reporting;Deliverables;5;;2026-02-27 19:51:01.088+00;2026-02
Manage performance reporting - February;WeFixFreight - Marketing services;Performance/Reporting;Deliverables;5;;2026-02-27 19:50:53.024+00;2026-02
Facilitate Client Meetings - February;ThreatMark - Marketing services;Account Management;Deliverables;10;;2026-02-27 19:50:48.359+00;2026-02
Facilitate Client Meetings - March;ThreatMark - Marketing services;Account Management;Deliverables;10;;2026-02-27 19:50:48.359+00;2026-02
Tech Stack - February;ThreatMark - Marketing services;Tech Stack/Ops;Deliverables;16;;2026-02-27 19:50:46.271+00;2026-02
Manage web - February;WeFixFreight - Marketing services;Web Development;Deliverables;5;;2026-02-27 19:50:44.282+00;2026-02
Manage paid media - February;WeFixFreight - Marketing services;Paid Media;Deliverables;8;;2026-02-27 19:50:42.118+00;2026-02
Facilitate Client Meetings - February;WeFixFreight - Marketing services;Account Management;Deliverables;5;;2026-02-27 19:50:36.324+00;2026-02
Tech stack - February;WeFixFreight - Marketing services;Tech Stack/Ops;Deliverables;5;;2026-02-27 19:50:33.084+00;2026-02
Manage ABM [February];iCorps - Marketing Services;ABM;Deliverables;10;;2026-02-27 19:15:48.625+00;2026-02
Facilitate Client Meetings - February;Ponce Bank - Creative; Digital; and Website Retainer;Account Management;Deliverables;10;;2026-02-27 19:07:24.448+00;2026-02
Design & Launch Newsletter - February;Hydrian - Marketing services;Content Creation;Deliverables;5;;2026-02-27 18:59:00.859+00;2026-02
Manage web (February);Hydrian - Marketing services;Web Development;Deliverables;5;;2026-02-27 18:58:12.513+00;2026-02
Manage paid media (February);Hydrian - Marketing services;Paid Media;Deliverables;8;;2026-02-27 18:58:06.968+00;2026-02
Tech stack (February);Hydrian - Marketing services;Tech Stack/Ops;Deliverables;21;;2026-02-27 18:57:56.854+00;2026-02
Manage social (February);Hydrian - Marketing services;Content Creation;Deliverables;8;;2026-02-27 18:57:07.657+00;2026-02
Manage performance reporting (February);Hydrian - Marketing services;Performance/Reporting;Deliverables;5;;2026-02-27 18:56:59.258+00;2026-02
Facilitate Client Meetings (February);Hydrian - Marketing services;Account Management;Deliverables;10;;2026-02-27 18:56:50.578+00;2026-02
Workflow Update: Blog Thumbnail Prompt Creation;Ease - Podcast Services;Tech Stack/Ops;ToDos;;1.0;2026-02-27 18:38:10.682+00;2026-02
Facilitate Client Meetings (February);Techmode - Marketing services;Account Management;Deliverables;10;;2026-02-27 18:24:40.474+00;2026-02
Manage web (February) ;BioSafe - Marketing services;Web Development;Deliverables;5;;2026-02-27 18:15:24.364+00;2026-02
Manage web (February);Global Shared Services - Marketing Services;Web Development;Deliverables;5;;2026-02-27 17:37:35.673+00;2026-02
[STRATEGY] Adjust Lead Status dropdown options;PTO Exchange - Marketing Services;Strategy/Research;ToDos;;0.3;2026-02-27 17:34:46.858+00;2026-02
Manage SEO (February);Global Shared Services - Marketing Services;SEO/AEO;Deliverables;5;;2026-02-27 17:32:16.317+00;2026-02
Facilitate Client Meetings (February);Global Shared Services - Marketing Services;Account Management;Deliverables;10;;2026-02-27 17:29:18.66+00;2026-02
Manage ABM (February);Global Shared Services - Marketing Services;ABM;Deliverables;10;;2026-02-27 17:27:20.133+00;2026-02
Manage performance reporting (February);BioSafe - Marketing services;Performance/Reporting;Deliverables;5;;2026-02-27 17:27:18.292+00;2026-02
Tech stack (February);Global Shared Services - Marketing Services;Tech Stack/Ops;Deliverables;17;;2026-02-27 17:26:10.413+00;2026-02
Facilitate Client Meetings - February;Aquatic Informatics - Ongoing Marketing Services;Account Management;Deliverables;10;;2026-02-27 17:24:34.942+00;2026-02
ABM Contact List;Kersten Talent Capital - Aligned Growth Engine Ongoing Services;ABM;ToDos;;;2026-02-27 17:24:30.775+00;2026-02
Develop image ad creative package;Kersten Talent Capital - Aligned Growth Engine Ongoing Services;Design/Creative;Deliverables;10;;2026-02-27 17:24:02.87+00;2026-02
Tech stack - February;Aquatic Informatics - Ongoing Marketing Services;Tech Stack/Ops;Deliverables;6;;2026-02-27 17:22:16.681+00;2026-02
[STRATEGY] HubSpot ICP Segmentation;PTO Exchange - Marketing Services;Strategy/Research;Deliverables;5;;2026-02-27 16:29:30.289+00;2026-02
Optimize SEO web page - EDS;BioSafe - Marketing services;SEO/AEO;Deliverables;18;;2026-02-27 15:55:24.01+00;2026-02
Optimized SEO web page - STI Medical Waste Treatment System;BioSafe - Marketing services;SEO/AEO;Deliverables;5;;2026-02-27 15:55:09.618+00;2026-02
Build priority forms (February);Aquatic Informatics - Ongoing Marketing Services;Web Development;Deliverables;5;;2026-02-27 15:51:38.516+00;2026-02
Review ABM email sequence;Gallagher & Mohan - Ongoing Marketing Services - Post AGE;ABM;ToDos;;;2026-02-27 15:23:20.635+00;2026-02
Review ABM playbook;Gallagher & Mohan - Ongoing Marketing Services - Post AGE;ABM;ToDos;;;2026-02-27 15:23:20.635+00;2026-02
Review ABM direct mail designs;Gallagher & Mohan - Ongoing Marketing Services - Post AGE;ABM;ToDos;;;2026-02-27 15:23:20.635+00;2026-02
Review ABM LinkedIn ad setup;Gallagher & Mohan - Ongoing Marketing Services - Post AGE;ABM;ToDos;;;2026-02-27 15:23:20.635+00;2026-02
Review ABM landing page;Gallagher & Mohan - Ongoing Marketing Services - Post AGE;ABM;ToDos;;;2026-02-27 15:23:20.635+00;2026-02
[Management] Facilitate Client Meetings - (February);Washington Speakers Bureau - Ongoing Marketing Services;Account Management;Deliverables;10;;2026-02-27 15:04:14.565+00;2026-02
Develop an infographic [Leave Sharing - Spanish];PTO Exchange - Marketing Services;Design/Creative;Deliverables;8;;2026-02-27 14:57:18.592+00;2026-02
Update slide deck or presentation;Kersten Talent Capital - Aligned Growth Engine Ongoing Services;Design/Creative;Deliverables;15;;2026-02-27 14:29:41.291+00;2026-02
Review Content Plan;Washington Speakers Bureau - Ongoing Marketing Services;Strategy/Research;ToDos;;;2026-02-27 14:28:48.712+00;2026-02
Facilitate Client Meetings (February);BioSafe - Marketing services;Account Management;Deliverables;10;;2026-02-27 14:28:16.683+00;2026-02
Manage paid media (February);BioSafe - Marketing services;Paid Media;Deliverables;8;;2026-02-27 14:27:53.447+00;2026-02
Manage paid media (February);Techmode - Marketing services;Paid Media;Deliverables;8;;2026-02-27 14:27:22.633+00;2026-02
Weekly Client Management - (February);Ease - Podcast Services;Account Management;ToDos;;;2026-02-27 14:27:16.23+00;2026-02
Optimize LinkedIn Campaigns;ThreatMark - Marketing services;Paid Media;Deliverables;;;2026-02-27 14:24:34.894+00;2026-02
Facilitate Client Meetings (February);Ease - Podcast Services;Account Management;Deliverables;10;;2026-02-27 14:12:48.974+00;2026-02
Facilitate Client Meetings - February;Kersten Talent Capital - Aligned Growth Engine Ongoing Services;Account Management;Deliverables;10;;2026-02-27 14:12:32.933+00;2026-02
Post-AGE Client Onboarding;Data Assessment Solutions - Ongoing Marketing Services;Account Management;Deliverables;0;;2026-02-27 13:28:47.903+00;2026-02
Manage paid media [January];Data Assessment Solutions - Ongoing Marketing Services;Paid Media;Deliverables;8;;2026-02-27 13:28:47.903+00;2026-02
Tech stack (November);Data Assessment Solutions - Ongoing Marketing Services;Tech Stack/Ops;Deliverables;10;;2026-02-27 13:28:47.903+00;2026-02
Develop slide deck or presentation;Data Assessment Solutions - Ongoing Marketing Services;Design/Creative;Deliverables;15;;2026-02-27 13:28:47.903+00;2026-02
Facilitate Client Meetings - February;AutoBytes - 2026 Services;Account Management;Deliverables;10;;2026-02-27 12:36:31.311+00;2026-02
Develop social content (Fahad's Page - February);Sedra Solutions - Marketing services;Content Creation;Deliverables;10;;2026-02-27 12:36:29.105+00;2026-02
Manage performance reporting (February);Planon - Marketing Services;Performance/Reporting;Deliverables;5;;2026-02-27 12:36:26.098+00;2026-02
Facilitate Client Meetings (February);Planon - Marketing Services;Account Management;Deliverables;10;;2026-02-27 12:36:23.821+00;2026-02
Tech Stack (February);Planon - Marketing Services;Tech Stack/Ops;Deliverables;19;;2026-02-27 12:36:21.554+00;2026-02
Facilitate Client Meetings (February);Sedra Solutions - Marketing services;Account Management;Deliverables;10;;2026-02-27 12:36:16.512+00;2026-02
Manage ABM (February);Sedra Solutions - Marketing services;ABM;Deliverables;10;;2026-02-27 12:36:14.519+00;2026-02
Tech Stack (February);Sedra Solutions - Marketing services;Tech Stack/Ops;Deliverables;22;;2026-02-27 12:36:05.192+00;2026-02
Manage performance reporting (February);Sedra Solutions - Marketing services;Performance/Reporting;Deliverables;5;;2026-02-27 12:36:03.582+00;2026-02
Manage paid media (February);Sedra Solutions - Marketing services;Paid Media;Deliverables;8;;2026-02-27 12:36:01.322+00;2026-02
Develop social content (Sedra's Page - February);Sedra Solutions - Marketing services;Content Creation;Deliverables;10;;2026-02-27 12:35:40.949+00;2026-02
Manage paid media - February;Powerhouse Gym - Creative; digital; website services;Paid Media;Deliverables;8;;2026-02-27 12:35:33.837+00;2026-02
Facilitate Client Meetings - February;Powerhouse Gym - Creative; digital; website services;Account Management;Deliverables;10;4.0;2026-02-27 12:35:29.813+00;2026-02
Update Accounting Careers Board (February);Numeric - Podcast services;Web Development;Deliverables;6;;2026-02-27 12:35:20.895+00;2026-02
Manage web - February;Sedra Solutions - Marketing services;Web Development;Deliverables;5;;2026-02-27 12:34:47.913+00;2026-02
Hubspot & Paid Media Support - February;Powerhouse Gym - Creative; digital; website services;Tech Stack/Ops;Deliverables;7;;2026-02-27 12:34:43.87+00;2026-02
Move Adroll budget to LinkedIn Campaign;Data Assessment Solutions - Ongoing Marketing Services;Paid Media;ToDos;;0.3;2026-02-27 12:29:26.691+00;2026-02
Design LinkedIn Carousel to promote long-form blog;Bazaarvoice - Content marketing services;Design/Creative;Deliverables;10;;2026-02-27 11:51:37.908+00;2026-02
Facilitate Client Meetings (February);Verisk - Marketing services;Account Management;Deliverables;10;;2026-02-27 11:47:37.547+00;2026-02
Tech stack - February;Acacia Advisors - Ongoing Marketing Services;Tech Stack/Ops;Deliverables;5;;2026-02-27 11:40:08.321+00;2026-02
Manage web - February;FoxyAI - Creative; digital; web services;Web Development;Deliverables;5;;2026-02-27 11:39:42.674+00;2026-02
Facilitate Client Meetings - February;Acacia Advisors - Ongoing Marketing Services;Account Management;Deliverables;10;;2026-02-27 11:39:29.273+00;2026-02
Develop Performance Reporting Plan Document;Acacia Advisors - Ongoing Marketing Services;Performance/Reporting;Deliverables;20;;2026-02-27 11:39:21.959+00;2026-02
Develop ABM Plan Document;Acacia Advisors - Ongoing Marketing Services;ABM;Deliverables;30;;2026-02-27 11:39:14.86+00;2026-02
Manage SEO (February);Numeric - Podcast services;SEO/AEO;Deliverables;5;;2026-02-27 11:36:21.894+00;2026-02
Tech stack (February);Numeric - Podcast services;Tech Stack/Ops;Deliverables;6;;2026-02-27 11:36:20.132+00;2026-02
Facilitate Bi-Weekly Meetings (February);Numeric - Podcast services;Account Management;Deliverables;5;;2026-02-27 11:36:15.244+00;2026-02
Design One Pager - Therapist;AutoBytes - 2026 Services;Design/Creative;Deliverables;8;;2026-02-27 11:35:46.382+00;2026-02
Facilitate Client Meetings (February);VITAL - Marketing services;Account Management;Deliverables;2;;2026-02-27 10:30:25.451+00;2026-02
Update Website;Cybernetix - Creative; digital; website services;Web Development;Deliverables;;0.4;2026-02-27 08:10:09.244+00;2026-02
Review and send options for Salesforce <> HubSpot integration issues;ThreatMark - Marketing services;Tech Stack/Ops;ToDos;;;2026-02-27 04:19:19.798+00;2026-02
Switch to hubspot cookie consent management for all pages on HubSpot CMS;ThreatMark - Marketing services;Tech Stack/Ops;ToDos;;;2026-02-27 04:15:31.531+00;2026-02
Postcard Finalization & Mailing Execution;Ponce Bank - Creative; Digital; and Website Retainer;Design/Creative;Deliverables;12;;2026-02-27 04:08:32.707+00;2026-02
Develop Marketing Roadmap Document;DocLib - ABM Growth Engine;Strategy/Research;Deliverables;40;;2026-02-26 21:26:27.381+00;2026-02
Set up paid media;Powerhouse Gym - Creative; digital; website services;Paid Media;Deliverables;13;;2026-02-26 20:38:09.546+00;2026-02
Configure additional paid media campaign - RingCentral;Techmode - Marketing services;Paid Media;Deliverables;3;;2026-02-26 19:22:30.504+00;2026-02
Manage SEO [February];iCorps - Marketing Services;SEO/AEO;Deliverables;5;;2026-02-26 19:18:35.697+00;2026-02
Tech stack [February];Data Assessment Solutions - Ongoing Marketing Services;Tech Stack/Ops;Deliverables;17;;2026-02-26 19:18:07.667+00;2026-02
Manage paid media [February];Data Assessment Solutions - Ongoing Marketing Services;Paid Media;Deliverables;8;;2026-02-26 19:18:07.667+00;2026-02
Facilitate Client Meetings [February];Data Assessment Solutions - Ongoing Marketing Services;Account Management;Deliverables;10;;2026-02-26 19:18:07.667+00;2026-02
Manage ABM [February];Data Assessment Solutions - Ongoing Marketing Services;ABM;Deliverables;10;;2026-02-26 19:18:07.667+00;2026-02
Manage paid media [February];Agrippon - Marketing services;Paid Media;Deliverables;8;;2026-02-26 19:17:21.678+00;2026-02
Manage paid media [February];Rugged Robotics - Marketing services;Paid Media;Deliverables;8;;2026-02-26 19:17:21.678+00;2026-02
Facilitate Client Meetings [February];Agrippon - Marketing services;Account Management;Deliverables;10;;2026-02-26 19:17:21.678+00;2026-02
Manage ABM [February];Agrippon - Marketing services;ABM;Deliverables;10;;2026-02-26 19:17:21.678+00;2026-02
Manage web [February];Rugged Robotics - Marketing services;Web Development;Deliverables;5;;2026-02-26 19:17:21.678+00;2026-02
Tech stack [February];Gallagher & Mohan - Ongoing Marketing Services - Post AGE;Tech Stack/Ops;Deliverables;8;;2026-02-26 19:17:21.678+00;2026-02
Tech stack [February];Agrippon - Marketing services;Tech Stack/Ops;Deliverables;13;;2026-02-26 19:17:21.678+00;2026-02
Facilitate Client Meetings [February];Rugged Robotics - Marketing services;Account Management;Deliverables;10;;2026-02-26 19:17:21.678+00;2026-02
Facilitate Client Meetings [February];Gallagher & Mohan - Ongoing Marketing Services - Post AGE;Account Management;Deliverables;10;;2026-02-26 19:17:21.678+00;2026-02
Manage ABM [February];Rugged Robotics - Marketing services;ABM;Deliverables;10;;2026-02-26 19:17:21.678+00;2026-02
Tech stack [February];Rugged Robotics - Marketing services;Tech Stack/Ops;Deliverables;10;;2026-02-26 19:17:21.678+00;2026-02
Manage performance reporting [February];Agrippon - Marketing services;Performance/Reporting;Deliverables;5;;2026-02-26 19:17:21.678+00;2026-02
Manage performance reporting [February];iCorps - Marketing Services;Performance/Reporting;Deliverables;5;;2026-02-26 19:15:17.69+00;2026-02
Manage web [February];Ricoh - Marketing services;Web Development;Deliverables;5;;2026-02-26 19:15:17.69+00;2026-02
Tech stack [February];Ricoh - Marketing services;Tech Stack/Ops;Deliverables;5;;2026-02-26 19:15:17.69+00;2026-02
Tech stack [February];iCorps - Marketing Services;Tech Stack/Ops;Deliverables;16;;2026-02-26 19:15:17.69+00;2026-02
Facilitate Client Meetings [February];Ricoh - Marketing services;Account Management;Deliverables;10;;2026-02-26 19:15:17.69+00;2026-02
Facilitate Client Meetings [February];iCorps - Marketing Services;Account Management;Deliverables;10;;2026-02-26 19:15:17.69+00;2026-02
Manage web [February];iCorps - Marketing Services;Web Development;Deliverables;5;;2026-02-26 19:15:17.69+00;2026-02
Manage paid media - February;PTO Exchange - Marketing Services;Paid Media;Deliverables;8;;2026-02-26 19:13:30.923+00;2026-02
Tech stack - February;PTO Exchange - Marketing Services;Tech Stack/Ops;Deliverables;21;;2026-02-26 19:13:23.843+00;2026-02
Facilitate Client Meetings - February;PTO Exchange - Marketing Services;Account Management;Deliverables;10;;2026-02-26 19:13:18.896+00;2026-02
Manage ABM - February;PTO Exchange - Marketing Services;ABM;Deliverables;10;;2026-02-26 19:13:10.83+00;2026-02
Redesign contact page (time-savings messaging);Agrippon - Marketing services;Web Development;ToDos;;;2026-02-26 18:08:56.903+00;2026-02
Develop Brochure [RICOH Predictive Insight];Ricoh - Marketing services;Design/Creative;Deliverables;15;;2026-02-26 17:09:37.233+00;2026-02
[ABM] Enrich contact list for ABM 1:1 Healthcare Campaign;PTO Exchange - Marketing Services;ABM;ToDos;;;2026-02-26 17:02:54.847+00;2026-02
86dzrvxqh - Agrippon - Get Agrippon Claims;Agrippon - Marketing services;Other;Deliverables;10;;2026-02-26 16:54:13.129+00;2026-02
[Operations] Implement Page Redirect;Washington Speakers Bureau - Ongoing Marketing Services;Web Development;Deliverables;1;;2026-02-26 16:14:36.17+00;2026-02
Develop social content (February);Hydrian - Marketing services;Content Creation;Deliverables;4;;2026-02-26 15:49:36.466+00;2026-02
December Website Form Management;Aquatic Informatics - Ongoing Marketing Services;Web Development;Deliverables;5;;2026-02-26 15:41:13.461+00;2026-02
Facilitate Client Meetings (February);NEACH - Content marketing services;Account Management;Deliverables;5;;2026-02-26 09:48:14.974+00;2026-02
Facilitate Client Meetings (February);Inside Tracker - Podcast services;Account Management;Deliverables;5;;2026-02-26 09:47:30.208+00;2026-02
Develop Custom Slide;PTO Exchange - Marketing Services;Design/Creative;Deliverables;;;2026-02-26 04:54:12.006+00;2026-02
February Blog ;FoxyAI - Creative; digital; web services;Content Creation;Deliverables;12;;2026-02-26 01:46:29.573+00;2026-02
[OPS] Update automated HubSpot email: Benchmark Report;PTO Exchange - Marketing Services;Tech Stack/Ops;Deliverables;;;2026-02-25 23:25:10.567+00;2026-02
Creative Brief for Newsletter & Bulletin;ThreatMark - Marketing services;Content Creation;ToDos;;;2026-02-25 20:50:54.087+00;2026-02
Sync on Central Europe Account List;ThreatMark - Marketing services;ABM;ToDos;;;2026-02-25 20:50:50.891+00;2026-02
Share Events List & Requirements;ThreatMark - Marketing services;Other;ToDos;;;2026-02-25 20:50:47.698+00;2026-02
Update Testimonial Slider;ThreatMark - Marketing services;Web Development;Deliverables;;;2026-02-25 20:45:14.552+00;2026-02
Develop Web Updates: Resource;Ricoh - Marketing services;Web Development;Deliverables;5;;2026-02-25 18:00:32.937+00;2026-02
Tech stack (February);Techmode - Marketing services;Tech Stack/Ops;Deliverables;5;;2026-02-25 16:27:06.279+00;2026-02
Tech stack (January);Techmode - Marketing services;Tech Stack/Ops;Deliverables;5;;2026-02-25 16:26:40.472+00;2026-02
Revise blog;Bazaarvoice - Content marketing services;Content Creation;ToDos;;1.0;2026-02-25 16:12:59.861+00;2026-02
Manage guest booking services;Ease - Podcast Services;Podcast;Deliverables;8;;2026-02-25 16:00:46.301+00;2026-02
Episode edits - Dr. Uri Alon;Inside Tracker - Podcast services;Podcast;ToDos;;;2026-02-25 15:37:23.438+00;2026-02
Kick off deck review;Milestone Towers - Ongoing Marketing Services;Account Management;ToDos;;;2026-02-25 13:51:04.302+00;2026-02
Manage paid media (February);Verisk - Marketing services;Paid Media;Deliverables;4;;2026-02-25 13:12:29.667+00;2026-02
86dzwc95b - Verisk - The Marketing Rapport - Gina Ive;Verisk - Marketing services;Podcast;Deliverables;10;;2026-02-25 13:11:52.334+00;2026-02
Facilitate Client Meetings (February);Syncro - Content marketing services;Account Management;Deliverables;3;;2026-02-25 11:40:51.514+00;2026-02
Create social posts for Episode Patrick Martinez;VITAL - Marketing services;Podcast;ToDos;;1.0;2026-02-25 06:25:27.664+00;2026-02
Design One Pager - Employer;AutoBytes - 2026 Services;Design/Creative;Deliverables;8;2.0;2026-02-25 02:56:04.659+00;2026-02
Tech stack (February);BioSafe - Marketing services;Tech Stack/Ops;Deliverables;27;;2026-02-24 20:50:23.594+00;2026-02
Troubleshoot form fills on Website & LInkedIn;Sedra Solutions - Marketing services;Web Development;ToDos;;;2026-02-24 19:55:07.332+00;2026-02
Set up SMS campaigns in Hubspot;Powerhouse Gym - Creative; digital; website services;Tech Stack/Ops;Deliverables;;;2026-02-24 19:35:03.476+00;2026-02
Update Booth Graphics;ThreatMark - Marketing services;Design/Creative;Deliverables;;;2026-02-24 19:33:54.251+00;2026-02
[Operations] Investigate HubSpot Sequence Reporting;Washington Speakers Bureau - Ongoing Marketing Services;Tech Stack/Ops;Deliverables;1;;2026-02-24 19:08:27.504+00;2026-02
Tech stack - February;Kersten Talent Capital - Aligned Growth Engine Ongoing Services;Tech Stack/Ops;Deliverables;6;;2026-02-24 16:48:04.074+00;2026-02
Edit Website Footer;Kersten Talent Capital - Aligned Growth Engine Ongoing Services;Web Development;ToDos;;;2026-02-24 16:36:29.824+00;2026-02
Review sales enablement content;iCorps - Marketing Services;Content Creation;ToDos;;;2026-02-24 16:33:58.127+00;2026-02
[SEO/AEO/GEO] Create a Google Review Strategy;Washington Speakers Bureau - Ongoing Marketing Services;SEO/AEO;Deliverables;1;;2026-02-24 15:51:22.707+00;2026-02
Manage SEO (February);BioSafe - Marketing services;SEO/AEO;Deliverables;5;;2026-02-24 15:51:02.042+00;2026-02
Website updates: Location-based pages;iCorps - Marketing Services;Web Development;ToDos;;1.5;2026-02-24 15:05:51.508+00;2026-02
Update guest booking page for Market the Machines;Ideometry;Podcast;ToDos;;;2026-02-24 14:36:23.171+00;2026-02
Watch Fireflies recording;Washington Speakers Bureau - Ongoing Marketing Services;Other;ToDos;;1.0;2026-02-24 14:01:13.758+00;2026-02
[OPS] Update all website forms (require business email);PTO Exchange - Marketing Services;Web Development;ToDos;;1.3;2026-02-24 13:56:34.57+00;2026-02
Assign edits for the latest episode with Matt and Brent;VITAL - Marketing services;Podcast;ToDos;;0.5;2026-02-24 13:34:01.798+00;2026-02
Review projects / set up tasks;PTO Exchange - Marketing Services;Other;ToDos;;;2026-02-24 12:33:34.305+00;2026-02
Client review design package and intro music;NEACH - Content marketing services;Podcast;ToDos;;;2026-02-24 12:25:22.419+00;2026-02
Client review - long-form blog graphics;Bazaarvoice - Content marketing services;Design/Creative;ToDos;;;2026-02-24 12:25:12.757+00;2026-02
Client review - LinkedIn carousel copy;Bazaarvoice - Content marketing services;Content Creation;ToDos;;;2026-02-24 12:25:03.916+00;2026-02
Manage web (February);Rod Miller - Content marketing services;Web Development;Deliverables;5;;2026-02-24 12:24:23.529+00;2026-02
Manage web (February);Wilburn - Content marketing services;Web Development;Deliverables;5;;2026-02-24 12:24:02.823+00;2026-02
Manage web (February);VITAL - Marketing services;Web Development;Deliverables;5;;2026-02-24 12:23:41.565+00;2026-02
Build & Integration: Design templates and content modules;Ponce Bank - Website design and development;Web Development;Deliverables;285;;2026-02-23 23:07:33.628+00;2026-02
Develop ABM Plan Document;Hydrian - Marketing services;ABM;Deliverables;30;;2026-02-23 23:05:21.726+00;2026-02
Once GIFS are approved, repurpose content;BioSafe - Marketing services;Content Creation;ToDos;;;2026-02-23 21:59:15.855+00;2026-02
Backlinking opportunities;BioSafe - Marketing services;SEO/AEO;ToDos;;;2026-02-23 21:59:09.07+00;2026-02
Once website is launched, create task to update paid media links;BioSafe - Marketing services;Paid Media;ToDos;;;2026-02-23 21:58:59.479+00;2026-02
Develop interactive benchmark report;Global Shared Services - Marketing Services;Web Development;Deliverables;8;;2026-02-23 21:16:42.1+00;2026-02
Set up Corporate Partnership Lead Capture;Powerhouse Gym - Creative; digital; website services;Tech Stack/Ops;Deliverables;2;;2026-02-23 17:27:52.508+00;2026-02
Look into staying up to date with current events around the speaker + holidays;Washington Speakers Bureau - Ongoing Marketing Services;Content Creation;ToDos;;;2026-02-23 16:10:01.658+00;2026-02
Manage paid media (February);Rod Miller - Content marketing services;Paid Media;Deliverables;8;;2026-02-23 14:59:31.662+00;2026-02
Update my LinkedIn Profile;New North;Other;ToDos;;;2026-02-23 14:46:50.006+00;2026-02
Generate 385 MQLs by the end of December, continuing top-of-funnel MQL generation through ABM and organic channels.;iCorps - Marketing Services;Strategy/Research;Goals;;;2026-02-23 14:40:12.211+00;2026-02
86dztppxp - Inside Tracker - Longevity by Design - Dr. Uri Alon ;Inside Tracker - Podcast services;Podcast;Deliverables;10;;2026-02-23 14:07:39.026+00;2026-02
Develop Brand Guidelines for Robotics Tech Week;Cybernetix - Creative; digital; website services;Design/Creative;Deliverables;19;;2026-02-23 12:58:30.446+00;2026-02
Manage social (February);VITAL - Marketing services;Content Creation;Deliverables;10;;2026-02-23 11:14:54.997+00;2026-02
Develop Hosts Section;Cybernetix - Creative; digital; website services;Web Development;Deliverables;5;;2026-02-23 10:59:41.783+00;2026-02
Update lead scoring;PTO Exchange - Marketing Services;Tech Stack/Ops;ToDos;;;2026-02-23 03:29:36.945+00;2026-02
Develop Marketing Research Document;DocLib - ABM Growth Engine;Strategy/Research;Deliverables;20;;2026-02-23 02:08:35.165+00;2026-02
Review flyer: Retirement (Mann Eye Institute);PTO Exchange - Marketing Services;Design/Creative;ToDos;;;2026-02-22 09:32:08.552+00;2026-02
Review ABM playbook: Healthcare Burnout Prevention;PTO Exchange - Marketing Services;ABM;ToDos;;;2026-02-22 09:32:08.552+00;2026-02
Review ABM infographic: Multi-Generational Benefits;PTO Exchange - Marketing Services;ABM;ToDos;;;2026-02-22 09:32:08.552+00;2026-02
Review flyer: HSA (Mann Eye Institute);PTO Exchange - Marketing Services;Design/Creative;ToDos;;;2026-02-22 09:32:08.552+00;2026-02
Brainstorm solutions: time objection;Agrippon - Marketing services;Strategy/Research;ToDos;;;2026-02-22 06:02:27.463+00;2026-02
Develop outreach sequence [Healthcare ABM: Burnout Prevention];PTO Exchange - Marketing Services;ABM;Deliverables;5;;2026-02-22 05:53:29.05+00;2026-02
Revise sales messaging;Bazaarvoice - Content marketing services;Content Creation;ToDos;;2.0;2026-02-21 05:18:27.261+00;2026-02
Update Testimonial Slider Refresh;ThreatMark - Marketing services;Web Development;Deliverables;;;2026-02-20 18:17:26.813+00;2026-02
Develop SEO blog post - Short-form: Eguide promotional blog;Bazaarvoice - Content marketing services;SEO/AEO;Deliverables;10;;2026-02-20 17:20:41.725+00;2026-02
Facilitate Client Meetings (February);Tyfone - Content marketing services;Account Management;Deliverables;5;;2026-02-20 17:02:36.389+00;2026-02
Develop blog template;Techmode - Marketing services;Web Development;Deliverables;12;;2026-02-20 15:56:58.409+00;2026-02
[SEO/AEO/GEO] Create recommendations & designs for AEO/SEO topic pages;Washington Speakers Bureau - Ongoing Marketing Services;SEO/AEO;Deliverables;8;;2026-02-20 15:56:34.327+00;2026-02
[SEO/AEO/GEO] Create recommendations for AEO/SEO speaker pages;Washington Speakers Bureau - Ongoing Marketing Services;SEO/AEO;Deliverables;8;;2026-02-20 15:56:09.663+00;2026-02
Review WSB Agency Improvements Suggestions;Washington Speakers Bureau - Ongoing Marketing Services;Account Management;ToDos;;1.0;2026-02-20 15:34:25.092+00;2026-02
Create new Google Ads account;Ponce Bank - Creative; Digital; and Website Retainer;Paid Media;Deliverables;2;;2026-02-20 15:24:48.01+00;2026-02
Workflow Setup - Multi-Social Posts Grid;VITAL - Marketing services;Tech Stack/Ops;ToDos;;1.0;2026-02-20 15:06:40.553+00;2026-02
Set Up ABM - AI Demo;Sedra Solutions - Marketing services;ABM;Deliverables;10;;2026-02-20 14:52:04.035+00;2026-02
Edits to 86dzg5r8b - VITAL - The Flywheel Effect - Patrick Martinez;VITAL - Marketing services;Podcast;ToDos;;;2026-02-20 13:05:24.216+00;2026-02
Hubspot and Datatrak Sync;Powerhouse Gym - Creative; digital; website services;Tech Stack/Ops;Deliverables;2;;2026-02-20 12:34:14.628+00;2026-02
Update Website Content;FoxyAI - Creative; digital; web services;Web Development;Deliverables;120;;2026-02-20 03:46:02.332+00;2026-02
Share a list of speakers "in need" and "timely/relevant" that agents are pushing.;Washington Speakers Bureau - Ongoing Marketing Services;Strategy/Research;ToDos;;;2026-02-19 23:44:08.823+00;2026-02
Update Website;Engage USA - Website Project;Web Development;Deliverables;;;2026-02-19 23:21:23.202+00;2026-02
Develop Website Plan Document;Engage USA - Website Project;Web Development;Deliverables;50;;2026-02-19 23:21:11.93+00;2026-02
Create and update thumbnails on LinkedIn and YouTube;BioSafe - Marketing services;Design/Creative;Deliverables;10;;2026-02-19 22:57:51.273+00;2026-02
Write up a plan for Barb;Aquatic Informatics - Additional Q4 Marketing Services Support;Strategy/Research;ToDos;;;2026-02-19 22:37:38.616+00;2026-02
[SEO/AEO/GEO] Develop AEO/SEO video recommendations;Washington Speakers Bureau - Ongoing Marketing Services;SEO/AEO;Deliverables;3;;2026-02-19 21:32:13.324+00;2026-02
Update Creatives PSD3 & Regulations;ThreatMark - Marketing services;Design/Creative;ToDos;;;2026-02-19 21:31:32.694+00;2026-02
Develop Booth Graphics Design;ThreatMark - Marketing services;Design/Creative;Deliverables;8;;2026-02-19 21:13:25.238+00;2026-02
Develop web page;ThreatMark - Marketing services;Web Development;Deliverables;12;;2026-02-19 21:07:12.482+00;2026-02
Look into Schema importance;Washington Speakers Bureau - Ongoing Marketing Services;SEO/AEO;ToDos;;;2026-02-19 18:22:09.156+00;2026-02
Create short highlight videos for Bazaarvoice Summit;Bazaarvoice - Content marketing services;Video;Deliverables;20;;2026-02-19 17:41:34.923+00;2026-02
Short videos deliverables guidance;Bazaarvoice - Content marketing services;Video;ToDos;;;2026-02-19 17:38:17.276+00;2026-02
Manage social (February);NEACH - Content marketing services;Content Creation;Deliverables;4;;2026-02-19 17:05:06.867+00;2026-02
Distribute blog - From Bottleneck to Breakthrough;VITAL - Marketing services;Content Creation;Deliverables;;;2026-02-19 15:35:27.471+00;2026-02
Client review - long-form blog sales promo messaging;Bazaarvoice - Content marketing services;Content Creation;ToDos;;;2026-02-19 15:17:23.492+00;2026-02
Develop SEO blog post - Corporate office cleaning;Wilburn - Content marketing services;SEO/AEO;Deliverables;10;;2026-02-19 15:00:20.086+00;2026-02
Develop thought leadership blog post - HVAC surge protection;Rod Miller - Content marketing services;Content Creation;Deliverables;10;;2026-02-19 15:00:12.693+00;2026-02
Prepare Agenda for ABM Planning Workshop;Rezku POS - Ongoing Services - Post AGE;ABM;ToDos;;;2026-02-19 13:26:11.534+00;2026-02
Review website feedback;Kersten Talent Capital - Aligned Growth Engine Ongoing Services;Web Development;ToDos;;;2026-02-19 05:21:38.86+00;2026-02
Create social posts for Episode Matt Bernath;VITAL - Marketing services;Podcast;ToDos;;1.0;2026-02-19 04:56:38.891+00;2026-02
Review owner.com for SMS+Website marketing plan;Rezku POS - Ongoing Services - Post AGE;Strategy/Research;ToDos;;;2026-02-19 04:44:18.733+00;2026-02
Prep ideas for weekly meeting;Agrippon - Marketing services;Account Management;ToDos;;;2026-02-19 04:23:15.474+00;2026-02
ThreatMark HubSpot issue;ThreatMark - Marketing services;Tech Stack/Ops;ToDos;;;2026-02-19 03:07:55.627+00;2026-02
Conduct Alignment Meeting;DocLib - ABM Growth Engine;Account Management;Deliverables;;;2026-02-19 02:58:07.022+00;2026-02
Add Graham and Marck to the Slack Channel;Washington Speakers Bureau - Ongoing Marketing Services;Account Management;ToDos;;;2026-02-19 02:47:56.502+00;2026-02
Develop Video Plan Document (Short-Form, General, STI, EDS);BioSafe - Marketing services;Video;Deliverables;20;;2026-02-18 23:29:06.023+00;2026-02
[Content] Redesign blog page with categories;Washington Speakers Bureau - Ongoing Marketing Services;Web Development;Deliverables;8;;2026-02-18 22:46:58.639+00;2026-02
[SEO/AEO/GEO] Develop SEO/AEO/GEO Audit & Plan Document;Washington Speakers Bureau - Ongoing Marketing Services;SEO/AEO;Deliverables;25;;2026-02-18 22:42:37.855+00;2026-02
[Content] Develop Content Plan Document;Washington Speakers Bureau - Ongoing Marketing Services;Content Creation;Deliverables;30;;2026-02-18 22:41:31.466+00;2026-02
Get access to Paid Media;Washington Speakers Bureau - Ongoing Marketing Services;Paid Media;ToDos;;;2026-02-18 22:18:40.943+00;2026-02
Set up ABM template;ThreatMark - Marketing services;ABM;Deliverables;5;;2026-02-18 21:08:59.199+00;2026-02
WSB - SEO Thought Leadership Articles Grid  Setup;Washington Speakers Bureau - Ongoing Marketing Services;SEO/AEO;ToDos;;0.5;2026-02-18 20:26:53.647+00;2026-02
Update Website;ThreatMark - Marketing services;Web Development;Deliverables;;;2026-02-18 20:21:43.335+00;2026-02
WSB - Show Notes Grid Setup;Washington Speakers Bureau - Ongoing Marketing Services;Podcast;ToDos;;0.5;2026-02-18 20:03:22.178+00;2026-02
Develop thought leadership blog post - Myths of outsourcing accounting;Global Shared Services - Marketing Services;Content Creation;Deliverables;12;;2026-02-18 19:45:38.205+00;2026-02
Update Newsletter creative;ThreatMark - Marketing services;Design/Creative;Deliverables;;;2026-02-18 17:19:39.631+00;2026-02
Price Offer Landing Page;Techmode - Marketing services;Web Development;Deliverables;;;2026-02-18 17:08:16.866+00;2026-02
Migrate bankingfraudsummit.com to HubSpot CMS;ThreatMark - Marketing services;Web Development;Deliverables;35;;2026-02-18 16:37:54.053+00;2026-02
Patrick Martinez episode page;VITAL - Marketing services;Podcast;ToDos;;0.5;2026-02-18 15:05:11.054+00;2026-02
Podcast Page Updates;Ease - Podcast Services;Podcast;Deliverables;;;2026-02-18 13:09:05.484+00;2026-02
Instructions for Episode Gina Ive;Verisk - Marketing services;Podcast;ToDos;;;2026-02-18 12:53:00.322+00;2026-02
Assign Patrick Martinez assets revision;VITAL - Marketing services;Podcast;ToDos;;0.5;2026-02-18 12:09:12.571+00;2026-02
Create tasks to develop event posts;VITAL - Marketing services;Content Creation;ToDos;;;2026-02-18 11:29:29.159+00;2026-02
Distribute episode - CES;Verisk - Marketing services;Podcast;Deliverables;3;;2026-02-18 10:57:54.735+00;2026-02
86dzgwepv - Inside Tracker - Longevity by Design - Dr. Paola Sebastiani;Inside Tracker - Podcast services;Podcast;Deliverables;10;;2026-02-18 09:48:39.741+00;2026-02
Develop Messaging Plan Document - Batch Attribute Append Campaign;Verisk - Marketing services;Strategy/Research;Deliverables;8;;2026-02-18 08:26:46.467+00;2026-02
Analysis of HubSpot workflows;PTO Exchange - Marketing Services;Tech Stack/Ops;ToDos;;;2026-02-18 03:37:35.614+00;2026-02
Review audit feedback;PTO Exchange - Marketing Services;Account Management;ToDos;;;2026-02-18 02:34:21.339+00;2026-02
Sales Training Hubspot (Setup workshop with Threatmark);ThreatMark - Marketing services;Tech Stack/Ops;ToDos;;;2026-02-18 00:43:31.63+00;2026-02
Develop blog post - executive leadership themes;Ease - Podcast Services;Content Creation;Deliverables;12;;2026-02-17 16:16:10.529+00;2026-02
CES Episode Revision;Verisk - Marketing services;Podcast;ToDos;;;2026-02-17 15:12:40.498+00;2026-02
Review collateral feedback and update postcard;Ponce Bank - Creative; Digital; and Website Retainer;Design/Creative;ToDos;;;2026-02-17 03:27:03.319+00;2026-02
Meeting follow-up;Data Assessment Solutions - Ongoing Marketing Services;Account Management;ToDos;;;2026-02-17 03:22:31.095+00;2026-02
Implement Feedback to RingCentral Page;Techmode - Marketing services;Web Development;ToDos;;;2026-02-17 03:12:15.505+00;2026-02
Launch parallel operations;Aquatic Informatics - Ongoing Marketing Services;Other;Deliverables;100;;2026-02-16 22:04:45.747+00;2026-02
Edits to 207 postcard v2;Ponce Bank - Creative; Digital; and Website Retainer;Design/Creative;Deliverables;10;;2026-02-16 18:28:16.078+00;2026-02
Restore Password-protected Pages;Encamp - Brand activation project;Web Development;Deliverables;;;2026-02-16 14:33:09.258+00;2026-02
Update button on career page;Encamp - Brand activation project;Web Development;Deliverables;;0.5;2026-02-16 13:47:55.165+00;2026-02
Edit blog post based on feedback;Bazaarvoice - Content marketing services;Content Creation;ToDos;;2.0;2026-02-14 03:00:55.889+00;2026-02
Add ABM Competitive Intelligence Report and Demand Gen to Ideometry Website;Ideometry;Web Development;Deliverables;;;2026-02-13 22:39:14.161+00;2026-02
Create updated brand kit for Robotics Invest 2026;Cybernetix - Creative; digital; website services;Design/Creative;Deliverables;34;;2026-02-13 22:10:14.263+00;2026-02
Develop image ad creative package;ThreatMark - Marketing services;Design/Creative;Deliverables;10;;2026-02-13 21:47:18.84+00;2026-02
Create tasks for custom thumbnails for LinkedIn content;BioSafe - Marketing services;Design/Creative;ToDos;;;2026-02-13 21:29:37.765+00;2026-02
Client feedback - Pat Sullivan blog angle/approach;Verisk - Marketing services;Content Creation;ToDos;;;2026-02-13 18:30:58.254+00;2026-02
Client feedback CES Episode;Verisk - Marketing services;Podcast;ToDos;;;2026-02-13 18:30:55.045+00;2026-02
Configure additional paid media campaign;Data Assessment Solutions - Ongoing Marketing Services;Paid Media;Deliverables;3;;2026-02-13 18:13:27.938+00;2026-02
Double check points plan;Milestone Towers - Aligned Growth Engine;Other;ToDos;;;2026-02-13 18:01:48.357+00;2026-02
Develop LinkedIn carousel - Checklist from HR 2808 Guide;Verisk - Marketing services;Content Creation;Deliverables;10;;2026-02-13 17:22:55.492+00;2026-02
Fix Hubspot to Salesforce errors;Washington Speakers Bureau - Ongoing Marketing Services;Tech Stack/Ops;ToDos;;0.4;2026-02-13 17:08:16.938+00;2026-02
Click2Mail: Direct Mail Design Concepts;Gallagher & Mohan - Ongoing Marketing Services - Post AGE;Design/Creative;ToDos;;;2026-02-13 16:10:07.831+00;2026-02
Review agenda for tomorrow;PTO Exchange - Marketing Services;Account Management;ToDos;;;2026-02-13 15:54:49.655+00;2026-02
Create agenda for salesforce meeting;Aquatic Informatics - Additional Q4 Marketing Services Support;Account Management;ToDos;;;2026-02-13 15:54:29.299+00;2026-02
HubSpot Meeting notes;Ponce Bank - Creative; Digital; and Website Retainer;Account Management;ToDos;;;2026-02-13 15:53:53.843+00;2026-02
Transfer Podcast Templates to Canva & Create Social Designs;Numeric - Podcast services;Podcast;Deliverables;8;;2026-02-13 12:52:18.373+00;2026-02
Client review Payments on Tap Content Plan;NEACH - Content marketing services;Account Management;ToDos;;;2026-02-13 11:57:00.636+00;2026-02
Develop social content (February);NEACH - Content marketing services;Content Creation;Deliverables;8;;2026-02-13 11:56:38.852+00;2026-02
Develop infographics for Bazaarvoice Summit (deprioritized);Bazaarvoice - Content marketing services;Design/Creative;Deliverables;0;;2026-02-13 11:54:13.412+00;2026-02
Distribute Episode - Patrick Martinez;VITAL - Marketing services;Podcast;Deliverables;0;;2026-02-13 11:33:53.068+00;2026-02
Develop outreach sequence to promote Bazaarvoice thought leadership blog;Bazaarvoice - Content marketing services;Content Creation;Deliverables;7;;2026-02-13 11:33:07.857+00;2026-02
Review website tasks;FoxyAI - Creative; digital; web services;Web Development;ToDos;;;2026-02-13 05:41:27.978+00;2026-02
Invite client to slack;DocLib - ABM Growth Engine;Account Management;ToDos;;;2026-02-13 05:33:04.63+00;2026-02
Invite Rezku to slack & ask about NDA;Rezku POS - Ongoing Services - Post AGE;Account Management;ToDos;;;2026-02-13 05:31:29.304+00;2026-02
Develop Robotics Tech Week Webpage;Cybernetix - Creative; digital; website services;Web Development;Deliverables;18;;2026-02-12 23:17:50.645+00;2026-02
Conduct kickoff;DocLib - ABM Growth Engine;Account Management;Deliverables;0;;2026-02-12 21:08:10.98+00;2026-02
Design web page [ABM Solution Page - Retail Firms];Gallagher & Mohan - Ongoing Marketing Services - Post AGE;Design/Creative;Deliverables;10;;2026-02-12 18:20:38.576+00;2026-02
Manage paid media [January];iCorps - Marketing Services;Paid Media;Deliverables;8;;2026-02-12 17:00:10.182+00;2026-02
Design web page [Gated Content Page];Gallagher & Mohan - Ongoing Marketing Services - Post AGE;Design/Creative;Deliverables;10;;2026-02-12 16:40:16.558+00;2026-02
Set Up Project Request Submission – Other – MID20252047;Verisk - Marketing services;Tech Stack/Ops;ToDos;;;2026-02-12 16:28:45.07+00;2026-02
86dzn04wf - Verisk - The Marketing Rapport - CES episode;Verisk - Marketing services;Podcast;Deliverables;16;;2026-02-12 16:15:33.842+00;2026-02
86dzm9ud4 - NEACH - Wrestling Payments - William Sullivan;NEACH - Content marketing services;Podcast;Deliverables;10;;2026-02-12 16:09:44.183+00;2026-02
Create Campaign Configuration Guide;iCorps - Marketing Services;Content Creation;Deliverables;;1.2;2026-02-12 15:52:34.882+00;2026-02
Develop image ad creative package - HR 2808 MOFU creatives refresh;Verisk - Marketing services;Design/Creative;Deliverables;10;;2026-02-12 14:20:15.108+00;2026-02
Develop image ad creative package - HR 2808 TOFU creatives refresh;Verisk - Marketing services;Design/Creative;Deliverables;18;;2026-02-12 14:14:17.627+00;2026-02
Website Edits;Cybernetix - Creative; digital; website services;Web Development;Deliverables;1;1.0;2026-02-12 14:07:19.58+00;2026-02
86dzk54hg - Tyfone - Digital Banking Podcast - Monica Parks;Tyfone - Content marketing services;Podcast;Deliverables;14;;2026-02-12 13:20:00.106+00;2026-02
86dzew0ja - Inside Tracker - Longevity by Design - Dr. Louise Hecker;Inside Tracker - Podcast services;Podcast;Deliverables;10;;2026-02-12 11:35:27.045+00;2026-02
Prepare SEO proposal;PTO Exchange - Marketing Services;SEO/AEO;ToDos;;;2026-02-12 06:54:21.869+00;2026-02
Develop content reconciliation;PTO Exchange - Marketing Services;Content Creation;ToDos;;;2026-02-12 06:36:26.47+00;2026-02
Research video styles: animated video;Ricoh - Marketing services;Video;ToDos;;;2026-02-12 04:40:03.995+00;2026-02
Research SaaS landing pages;Agrippon - Marketing services;Strategy/Research;ToDos;;;2026-02-12 03:35:54.532+00;2026-02
Develop Databox Dashboard;FoxyAI - Creative; digital; web services;Tech Stack/Ops;Deliverables;10;;2026-02-11 21:37:25.656+00;2026-02
86dzn0yu4 - Unspoken Security - Unspoken Security - Bob Fabien "BZ" Zinga;AJ Nash - Podcast services;Podcast;Deliverables;12;;2026-02-11 21:10:55.737+00;2026-02
Website Issues & Regression Report (Feb 10);Encamp - Brand activation project;Web Development;Deliverables;;;2026-02-11 20:14:18.103+00;2026-02
Encamp Hand Off;Encamp - Brand activation project;Account Management;Deliverables;;;2026-02-11 20:14:01.452+00;2026-02
Update Website;Encamp - Brand activation project;Web Development;Deliverables;;;2026-02-11 20:13:48.517+00;2026-02
Develop Social Posts - MBA Servicing Conference ;FoxyAI - Creative; digital; web services;Content Creation;Deliverables;;;2026-02-11 18:43:06.488+00;2026-02
Batch Attribute Append campaign;Verisk - Marketing services;ABM;ToDos;;;2026-02-11 18:39:32.909+00;2026-02
Approve Model Library page copy;FoxyAI - Creative; digital; web services;Content Creation;ToDos;;;2026-02-11 17:00:13.21+00;2026-02
Develop social content (February);VITAL - Marketing services;Content Creation;Deliverables;20;;2026-02-11 13:29:19.773+00;2026-02
Distribute blog - The Leadership Trap: When Growth Becomes a Grind;VITAL - Marketing services;Content Creation;Deliverables;;;2026-02-11 13:28:56.01+00;2026-02
86dzk5e08 - VITAL - The Flywheel Effect - Book Session - Calms and Highs: Lessons from "The Long Way" for Business Owners;VITAL - Marketing services;Podcast;Deliverables;10;;2026-02-11 13:28:24.025+00;2026-02
Develop video ad creative package (Procurement Video);Sedra Solutions - Marketing services;Video;Deliverables;15;;2026-02-11 04:38:43.709+00;2026-02
Invite Margaux back to the slack channel;Cybernetix - Creative; digital; website services;Account Management;ToDos;;;2026-02-11 04:26:32.536+00;2026-02
HubSpot Audit: Export properties sheet with new fields;PTO Exchange - Marketing Services;Tech Stack/Ops;ToDos;;;2026-02-11 04:20:17.481+00;2026-02
Review Goals and Points Plan;Washington Speakers Bureau - Ongoing Marketing Services;Account Management;ToDos;;;2026-02-11 01:39:12.608+00;2026-02
Develop new website (port over existing website content and integrate within Hubspot COS);Kersten Talent Capital - Aligned Growth Engine Ongoing Services;Web Development;Deliverables;200;;2026-02-10 21:25:39.711+00;2026-02
Content Strategy & Design: Define page templates and modules;Ponce Bank - Website design and development;Web Development;Deliverables;60;;2026-02-10 21:24:32.711+00;2026-02
Content Strategy & Design: Build new HubSpot email templates;Ponce Bank - Website design and development;Web Development;Deliverables;80;;2026-02-10 21:24:32.711+00;2026-02
Compile list of historic 3+ email clicks;Agrippon - Marketing services;Tech Stack/Ops;ToDos;;1.3;2026-02-10 21:06:23.403+00;2026-02
Publish playbook to website;PTO Exchange - Marketing Services;Web Development;ToDos;;0.5;2026-02-10 20:10:36.557+00;2026-02
Develop benchmark report template;Data Assessment Solutions - Ongoing Marketing Services;Performance/Reporting;Deliverables;8;;2026-02-10 18:33:52.311+00;2026-02
Create social posts for Episode Patrick Martinez;VITAL - Marketing services;Content Creation;ToDos;;2.0;2026-02-10 18:16:23.667+00;2026-02
Client review - full-length videos;Bazaarvoice - Content marketing services;Video;ToDos;;;2026-02-10 18:12:31.44+00;2026-02
Develop Content Plan Document - Payments on Tap Podcast;NEACH - Content marketing services;Strategy/Research;Deliverables;15;;2026-02-10 18:08:18.06+00;2026-02
Create full length video(s) for Bazaarvoice Summit;Bazaarvoice - Content marketing services;Video;Deliverables;10;;2026-02-10 18:04:13.915+00;2026-02
AirOps workflow development - Multi social posts 2;VITAL - Marketing services;Tech Stack/Ops;ToDos;;4.0;2026-02-10 18:03:57.205+00;2026-02
Develop SEO blog post - Long-form: Thought leadership blog + sales messaging;Bazaarvoice - Content marketing services;SEO/AEO;Deliverables;15;;2026-02-10 18:02:28.775+00;2026-02
Translate ABM landing page;Data Assessment Solutions - Ongoing Marketing Services;ABM;ToDos;;;2026-02-10 17:40:28.034+00;2026-02
Enrich for salutations: Google NotebookLM;Data Assessment Solutions - Ongoing Marketing Services;ABM;ToDos;;;2026-02-10 17:40:28.034+00;2026-02
Translate LinkedIn ads;Data Assessment Solutions - Ongoing Marketing Services;ABM;ToDos;;;2026-02-10 17:40:28.034+00;2026-02
Distribute Podcast Episode - Anne Trobaugh;Ease - Podcast Services;Podcast;Deliverables;3;;2026-02-10 15:16:22.525+00;2026-02
Develop image ad creative package [ABM];Gallagher & Mohan - Ongoing Marketing Services - Post AGE;Design/Creative;Deliverables;10;;2026-02-10 15:15:13.674+00;2026-02
SEO and Organic Content Analysis;iCorps - Marketing Services;SEO/AEO;ToDos;;;2026-02-10 13:31:59.993+00;2026-02
Define HubSpot framework for ABM Enterprise tracking;PTO Exchange - Marketing Services;ABM;ToDos;;;2026-02-10 03:36:06.743+00;2026-02
Redo points plan & Respond to email;Milestone Towers - Aligned Growth Engine;Account Management;ToDos;;;2026-02-10 03:03:49.048+00;2026-02
Develop outreach sequence - Accounting Services & New CFO Services;Global Shared Services - Marketing Services;Content Creation;Deliverables;5;;2026-02-09 22:26:34.862+00;2026-02
Develop Marketing Roadmap Document;Acacia Advisors - Aligned Growth Engine Launch;Strategy/Research;Deliverables;40;;2026-02-09 22:05:20.563+00;2026-02
Look into Google Search Console Performance: Impression Drop;iCorps - Marketing Services;SEO/AEO;ToDos;;1.0;2026-02-09 21:18:39.276+00;2026-02
Set up guest booking outreach (February) - Retargeting Campaign;Ease - Podcast Services;Podcast;Deliverables;8;;2026-02-09 20:26:48.001+00;2026-02
Develop web page - RingCentral;Techmode - Marketing services;Web Development;Deliverables;12;;2026-02-09 20:13:14.236+00;2026-02
Develop template - Accounts;Encamp - Brand activation project;Tech Stack/Ops;ToDos;;;2026-02-09 19:59:39.122+00;2026-02
Develop outreach sequence [ABM];Gallagher & Mohan - Ongoing Marketing Services - Post AGE;ABM;Deliverables;5;;2026-02-09 19:35:43.353+00;2026-02
Analyze contact page & develop recommendations;Agrippon - Marketing services;Strategy/Research;ToDos;;;2026-02-09 19:14:42.761+00;2026-02
Research competitor websites: Locations;iCorps - Marketing Services;Strategy/Research;ToDos;;;2026-02-09 16:25:19.872+00;2026-02
2025 Funnel Analysis: MQL > Customer Drop-off;iCorps - Marketing Services;Performance/Reporting;ToDos;;;2026-02-09 16:04:28.899+00;2026-02
Update HubSpot form notifications;Rugged Robotics - Marketing services;Tech Stack/Ops;ToDos;;0.3;2026-02-09 15:48:21.371+00;2026-02
Update staging site footer navigation;Rugged Robotics - Marketing services;Web Development;ToDos;;0.5;2026-02-09 15:48:00.464+00;2026-02
86dzgw75n- Tyfone - Digital Banking Podcast - Keith Smith;Tyfone - Content marketing services;Podcast;Deliverables;14;;2026-02-09 15:42:22.345+00;2026-02
Gather information for direct mail;Gallagher & Mohan - Ongoing Marketing Services - Post AGE;ABM;ToDos;;;2026-02-09 15:19:58.494+00;2026-02
Edits to 86dzg5r8b - VITAL - The Flywheel Effect - Patrick Martinez;VITAL - Marketing services;Podcast;ToDos;;;2026-02-09 15:14:24.774+00;2026-02
Update landing page;Data Assessment Solutions - Ongoing Marketing Services;Web Development;ToDos;;0.5;2026-02-09 12:29:07.441+00;2026-02
Create SEO content calendar;Gallagher & Mohan - Ongoing Marketing Services - Post AGE;SEO/AEO;ToDos;;;2026-02-09 07:16:25.722+00;2026-02
Develop flyer - Mann Eye Institute [Charitable Giving];PTO Exchange - Marketing Services;Design/Creative;Deliverables;8;;2026-02-09 05:12:36.731+00;2026-02
Review ABM contact list;Gallagher & Mohan - Ongoing Marketing Services - Post AGE;ABM;ToDos;;;2026-02-09 04:53:13.624+00;2026-02
Review ABM Plan;Gallagher & Mohan - Ongoing Marketing Services - Post AGE;ABM;ToDos;;;2026-02-09 04:53:11.421+00;2026-02
Review updated landing pages (onboarding support);Agrippon - Marketing services;Web Development;ToDos;;;2026-02-09 04:26:02.839+00;2026-02
EASE - Shop Floor, Top Floor Talk Show - Anne Trobaugh (Part 2);Ease - Podcast Services;Podcast;Deliverables;;;2026-02-06 21:27:39.74+00;2026-02
Review Tyfone and FIsionaries podcasts;Tyfone - Content marketing services;Account Management;ToDos;;;2026-02-06 20:40:03.103+00;2026-02
Approve Advanced Search page copy;FoxyAI - Creative; digital; web services;Content Creation;ToDos;;;2026-02-06 20:14:25.3+00;2026-02
Develop web page [Case study template];Rugged Robotics - Marketing services;Web Development;Deliverables;12;;2026-02-06 19:00:58.921+00;2026-02
Develop a playbook [ABM: Real Estate Scaling Without Headcount];Gallagher & Mohan - Ongoing Marketing Services - Post AGE;ABM;Deliverables;8;;2026-02-06 18:29:59.179+00;2026-02
Develop flyer - Mann Eye Institute [Cash Out];PTO Exchange - Marketing Services;Design/Creative;Deliverables;8;;2026-02-06 18:12:16.934+00;2026-02
Develop 360 PV web page;FoxyAI - Creative; digital; web services;Web Development;Deliverables;12;;2026-02-06 17:04:16.878+00;2026-02
Develop Model Library web page;FoxyAI - Creative; digital; web services;Web Development;Deliverables;12;;2026-02-06 17:04:01.058+00;2026-02
Develop Advanced Search web page;FoxyAI - Creative; digital; web services;Web Development;Deliverables;12;;2026-02-06 17:04:01.058+00;2026-02
Develop Agentic Solutions web page;FoxyAI - Creative; digital; web services;Web Development;Deliverables;12;;2026-02-06 17:04:01.058+00;2026-02
Develop blog post from podcast episode - Anne Trobaugh;Ease - Podcast Services;Content Creation;Deliverables;8;;2026-02-06 15:04:25.947+00;2026-02
86dzhxzkb - EASE - Episode 16 - Anne Trobaugh (Part 1);Ease - Podcast Services;Podcast;Deliverables;10;;2026-02-06 13:48:54.383+00;2026-02
Edits to 86dy0u229 - Numeric - Incoming Statements - Lynne Dimmick;Numeric - Podcast services;Podcast;ToDos;;;2026-02-06 13:04:03.014+00;2026-02
Tech stack (February);Ease - Podcast Services;Tech Stack/Ops;Deliverables;10;;2026-02-06 13:01:48.513+00;2026-02
Edits to 86dyc76bg - Numeric - Incoming Statements - Kevin Moore;Numeric - Podcast services;Podcast;ToDos;;;2026-02-06 12:58:01.405+00;2026-02
Post-Launch Support & QA;Encamp - Brand activation project;Web Development;Deliverables;;;2026-02-06 12:42:56.444+00;2026-02
Edits to 86dzdav9f - Numeric - Incoming Statements - Allen Shim;Numeric - Podcast services;Podcast;ToDos;;;2026-02-06 12:42:23.879+00;2026-02
Create Data Box Dashboards for ABM Campaign;Ideometry;Tech Stack/Ops;Deliverables;;2.5;2026-02-06 09:27:32.419+00;2026-02
Set Up ABM - DACH;Data Assessment Solutions - Ongoing Marketing Services;ABM;Deliverables;10;;2026-02-06 07:27:13.005+00;2026-02
Update ABM email campaign;Data Assessment Solutions - Ongoing Marketing Services;ABM;ToDos;;;2026-02-06 04:29:42.735+00;2026-02
 SMS Compliance & Privacy Page Setup;Powerhouse Gym - Creative; digital; website services;Web Development;Deliverables;2;;2026-02-05 22:13:44.778+00;2026-02
Client Onboarding & Kickoff;Washington Speakers Bureau - Ongoing Marketing Services;Account Management;Deliverables;10;;2026-02-05 20:23:58.066+00;2026-02
Edits to 86dyc70zd - Numeric - Incoming Statements - Heather Planishek;Numeric - Podcast services;Podcast;ToDos;;;2026-02-05 19:13:07.685+00;2026-02
Promote ebook;Global Shared Services - Marketing Services;Content Creation;Deliverables;;;2026-02-05 16:30:39.226+00;2026-02
Add "do not contact" list to outreach tools;Rugged Robotics - Marketing services;ABM;ToDos;;0.3;2026-02-05 14:35:06.355+00;2026-02
Instructions for CES episode;Verisk - Marketing services;Podcast;ToDos;;2.0;2026-02-05 13:05:11.561+00;2026-02
Distribute blog - Why the Best Leaders Start the Year Learning;VITAL - Marketing services;Content Creation;Deliverables;;;2026-02-05 12:59:45.877+00;2026-02
Client review Episode Derrick Aguilar;Tyfone - Content marketing services;Podcast;ToDos;;;2026-02-05 11:58:40.169+00;2026-02
Client review Episode Kosta Scholiadis;Tyfone - Content marketing services;Podcast;ToDos;;;2026-02-05 11:58:38.461+00;2026-02
Invite margaux@cybernetix.vc to external Slack channel;Cybernetix - Creative; digital; website services;Account Management;ToDos;;;2026-02-05 03:45:29.773+00;2026-02
Invite everyone to external Slack channel;Washington Speakers Bureau - Ongoing Marketing Services;Account Management;ToDos;;;2026-02-05 02:59:03.783+00;2026-02
Set up paid media - Robotics ABM;Ideometry;Paid Media;Deliverables;5;;2026-02-05 00:51:44.199+00;2026-02
Salesforce data cleanup;Aquatic Informatics - Ongoing Marketing Services;Tech Stack/Ops;Deliverables;40;;2026-02-04 23:09:19.81+00;2026-02
HubSpot Audit: Outlined Steps;PTO Exchange - Marketing Services;Tech Stack/Ops;ToDos;;;2026-02-04 21:21:01.2+00;2026-02
Develop Content Plan Document;Gallagher & Mohan - Ongoing Marketing Services - Post AGE;Content Creation;Deliverables;30;;2026-02-04 19:23:37.207+00;2026-02
Prep for meeting;Cybernetix - Creative; digital; website services;Account Management;ToDos;;;2026-02-04 19:22:50.912+00;2026-02
Create print-ready design - Swag for Women's Logistics Conference (deprioritized);WeFixFreight - Marketing services;Design/Creative;Deliverables;0;;2026-02-04 15:45:14.805+00;2026-02
Client recordings for TMR compilation;Verisk - Marketing services;Video;ToDos;;;2026-02-04 14:13:21.257+00;2026-02
Develop Marketing Roadmap Document;Milestone Towers - Aligned Growth Engine;Strategy/Research;Deliverables;60;;2026-02-04 13:58:09.543+00;2026-02
86dzg5r8b - VITAL - The Flywheel Effect - Patrick Martinez;VITAL - Marketing services;Podcast;Deliverables;10;;2026-02-04 12:04:19.95+00;2026-02
Develop web page [ABM];Data Assessment Solutions - Ongoing Marketing Services;Web Development;Deliverables;12;;2026-02-04 06:27:03.205+00;2026-02
Set up new ABM list + sequence;Agrippon - Marketing services;ABM;ToDos;;;2026-02-04 06:23:45.911+00;2026-02
Develop flyer - Mann Eye Institute [HSA];PTO Exchange - Marketing Services;Design/Creative;Deliverables;8;;2026-02-04 05:51:46.606+00;2026-02
Develop flyer - Mann Eye Institute [Retirement];PTO Exchange - Marketing Services;Design/Creative;Deliverables;8;;2026-02-04 05:48:04.189+00;2026-02
Build Roadmap;Hydrian - Marketing services;Strategy/Research;ToDos;;;2026-02-04 04:38:29.18+00;2026-02
Review ABM audience - companies spreadsheet;BioSafe - Marketing services;ABM;ToDos;;;2026-02-03 22:42:06.946+00;2026-02
Review ABM outreach sequence;BioSafe - Marketing services;ABM;ToDos;;;2026-02-03 22:42:01.619+00;2026-02
Provide feedback on ABM Life Sciences Image Ads;BioSafe - Marketing services;ABM;ToDos;;;2026-02-03 22:41:59.341+00;2026-02
Provide feedback on ABM survey questions;BioSafe - Marketing services;ABM;ToDos;;;2026-02-03 22:41:57.349+00;2026-02
Review ABM $10K offer web page;BioSafe - Marketing services;ABM;ToDos;;;2026-02-03 22:41:54.668+00;2026-02
Develop Privacy Policy Page;Powerhouse Gym - Creative; digital; website services;Web Development;Deliverables;12;;2026-02-03 22:27:07.033+00;2026-02
Provide feedback on brochure;Hydrian - Marketing services;Design/Creative;ToDos;;;2026-02-03 21:54:17.715+00;2026-02
Provide feedback on LinkedIn Carousel;Hydrian - Marketing services;Design/Creative;ToDos;;;2026-02-03 21:54:14.819+00;2026-02
Manage content (January);BioSafe - Marketing services;Content Creation;Deliverables;10;;2026-02-03 20:04:41.28+00;2026-02
AirOps workflow development - Multi social posts 2;VITAL - Marketing services;Tech Stack/Ops;ToDos;;5.0;2026-02-03 19:48:25.861+00;2026-02
Update staging site based on feedback;Rugged Robotics - Marketing services;Web Development;ToDos;;1.5;2026-02-03 19:28:56.317+00;2026-02
Review and provide feedback on ad copy for ABM Campaign (Life Science);BioSafe - Marketing services;ABM;ToDos;;;2026-02-03 19:24:03.755+00;2026-02
Tech stack (February);Syncro - Content marketing services;Tech Stack/Ops;Deliverables;11;;2026-02-03 16:58:30.877+00;2026-02
Create a dynamic Custom Field for Blog Hero images;Encamp - Brand activation project;Web Development;ToDos;;1.0;2026-02-03 16:54:50.871+00;2026-02
Check Website Hosting;Engage USA - Website Project;Web Development;ToDos;;0.3;2026-02-03 16:49:26.885+00;2026-02
Design LinkedIn Carousel (Hydrian Recap Posts);Hydrian - Marketing services;Design/Creative;Deliverables;6;;2026-02-03 14:49:55.363+00;2026-02
Create compilation video(s) for Bazaarvoice Summit;Bazaarvoice - Content marketing services;Video;Deliverables;0;;2026-02-03 13:36:29.653+00;2026-02
Distribute Episode - Ronald Beckner;VITAL - Marketing services;Podcast;Deliverables;0;;2026-02-03 10:03:20.653+00;2026-02
86dzg5pz7 - Unspoken Security - Galya Westler;AJ Nash - Podcast services;Podcast;Deliverables;12;;2026-02-03 03:12:00.148+00;2026-02
86dzdav9f - Numeric  - Incoming Statements - Allen Shim;Numeric - Podcast services;Podcast;Deliverables;15;;2026-02-03 02:04:09.437+00;2026-02
Manage ABM (January);Sedra Solutions - Marketing services;ABM;Deliverables;10;;2026-02-03 02:03:51.756+00;2026-02
Develop template pages that can be copied from existing ones;Encamp - Brand activation project;Web Development;ToDos;;6.0;2026-02-03 00:01:40.063+00;2026-02
Develop image ad creative package - Robotics ABM (updated);Ideometry;ABM;Deliverables;10;;2026-02-02 22:20:03.865+00;2026-02
Set Up ABM;Ideometry;ABM;Deliverables;10;;2026-02-02 22:19:17.832+00;2026-02
Develop pages from new designs;Encamp - Brand activation project;Web Development;ToDos;;6.0;2026-02-02 22:04:31.858+00;2026-02
Create ABM lists (ABM v4);Agrippon - Marketing services;ABM;ToDos;;;2026-02-02 21:12:37.803+00;2026-02
Update Trial Campaign;Powerhouse Gym - Creative; digital; website services;Paid Media;Deliverables;2;;2026-02-02 19:48:33.67+00;2026-02
Manage paid media (January);Techmode - Marketing services;Paid Media;Deliverables;8;;2026-02-02 19:12:14.309+00;2026-02
Conduct Alignment Meeting;Acacia Advisors - Aligned Growth Engine Launch;Account Management;Deliverables;;;2026-02-02 18:00:39.733+00;2026-02
Implement Carousel on Waste page product images;Encamp - Brand activation project;Web Development;ToDos;;1.0;2026-02-02 16:46:37.863+00;2026-02
Implement navigation bar;Encamp - Brand activation project;Web Development;ToDos;;1.0;2026-02-02 16:46:29.666+00;2026-02
Replace blog images;Rod Miller - Content marketing services;Web Development;ToDos;;0.2;2026-02-02 15:54:47.037+00;2026-02
Develop Marketing Research Document;Acacia Advisors - Aligned Growth Engine Launch;Strategy/Research;Deliverables;20;;2026-02-02 11:42:50.982+00;2026-02
Website Hosting (February);Wilburn - Content marketing services;Web Development;Deliverables;2;;2026-02-02 09:52:02.922+00;2026-02
Tech stack (February);VITAL - Marketing services;Tech Stack/Ops;Deliverables;8;;2026-02-02 09:51:52.166+00;2026-02
Tech stack (February);Verisk - Marketing services;Tech Stack/Ops;Deliverables;5;;2026-02-02 09:50:46.383+00;2026-02
Tech stack (February);Tyfone - Content marketing services;Tech Stack/Ops;Deliverables;5;;2026-02-02 09:50:32.77+00;2026-02
Website Hosting (February);Rod Miller - Content marketing services;Web Development;Deliverables;2;;2026-02-02 09:49:19.523+00;2026-02
Tech stack (February);NEACH - Content marketing services;Tech Stack/Ops;Deliverables;5;;2026-02-02 09:48:53.077+00;2026-02
Tech stack (February);Inside Tracker - Podcast services;Tech Stack/Ops;Deliverables;5;;2026-02-02 09:48:42.557+00;2026-02
Tech stack (February);Bazaarvoice - Content marketing services;Tech Stack/Ops;Deliverables;5;;2026-02-02 09:48:15.683+00;2026-02
Send test emails to Max, Axel, and Bettina;Data Assessment Solutions - Ongoing Marketing Services;Tech Stack/Ops;ToDos;;;2026-02-02 04:35:50.445+00;2026-02
Write out AI Content strategy;FoxyAI - Creative; digital; web services;Strategy/Research;ToDos;;;2026-02-02 03:35:49.679+00;2026-02
Facilitate Client Meetings - January;ThreatMark - Marketing services;Account Management;Deliverables;10;;2026-02-01 15:57:22.937+00;2026-02
Manage paid media - January;ThreatMark - Marketing services;Paid Media;Deliverables;8;;2026-02-01 15:57:13.55+00;2026-02
Tech Stack - January;ThreatMark - Marketing services;Tech Stack/Ops;Deliverables;16;;2026-02-01 15:57:11.745+00;2026-02
Manage web - January;ThreatMark - Marketing services;Web Development;Deliverables;5;;2026-02-01 15:57:09.352+00;2026-02
Manage performance reporting - January;ThreatMark - Marketing services;Performance/Reporting;Deliverables;5;;2026-02-01 15:57:05.569+00;2026-02
Create template page design;Encamp - Brand activation project;Design/Creative;ToDos;;;2026-02-01 15:57:02.273+00;2026-02
Updating Hubspot;Powerhouse Gym - Creative; digital; website services;Tech Stack/Ops;Deliverables;2;;2026-02-01 15:56:31.703+00;2026-02
Update Migration - January pages;Encamp - Brand activation project;Web Development;Deliverables;;;2026-02-01 15:56:27.121+00;2026-02
Develop social content (Fahad's Page - February);Sedra Solutions - Marketing services;Content Creation;Deliverables;10;;2026-01-31 23:07:15.386+00;2026-01
Manage paid media (January);Sedra Solutions - Marketing services;Paid Media;Deliverables;8;;2026-01-31 23:05:19.471+00;2026-01
Manage performance reporting (January);Sedra Solutions - Marketing services;Performance/Reporting;Deliverables;5;;2026-01-31 23:04:03.034+00;2026-01
Manage web (January);Sedra Solutions - Marketing services;Web Development;Deliverables;5;;2026-01-31 23:02:37.43+00;2026-01
Tech Stack (January);Sedra Solutions - Marketing services;Tech Stack/Ops;Deliverables;20;;2026-01-31 23:01:36.75+00;2026-01
Manage ABM (January);Sedra Solutions - Marketing services;ABM;Deliverables;10;;2026-01-31 22:58:14.458+00;2026-01
Facilitate Client Meetings (January);Sedra Solutions - Marketing services;Account Management;Deliverables;10;;2026-01-31 22:56:39.433+00;2026-01
Manage performance reporting (January);Planon - Marketing Services;Performance/Reporting;Deliverables;5;;2026-01-31 22:55:09.698+00;2026-01
Facilitate Client Meetings (January);Planon - Marketing Services;Account Management;Deliverables;10;;2026-01-31 22:55:04.328+00;2026-01
Tech Stack (January);Planon - Marketing Services;Tech Stack/Ops;Deliverables;19;;2026-01-31 22:55:02.33+00;2026-01
Manage SEO [January];iCorps - Marketing Services;SEO/AEO;Deliverables;5;;2026-01-31 19:20:53.873+00;2026-01
Create speaking highlight video - Josh's NACUMA AI Presentation ;Tyfone - Content marketing services;Video;Deliverables;0;;2026-01-31 07:12:23.443+00;2026-01
The Marketing Rapport - Compilation Episode (Deprioritized);Verisk - Marketing services;Podcast;Deliverables;5;;2026-01-31 05:52:01.941+00;2026-01
Draft AIO Content Plan;FoxyAI - Creative; digital; web services;Strategy/Research;Deliverables;10.5;;2026-01-31 00:12:20.004+00;2026-01
January Blog;FoxyAI - Creative; digital; web services;Content Creation;Deliverables;7;;2026-01-31 00:10:57.18+00;2026-01
Develop backend automation for ABM marketing survey ;Ideometry;ABM;Deliverables;12;;2026-01-30 23:20:25.557+00;2026-01
Develop web page - Marketing Assessment (ABM);Ideometry;Web Development;Deliverables;12;;2026-01-30 23:18:27.328+00;2026-01
Encamp Go-Live Punchlist;Encamp - Brand activation project;Web Development;ToDos;;;2026-01-30 21:23:15.266+00;2026-01
Manage web - January;FoxyAI - Creative; digital; web services;Web Development;Deliverables;5;;2026-01-30 20:09:45.095+00;2026-01
Weekly Client Management - (January);Ease - Podcast Services;Account Management;ToDos;;;2026-01-30 20:09:33.44+00;2026-01
Get Familiar with client - Add Management tasks for February;BioSafe - Marketing services;Account Management;ToDos;;;2026-01-30 19:03:16.013+00;2026-01
Tech stack (January);Agrippon - Marketing services;Tech Stack/Ops;Deliverables;14;;2026-01-30 18:28:56.607+00;2026-01
Manage paid media (January);BioSafe - Marketing services;Paid Media;Deliverables;8;;2026-01-30 17:44:15.583+00;2026-01
Tech Stack (January);BioSafe - Marketing services;Tech Stack/Ops;Deliverables;22;;2026-01-30 17:44:04.68+00;2026-01
Manage SEO (January);BioSafe - Marketing services;SEO/AEO;Deliverables;5;;2026-01-30 17:43:46.649+00;2026-01
Manage performance reporting (January);BioSafe - Marketing services;Performance/Reporting;Deliverables;5;;2026-01-30 17:43:24.411+00;2026-01
Manage web (January);BioSafe - Marketing services;Web Development;Deliverables;5;;2026-01-30 17:43:14.151+00;2026-01
Develop web page - SMB;Techmode - Marketing services;Web Development;Deliverables;12;;2026-01-30 17:38:41.109+00;2026-01
Tech stack - January;Aquatic Informatics - Ongoing Marketing Services;Tech Stack/Ops;Deliverables;6;;2026-01-30 17:29:50.769+00;2026-01
Facilitate Client Meetings - January;Aquatic Informatics - Ongoing Marketing Services;Account Management;Deliverables;10;;2026-01-30 17:29:08.082+00;2026-01
Manage SEO (January);Global Shared Services - Marketing Services;SEO/AEO;Deliverables;5;;2026-01-30 17:26:37.352+00;2026-01
Facilitate Client Meetings - January;Ponce Bank - Creative; Digital; and Website Retainer;Account Management;Deliverables;10;;2026-01-30 17:25:33.555+00;2026-01
Develop refreshed outreach sequence for ABM ;Sedra Solutions - Marketing services;ABM;Deliverables;8;;2026-01-30 17:13:05.898+00;2026-01
Facilitate Client Meetings (January);Global Shared Services - Marketing Services;Account Management;Deliverables;10;;2026-01-30 17:05:15.13+00;2026-01
Manage ABM (January);Global Shared Services - Marketing Services;ABM;Deliverables;10;;2026-01-30 17:05:12.515+00;2026-01
Manage web - January;WeFixFreight - Marketing services;Web Development;Deliverables;5;;2026-01-30 16:41:32.358+00;2026-01
Facilitate Client Meetings - January;PTO Exchange - Marketing Services;Account Management;Deliverables;10;;2026-01-30 16:40:42.804+00;2026-01
Manage ABM - January;PTO Exchange - Marketing Services;ABM;Deliverables;10;;2026-01-30 16:40:39.984+00;2026-01
Manage paid media - January;PTO Exchange - Marketing Services;Paid Media;Deliverables;8;;2026-01-30 16:40:37.412+00;2026-01
Tech stack - January;PTO Exchange - Marketing Services;Tech Stack/Ops;Deliverables;21;;2026-01-30 16:40:26.265+00;2026-01
Tech stack - January;WeFixFreight - Marketing services;Tech Stack/Ops;Deliverables;5;;2026-01-30 16:40:21.697+00;2026-01
Manage paid media - January;WeFixFreight - Marketing services;Paid Media;Deliverables;8;;2026-01-30 16:40:18.732+00;2026-01
Facilitate Client Meetings - January;WeFixFreight - Marketing services;Account Management;Deliverables;5;;2026-01-30 16:40:16.517+00;2026-01
Manage paid media;Powerhouse Gym - Creative; digital; website services;Paid Media;Deliverables;4;;2026-01-30 16:40:04.87+00;2026-01
Facilitate Client Meetings - January;Powerhouse Gym - Creative; digital; website services;Account Management;Deliverables;2;;2026-01-30 16:39:53.125+00;2026-01
Manage performance reporting (January);WeFixFreight - Marketing services;Performance/Reporting;Deliverables;5;;2026-01-30 16:39:45.621+00;2026-01
Provide feedback on email blast survey ideas;Hydrian - Marketing services;Content Creation;ToDos;;;2026-01-30 16:33:07.435+00;2026-01
Provide feedback on September newsletter for non-clients (list + platform);Hydrian - Marketing services;Content Creation;ToDos;;;2026-01-30 16:33:03.156+00;2026-01
Tech stack (January);Global Shared Services - Marketing Services;Tech Stack/Ops;Deliverables;15;;2026-01-30 14:37:25.199+00;2026-01
Manage web (January);Global Shared Services - Marketing Services;Web Development;Deliverables;5;;2026-01-30 14:36:05.8+00;2026-01
Build & Integration: Develop data model and custom fields;Ponce Bank - Creative; Digital; and Website Retainer;Tech Stack/Ops;Deliverables;21;;2026-01-30 14:35:32.115+00;2026-01
Manage paid media (January);Hydrian - Marketing services;Paid Media;Deliverables;8;;2026-01-30 14:35:01.923+00;2026-01
86dzevp7q - VITAL - The Flywheel Effect - Ronald Beckner;VITAL - Marketing services;Podcast;Deliverables;10;;2026-01-30 14:24:07.698+00;2026-01
Compile list of all marketing leads;Rugged Robotics - Marketing services;ABM;ToDos;;0.5;2026-01-30 14:17:50.83+00;2026-01
Facilitate Client Meetings (January);Verisk - Marketing services;Account Management;Deliverables;10;;2026-01-30 14:16:50.27+00;2026-01
Manage web (January);Techmode - Marketing services;Web Development;Deliverables;5;;2026-01-30 13:52:34.637+00;2026-01
Facilitate Client Meetings - January;Kersten Talent Capital - Aligned Growth Engine Ongoing Services;Account Management;Deliverables;10;;2026-01-30 13:51:15.417+00;2026-01
Update Accounting Careers Board (January);Numeric - Podcast services;Web Development;Deliverables;6;;2026-01-30 13:50:59.617+00;2026-01
Tech stack [January];Gallagher & Mohan - Ongoing Marketing Services - Post AGE;Tech Stack/Ops;Deliverables;7;;2026-01-30 03:36:32.084+00;2026-01
Facilitate Client Meetings [January];Data Assessment Solutions - Ongoing Marketing Services;Account Management;Deliverables;10;;2026-01-30 03:11:25.173+00;2026-01
Manage ABM [January];Data Assessment Solutions - Ongoing Marketing Services;ABM;Deliverables;10;;2026-01-30 03:11:18.956+00;2026-01
Tech stack [January];Data Assessment Solutions - Ongoing Marketing Services;Tech Stack/Ops;Deliverables;16;;2026-01-30 03:11:13.877+00;2026-01
Manage performance reporting (January);Agrippon - Marketing services;Performance/Reporting;Deliverables;5;;2026-01-30 03:10:47.203+00;2026-01
Manage paid media (January);Agrippon - Marketing services;Paid Media;Deliverables;8;;2026-01-30 03:10:40.861+00;2026-01
Facilitate Client Meetings (January);Agrippon - Marketing services;Account Management;Deliverables;10;;2026-01-30 03:10:34.325+00;2026-01
Manage ABM (January);Agrippon - Marketing services;ABM;Deliverables;10;;2026-01-30 03:10:26.688+00;2026-01
Manage paid media [January];Rugged Robotics - Marketing services;Paid Media;Deliverables;8;;2026-01-30 03:09:54.575+00;2026-01
Manage web [January];Rugged Robotics - Marketing services;Web Development;Deliverables;5;;2026-01-30 03:09:46.459+00;2026-01
Tech stack [January];Rugged Robotics - Marketing services;Tech Stack/Ops;Deliverables;10;;2026-01-30 03:09:37.942+00;2026-01
Facilitate Client Meetings [January];Gallagher & Mohan - Ongoing Marketing Services - Post AGE;Account Management;Deliverables;10;;2026-01-30 03:09:23.618+00;2026-01
Manage web [January];Ricoh - Marketing services;Web Development;Deliverables;5;;2026-01-30 03:09:01.027+00;2026-01
Facilitate Client Meetings [January];Ricoh - Marketing services;Account Management;Deliverables;10;;2026-01-30 03:08:46.563+00;2026-01
Tech stack [January];Ricoh - Marketing services;Tech Stack/Ops;Deliverables;5;;2026-01-30 03:08:40.839+00;2026-01
Manage ABM [January];iCorps - Marketing Services;ABM;Deliverables;10;;2026-01-30 03:08:35.534+00;2026-01
Manage paid media [January];iCorps - Marketing Services;Paid Media;Deliverables;8;;2026-01-30 03:08:25.54+00;2026-01
Facilitate Client Meetings [January];iCorps - Marketing Services;Account Management;Deliverables;10;;2026-01-30 03:08:13.31+00;2026-01
Manage performance reporting [January];iCorps - Marketing Services;Performance/Reporting;Deliverables;5;;2026-01-30 03:08:07.749+00;2026-01
Manage web [January];iCorps - Marketing Services;Web Development;Deliverables;5;;2026-01-30 03:08:01.205+00;2026-01
Tech stack [January];iCorps - Marketing Services;Tech Stack/Ops;Deliverables;16;;2026-01-30 03:07:50.862+00;2026-01
Facilitate Client Meetings [January];Rugged Robotics - Marketing services;Account Management;Deliverables;10;;2026-01-30 03:07:37.073+00;2026-01
Manage performance reporting [January];Rugged Robotics - Marketing services;Performance/Reporting;Deliverables;5;;2026-01-30 03:07:23.695+00;2026-01
Manage ABM [January];Rugged Robotics - Marketing services;ABM;Deliverables;10;;2026-01-30 03:07:12.986+00;2026-01
Create proposed website sitemap / navigation;PTO Exchange - Marketing Services;Strategy/Research;ToDos;;;2026-01-30 02:57:50.76+00;2026-01
Follow up on google ads issue;Ponce Bank - Creative; Digital; and Website Retainer;Paid Media;ToDos;;;2026-01-30 01:49:30.355+00;2026-01
Get Familiar with client;Numeric - Podcast services;Account Management;ToDos;;;2026-01-29 22:47:00.86+00;2026-01
Voiceover options for the show;Kersten Talent Capital - Aligned Growth Engine Ongoing Services;Podcast;ToDos;;;2026-01-29 22:46:51.57+00;2026-01
Background music for the show;Kersten Talent Capital - Aligned Growth Engine Ongoing Services;Podcast;ToDos;;;2026-01-29 22:46:49.279+00;2026-01
Tech Stack (January);Numeric - Podcast services;Tech Stack/Ops;Deliverables;6;;2026-01-29 22:43:58.532+00;2026-01
Resolve All Feedback and QA;Encamp - Brand activation project;Web Development;Deliverables;;;2026-01-29 22:42:41.782+00;2026-01
Facilitate Bi-Weekly Meetings;Numeric - Podcast services;Account Management;Deliverables;5;;2026-01-29 22:33:25.129+00;2026-01
Manage SEO (January);Numeric - Podcast services;SEO/AEO;Deliverables;5;;2026-01-29 22:32:35.438+00;2026-01
Develop web page - 404 Page;Encamp - Brand activation project;Web Development;Deliverables;12;;2026-01-29 21:41:30.22+00;2026-01
HubSpot vs Other CMS: Recommendation Summary;PTO Exchange - Marketing Services;Strategy/Research;ToDos;;;2026-01-29 21:38:57.914+00;2026-01
Prep a recap before call with client;Magnalign - Video Project Bundle;Account Management;ToDos;;;2026-01-29 19:08:46.522+00;2026-01
Update Robotics Invest Website (Placeholders & Dates);Cybernetix - Creative; digital; website services;Web Development;Deliverables;10;;2026-01-29 18:44:49.044+00;2026-01
Facilitate Client Meetings - (January);Inside Tracker - Podcast services;Account Management;Deliverables;5;;2026-01-29 18:40:10.851+00;2026-01
Facilitate Client Meetings (January);NEACH - Content marketing services;Account Management;Deliverables;5;;2026-01-29 18:35:05.457+00;2026-01
Distribute episode - Pat Sullivan;Verisk - Marketing services;Podcast;Deliverables;3;;2026-01-29 18:24:37.178+00;2026-01
Develop & launch January newsletter;Hydrian - Marketing services;Content Creation;Deliverables;5;;2026-01-29 18:00:11.877+00;2026-01
Grid use case for email sequences;Bazaarvoice - Content marketing services;Content Creation;ToDos;;2.0;2026-01-29 17:43:28.298+00;2026-01
Create & send newsletter - The Restaurants’ Cash Playbook 2026;Global Shared Services - Marketing Services;Content Creation;Deliverables;8;;2026-01-29 17:43:24.383+00;2026-01
Update landing page: Microsoft Copilot Consulting;iCorps - Marketing Services;Web Development;ToDos;;0.7;2026-01-29 16:37:34.732+00;2026-01
Manage web (January);Hydrian - Marketing services;Web Development;Deliverables;5;;2026-01-29 15:31:22.672+00;2026-01
Launch website - Ideometry;Ideometry;Web Development;Deliverables;15;;2026-01-29 15:30:55.592+00;2026-01
Develop an infographic [ABM: Healthcare – Burnout Prevention];PTO Exchange - Marketing Services;Design/Creative;Deliverables;8;;2026-01-29 14:46:25.731+00;2026-01
Develop an infographic [ABM: The Multi-Generational Benefits Gap Map];PTO Exchange - Marketing Services;Design/Creative;Deliverables;8;;2026-01-29 14:46:16.037+00;2026-01
Michael's Linkedin Profile;Kersten Talent Capital - Aligned Growth Engine Ongoing Services;Design/Creative;Deliverables;5;;2026-01-29 14:16:59.132+00;2026-01
Manage guest booking services (January);Ease - Podcast Services;Podcast;Deliverables;8;;2026-01-29 14:05:06.1+00;2026-01
Facilitate Client Meetings - (January);Ease - Podcast Services;Account Management;Deliverables;10;;2026-01-29 14:05:01.62+00;2026-01
Manage web (January);Wilburn - Content marketing services;Web Development;Deliverables;5;;2026-01-29 13:57:43.781+00;2026-01
Manage web (January);Rod Miller - Content marketing services;Web Development;Deliverables;5;;2026-01-29 13:56:42.6+00;2026-01
Update website landing pages (Tier Offers);Agrippon - Marketing services;Web Development;ToDos;;1.3;2026-01-29 13:24:13.778+00;2026-01
Review Rezku export;Rezku POS - Aligned Growth Engine Launch;Tech Stack/Ops;ToDos;;;2026-01-29 04:14:11.837+00;2026-01
Develop ABM Plan Document;Gallagher & Mohan - Ongoing Marketing Services - Post AGE;ABM;Deliverables;30;;2026-01-29 04:09:29.134+00;2026-01
Develop Marketing Roadmap Document;Rezku POS - Aligned Growth Engine Launch;Strategy/Research;Deliverables;40;;2026-01-29 03:39:25.043+00;2026-01
ABM Offer: Create structure of 'Industry Benchmark';Data Assessment Solutions - Ongoing Marketing Services;ABM;ToDos;;;2026-01-29 03:38:57.861+00;2026-01
Spec out and update designs/contract/events;FoxyAI - Creative; digital; web services;Design/Creative;ToDos;;;2026-01-29 03:30:19.537+00;2026-01
Manage web (January);New North;Web Development;Deliverables;5;;2026-01-28 22:54:02.59+00;2026-01
Manage paid media (January);New North;Paid Media;Deliverables;8;;2026-01-28 22:53:56.47+00;2026-01
Tech Stack (January);Hydrian - Marketing services;Tech Stack/Ops;Deliverables;24;;2026-01-28 22:22:22.737+00;2026-01
Manage social (January);Hydrian - Marketing services;Content Creation;Deliverables;8;;2026-01-28 22:19:45.922+00;2026-01
Manage performance reporting (January);Hydrian - Marketing services;Performance/Reporting;Deliverables;5;;2026-01-28 22:13:28.174+00;2026-01
Facilitate Client Meetings (January);Hydrian - Marketing services;Account Management;Deliverables;10;;2026-01-28 22:10:26.416+00;2026-01
Review updated design: case study landing page;Rugged Robotics - Marketing services;Design/Creative;ToDos;;;2026-01-28 22:03:47.647+00;2026-01
Finalize ABM Configuration Guide;Rugged Robotics - Marketing services;ABM;ToDos;;0.8;2026-01-28 21:45:46.7+00;2026-01
Redesign Background;Encamp - Brand activation project;Design/Creative;Deliverables;;;2026-01-28 21:23:19.365+00;2026-01
Update Webpages;Encamp - Brand activation project;Web Development;Deliverables;;;2026-01-28 21:22:54.621+00;2026-01
Manage social (January);VITAL - Marketing services;Content Creation;Deliverables;8;;2026-01-28 19:40:59.11+00;2026-01
HubSpot lead scoring;Aquatic Informatics - Additional Q4 Marketing Services Support;Tech Stack/Ops;Deliverables;12;;2026-01-28 18:09:18.353+00;2026-01
Set up SFDC sync;Aquatic Informatics - Ongoing Marketing Services;Tech Stack/Ops;Deliverables;40;;2026-01-28 18:09:00.924+00;2026-01
Develop designs [Inkjet Designs];Ricoh - Marketing services;Design/Creative;Deliverables;10;;2026-01-28 17:09:24.5+00;2026-01
Fix Header in NN Website;New North;Web Development;ToDos;;0.2;2026-01-28 15:38:10.961+00;2026-01
Develop web page - Landing page for Bazaarvoice Summit playbook;Bazaarvoice - Content marketing services;Web Development;Deliverables;0;;2026-01-28 15:16:42.944+00;2026-01
Website Hosting (January);Wilburn - Content marketing services;Web Development;Deliverables;2;;2026-01-28 09:37:14.136+00;2026-01
Facilitate Client Meetings;Tyfone - Content marketing services;Account Management;Deliverables;5;;2026-01-28 09:24:45.608+00;2026-01
NEACH - Wrestling Payments - video podcast episode [Place Holder];NEACH - Content marketing services;Podcast;Deliverables;0;;2026-01-28 08:42:49.01+00;2026-01
NEACH - Wrestling Payments - video podcast episode [Place Holder];NEACH - Content marketing services;Podcast;Deliverables;0;;2026-01-28 08:42:47.161+00;2026-01
Develop episode for a series [Place Holder];Syncro - Content marketing services;Podcast;Deliverables;0;;2026-01-28 08:41:50.647+00;2026-01
Develop episode for a series [Place Holder];Syncro - Content marketing services;Podcast;Deliverables;0;;2026-01-28 08:41:48.56+00;2026-01
Develop episode for a series [Placeholder];Tyfone - Content marketing services;Podcast;Deliverables;0;;2026-01-28 08:40:56.978+00;2026-01
Develop episode for a series [Placeholder];Tyfone - Content marketing services;Podcast;Deliverables;0;;2026-01-28 08:40:54.934+00;2026-01
Develop Episode for Podcast (Placeholder);Verisk - Marketing services;Podcast;Deliverables;0;;2026-01-28 08:39:31.031+00;2026-01
Develop Episode for Podcast (Placeholder);Verisk - Marketing services;Podcast;Deliverables;0;;2026-01-28 08:39:29.026+00;2026-01
Develop Episode for Podcast [Placeholder];VITAL - Marketing services;Podcast;Deliverables;0;;2026-01-28 08:38:57.03+00;2026-01
Develop Episode for Podcast [Placeholder];VITAL - Marketing services;Podcast;Deliverables;0;;2026-01-28 08:38:54.327+00;2026-01
InsideTracker - Longevity by Design - video podcast episode [PLACEHOLDER];Inside Tracker - Podcast services;Podcast;Deliverables;0;;2026-01-28 08:38:12.094+00;2026-01
Develop SEO blog post - Government Building Cleaning (deprioritized);Wilburn - Content marketing services;SEO/AEO;Deliverables;0;;2026-01-28 08:34:19.369+00;2026-01
Manage paid media (January);Verisk - Marketing services;Paid Media;Deliverables;8;;2026-01-28 08:23:07.497+00;2026-01
Manage web (January);VITAL - Marketing services;Web Development;Deliverables;5;;2026-01-28 06:57:18.932+00;2026-01
Hubspot elements for FDE whitepaper;ThreatMark - Marketing services;Web Development;ToDos;;;2026-01-28 05:03:24.139+00;2026-01
Develop ABM Offer Ideas;Gallagher & Mohan - Ongoing Marketing Services - Post AGE;ABM;ToDos;;;2026-01-28 01:54:44.693+00;2026-01
Facilitate Client Meetings (January);Techmode - Marketing services;Account Management;Deliverables;10;;2026-01-27 22:30:38.417+00;2026-01
Develop simple newsletter template;ThreatMark - Marketing services;Content Creation;Deliverables;5;;2026-01-27 20:38:52.088+00;2026-01
Provide feedback on new social designs;BioSafe - Marketing services;Design/Creative;ToDos;;;2026-01-27 18:29:18.229+00;2026-01
Review updated deployable EDS case study;BioSafe - Marketing services;Content Creation;ToDos;;;2026-01-27 18:29:10.978+00;2026-01
Provide ideas on tissue digester case study for ABM;BioSafe - Marketing services;ABM;ToDos;;;2026-01-27 18:29:07.409+00;2026-01
Review AI & Automation Wastewise episode;BioSafe - Marketing services;Podcast;ToDos;;;2026-01-27 18:28:19.449+00;2026-01
Review November organic social posts;BioSafe - Marketing services;Content Creation;ToDos;;;2026-01-27 18:27:06.789+00;2026-01
Facilitate Client Meetings (January);BioSafe - Marketing services;Account Management;Deliverables;10;;2026-01-27 18:25:24.47+00;2026-01
Distribute episode (How Alkaline Hydrolysis Simplifies Safe Medical Waste Disposal);BioSafe - Marketing services;Podcast;Deliverables;3;;2026-01-27 18:25:09.973+00;2026-01
Develop ebook w/ design;Global Shared Services - Marketing Services;Content Creation;Deliverables;30;;2026-01-27 17:30:07.762+00;2026-01
Set up integrations;Aquatic Informatics - Ongoing Marketing Services;Tech Stack/Ops;Deliverables;5;;2026-01-27 17:29:53.652+00;2026-01
Website Reset - 1.27.2026;Techmode - Marketing services;Web Development;Deliverables;5;;2026-01-27 16:51:13.437+00;2026-01
Facilitate Client Meetings (January);VITAL - Marketing services;Account Management;Deliverables;2;;2026-01-27 16:11:12.828+00;2026-01
Develop social content (January);VITAL - Marketing services;Content Creation;Deliverables;20;;2026-01-27 16:11:07.213+00;2026-01
Update executive dashboard;iCorps - Marketing Services;Performance/Reporting;ToDos;;1.0;2026-01-27 16:07:39.789+00;2026-01
Develop social content (January);NEACH - Content marketing services;Content Creation;Deliverables;8;;2026-01-27 15:53:22.554+00;2026-01
Manage paid media (January);Rod Miller - Content marketing services;Paid Media;Deliverables;8;;2026-01-27 12:50:12.229+00;2026-01
Manage guest booking services (January);Syncro - Content marketing services;Podcast;Deliverables;8;;2026-01-27 12:47:49.108+00;2026-01
Facilitate Client Meetings (January);Syncro - Content marketing services;Account Management;Deliverables;2;;2026-01-27 12:42:22.315+00;2026-01
Develop Marketing Research Document;Milestone Towers - Aligned Growth Engine;Strategy/Research;Deliverables;20;;2026-01-27 03:57:44.481+00;2026-01
Migrating LinkedIn Campaign to USD;ThreatMark - Marketing services;Paid Media;ToDos;;;2026-01-27 02:20:43.584+00;2026-01
Review Annual Strategy Meeting Deck;Hydrian - Marketing services;Strategy/Research;ToDos;;;2026-01-26 22:14:43.774+00;2026-01
Develop web page - Portfolio;Ideometry;Web Development;Deliverables;12;;2026-01-26 21:52:08.828+00;2026-01
AirOps workflow development - Multi social posts 1;VITAL - Marketing services;Tech Stack/Ops;ToDos;;4.0;2026-01-26 20:26:44.322+00;2026-01
Set up paid media - Central Europe (CE) Campaign;ThreatMark - Marketing services;Paid Media;Deliverables;5;;2026-01-26 19:34:02.042+00;2026-01
Develop Social Posts - Inman Connect New York 2026;FoxyAI - Creative; digital; web services;Content Creation;Deliverables;;;2026-01-26 18:38:08.683+00;2026-01
Launch website;BioSafe - Marketing services;Web Development;Deliverables;15;;2026-01-26 17:35:45.093+00;2026-01
Develop social content (February);BioSafe - Marketing services;Content Creation;Deliverables;10;;2026-01-26 17:34:05.282+00;2026-01
Confirm MuleSoft dev completion date to enable HubSpot API updates;Ponce Bank - Creative; Digital; and Website Retainer;Tech Stack/Ops;ToDos;;;2026-01-26 17:21:15.189+00;2026-01
Update ABM contact list;Gallagher & Mohan - Ongoing Marketing Services - Post AGE;ABM;ToDos;;;2026-01-26 17:20:47.457+00;2026-01
Develop animated video - Enigma Aerospace (deprioritized);Ideometry;Video;Deliverables;0;;2026-01-26 16:41:12.296+00;2026-01
86dza3rmf - Inside Tracker - Longevity by Design - Dr. David Allison;Inside Tracker - Podcast services;Podcast;Deliverables;10;;2026-01-26 16:17:19.492+00;2026-01
Update website form: Require phone number;Agrippon - Marketing services;Web Development;ToDos;;0.5;2026-01-26 15:53:29.125+00;2026-01
Develop Review Section for the show;Ease - Podcast Services;Podcast;Deliverables;5;;2026-01-26 15:53:14.605+00;2026-01
Content Strategy & Design: Review design concepts and finalize;Ponce Bank - Website design and development;Design/Creative;Deliverables;40;;2026-01-26 13:39:41.762+00;2026-01
Develop web page - VITAL Financial Services;VITAL - Marketing services;Web Development;Deliverables;12;;2026-01-26 12:56:24.584+00;2026-01
Develop SEO blog post - Commercial janitorial services;Wilburn - Content marketing services;SEO/AEO;Deliverables;10;;2026-01-26 12:30:38.7+00;2026-01
Manage social (January);NEACH - Content marketing services;Content Creation;Deliverables;8;;2026-01-26 12:29:15.917+00;2026-01
Website updates;VITAL - Marketing services;Web Development;ToDos;;0.6;2026-01-26 12:23:47.707+00;2026-01
86dz1159k - Develop blog post- Tech Qualified - Tristan Pelligrino - Scrappy ABM;New North;Content Creation;Deliverables;8;;2026-01-26 12:07:46.258+00;2026-01
86dza3z96 - Tyfone - Digital Banking Podcast - Kosta Scholiadis;Tyfone - Content marketing services;Podcast;Deliverables;14;;2026-01-26 10:21:13.512+00;2026-01
Investigate Scope of German Localization;ThreatMark - Marketing services;Strategy/Research;ToDos;;;2026-01-25 19:31:51.906+00;2026-01
Edits to 207 Postcard;Ponce Bank - Creative; Digital; and Website Retainer;Design/Creative;Deliverables;2;;2026-01-24 04:58:32.561+00;2026-01
Update LinkedIn sequence;Agrippon - Marketing services;ABM;ToDos;;;2026-01-23 22:48:48.538+00;2026-01
Develop outreach sequence [Billing Orgs];Agrippon - Marketing services;ABM;Deliverables;5;;2026-01-23 21:20:16.954+00;2026-01
Develop outreach sequence [DSOs];Agrippon - Marketing services;ABM;Deliverables;5;;2026-01-23 21:19:51.221+00;2026-01
Generate 4 demos by EOY through marketing efforts;Sedra Solutions - Marketing services;Other;Goals;;;2026-01-23 21:00:51.635+00;2026-01
Reinforce Sedra’s market expertise through thoughtful content that aligns with ABM and paid media initiatives;Sedra Solutions - Marketing services;Content Creation;Goals;;;2026-01-23 21:00:51.635+00;2026-01
Generate 10 form fills per month;Sedra Solutions - Marketing services;Other;Goals;;;2026-01-23 21:00:51.635+00;2026-01
Create transcripts + highlights from Bazaarvoice Summit;Bazaarvoice - Content marketing services;Content Creation;ToDos;;7.0;2026-01-23 20:05:19.161+00;2026-01
Client Onboarding & Kickoff;Engage USA - Website Project;Account Management;Deliverables;10;;2026-01-23 19:35:13.007+00;2026-01
Update LinkedIn lead gen forms: Require phone numbers;Agrippon - Marketing services;Web Development;ToDos;;0.5;2026-01-23 19:08:34.234+00;2026-01
Create strategy for Lead Gen ABM & Update Audience Spreadsheet;Planon - Marketing Services;ABM;Deliverables;3;;2026-01-23 18:47:03.718+00;2026-01
Develop Video Plan Document [Product Explainer Video];Data Assessment Solutions - Ongoing Marketing Services;Video;Deliverables;20;;2026-01-23 17:57:36.6+00;2026-01
ABM Support and ideas for GSS;Global Shared Services - Marketing Services;ABM;ToDos;;;2026-01-23 17:21:36.274+00;2026-01
Update Targeting;ThreatMark - Marketing services;Paid Media;ToDos;;;2026-01-23 16:31:38.281+00;2026-01
Client review Episode Sanjiv Sanghvi;NEACH - Content marketing services;Podcast;ToDos;;;2026-01-23 14:20:27.463+00;2026-01
Client review Episode Patricia Mullin;NEACH - Content marketing services;Podcast;ToDos;;;2026-01-23 14:20:25.761+00;2026-01
Client review Episode Mickey Marshall;NEACH - Content marketing services;Podcast;ToDos;;;2026-01-23 14:20:23.958+00;2026-01
86dz99pn7 - Inside Tracker - Longevity by Design - Nathan Price;Inside Tracker - Podcast services;Podcast;Deliverables;10;;2026-01-23 11:23:57.174+00;2026-01
Podcast Analytics & Account Access;ThreatMark - Marketing services;Podcast;ToDos;;;2026-01-23 02:50:15.444+00;2026-01
Review new blog: How Alkaline Hydrolysis Simplifies Safe Medical Waste Disposal;BioSafe - Marketing services;Content Creation;ToDos;;;2026-01-22 22:03:55.55+00;2026-01
Review AI & Automation blog;BioSafe - Marketing services;Content Creation;ToDos;;;2026-01-22 22:03:53.271+00;2026-01
Update Paid Media;Powerhouse Gym - Creative; digital; website services;Paid Media;Deliverables;5;;2026-01-22 20:53:34.926+00;2026-01
HubSpot Audit;PTO Exchange - Marketing Services;Tech Stack/Ops;Deliverables;20;;2026-01-22 20:53:06.207+00;2026-01
Develop web page - FDE Whitepaper;ThreatMark - Marketing services;Web Development;Deliverables;12;;2026-01-22 20:52:40.045+00;2026-01
Conduct Alignment Meeting;Milestone Towers - Aligned Growth Engine;Account Management;Deliverables;;;2026-01-22 20:46:35.977+00;2026-01
Conduct kickoff;Acacia Advisors - Aligned Growth Engine Launch;Account Management;Deliverables;0;;2026-01-22 20:46:30.157+00;2026-01
Update staging site: USE CASE FOCUS;Rugged Robotics - Marketing services;Web Development;ToDos;;1.5;2026-01-22 15:38:58.504+00;2026-01
Pre-print final check event backdrop;VITAL - Marketing services;Design/Creative;ToDos;;;2026-01-22 13:55:12.432+00;2026-01
Lightapalooza page edits;VITAL - Marketing services;Web Development;ToDos;;0.4;2026-01-22 13:46:13.32+00;2026-01
Develop HubSpot drip campaign framework;PTO Exchange - Marketing Services;Tech Stack/Ops;ToDos;;;2026-01-21 22:06:14.631+00;2026-01
SEO Keyword Research: 2026 Topics;iCorps - Marketing Services;SEO/AEO;ToDos;;;2026-01-21 20:57:20.285+00;2026-01
Update Hubspot Workflows;Powerhouse Gym - Creative; digital; website services;Tech Stack/Ops;Deliverables;2;;2026-01-21 20:35:09.101+00;2026-01
Develop designs [Admin Workshop Assets];Ricoh - Marketing services;Design/Creative;Deliverables;12;;2026-01-21 20:15:37.642+00;2026-01
Adjustments to STI Poster;BioSafe - Marketing services;Design/Creative;Deliverables;5;;2026-01-21 19:31:20.689+00;2026-01
Upload battle card to transfer folder (RPD);Ricoh - Marketing services;Other;ToDos;;0.3;2026-01-21 18:54:24.373+00;2026-01
New Landing pages;FoxyAI - Creative; digital; web services;Web Development;ToDos;;;2026-01-21 18:50:15.681+00;2026-01
Distribute episode - Pat Sullivan;Verisk - Marketing services;Podcast;Deliverables;3;;2026-01-21 17:56:10.448+00;2026-01
Develop 2 LinkedIn carousels (graphics and copy) - Episode Pat Sullivan;Verisk - Marketing services;Podcast;Deliverables;10;;2026-01-21 17:49:23.957+00;2026-01
Tech stack (January);Inside Tracker - Podcast services;Tech Stack/Ops;Deliverables;5;;2026-01-21 17:03:56.595+00;2026-01
Develop Marketing Roadmap Document;AutoBytes - 2026 Services;Strategy/Research;Deliverables;40;;2026-01-21 15:57:25.511+00;2026-01
Develop web page - Lightapalooza LP;VITAL - Marketing services;Web Development;Deliverables;12;;2026-01-21 15:24:48.144+00;2026-01
Update HubSpot automation flow (Automated Nurture - PTO Exchange Page);PTO Exchange - Marketing Services;Tech Stack/Ops;ToDos;;0.5;2026-01-21 15:03:13.916+00;2026-01
Threatmark - Behind Enemy Lines - with Nicola Harding;ThreatMark - Marketing services;Podcast;Deliverables;10;;2026-01-21 12:51:17.959+00;2026-01
Develop thought leadership blog post - What Does Purge Mean on HVAC;Rod Miller - Content marketing services;Content Creation;Deliverables;10;;2026-01-21 10:32:24.037+00;2026-01
Set up Social - VITAL Instagram Account;VITAL - Marketing services;Tech Stack/Ops;Deliverables;8;;2026-01-21 09:25:37.161+00;2026-01
Develop Marketing Research Document;Rezku POS - Aligned Growth Engine Launch;Strategy/Research;Deliverables;20;;2026-01-21 05:26:24.478+00;2026-01
Meta to HS pixel sharing;Powerhouse Gym - Creative; digital; website services;Tech Stack/Ops;ToDos;;;2026-01-21 03:48:23.124+00;2026-01
1.20.26 Meeting Notes;Techmode - Marketing services;Account Management;ToDos;;;2026-01-21 03:33:15.575+00;2026-01
Re-design Battle Card [RICOH ProcessDirector];Ricoh - Marketing services;Design/Creative;Deliverables;10;;2026-01-21 00:39:28.989+00;2026-01
Final Survey Monkey Check & Schedule;Hydrian - Marketing services;Other;ToDos;;;2026-01-20 22:17:59.969+00;2026-01
Set up ABM paid media (De-Prioritized );Planon - Marketing Services;ABM;Deliverables;0;;2026-01-20 21:38:01.25+00;2026-01
Think through new ABM approach;PTO Exchange - Marketing Services;ABM;ToDos;;;2026-01-20 21:18:08.872+00;2026-01
Update developed pages: AI Assets;iCorps - Marketing Services;Web Development;ToDos;;;2026-01-20 21:17:17.781+00;2026-01
Update LinkedIn Ads based on feedback;Data Assessment Solutions - Ongoing Marketing Services;Paid Media;ToDos;;;2026-01-20 20:04:33.017+00;2026-01
Conduct Alignment Meeting;Rezku POS - Aligned Growth Engine Launch;Account Management;Deliverables;;;2026-01-20 18:58:09.053+00;2026-01
Set up HeyReach <> LinkedIn (Brad Billings);Agrippon - Marketing services;Tech Stack/Ops;ToDos;;;2026-01-20 18:56:27.973+00;2026-01
Website Updates: Onboarding and Support;Agrippon - Marketing services;Web Development;ToDos;;;2026-01-20 18:29:27.545+00;2026-01
Set up AirOps writing workflow;Bazaarvoice - Content marketing services;Tech Stack/Ops;ToDos;;;2026-01-20 16:30:46.048+00;2026-01
Review design: case study landing page;Rugged Robotics - Marketing services;Design/Creative;ToDos;;;2026-01-20 16:06:55.1+00;2026-01
Create an Executive Dashboard with key metrics;iCorps - Marketing Services;Performance/Reporting;ToDos;;;2026-01-20 15:20:37.736+00;2026-01
Update preview page based on feedback: Microsoft Copilot Consulting;iCorps - Marketing Services;Web Development;ToDos;;;2026-01-20 14:42:24.596+00;2026-01
1.16.26 meeting follow ups;Data Assessment Solutions - Ongoing Marketing Services;Account Management;ToDos;;;2026-01-20 14:18:01.905+00;2026-01
Create website plan for AI Assessment assets;iCorps - Marketing Services;Strategy/Research;ToDos;;;2026-01-20 14:05:39.442+00;2026-01
Develop 2025 Podcast Recap Blog: Guests, Key Learnings & 2026 Outlook;Ease - Podcast Services;Content Creation;Deliverables;8;;2026-01-20 13:45:54.663+00;2026-01
Gather results from ABM campaigns;iCorps - Marketing Services;Performance/Reporting;ToDos;;3.2;2026-01-20 13:18:02.561+00;2026-01
86dz6y9vu - Tyfone - Digital Banking Podcast - Derrick Aguilar;Tyfone - Content marketing services;Podcast;Deliverables;14;;2026-01-20 07:54:54.15+00;2026-01
Set up paid media;Powerhouse Gym - Creative; digital; website services;Paid Media;Deliverables;6;;2026-01-20 04:21:37.379+00;2026-01
Develop dynamic email sequence - DACH;Data Assessment Solutions - Ongoing Marketing Services;Content Creation;Deliverables;8;;2026-01-19 20:55:51.619+00;2026-01
Develop Marketing Research Document;AutoBytes - 2026 Services;Strategy/Research;Deliverables;20;;2026-01-19 19:35:44.566+00;2026-01
Install Dealfront in the website;Ideometry;Tech Stack/Ops;Deliverables;;0.5;2026-01-19 18:34:57.212+00;2026-01
Install Dealfront in the website;New North;Tech Stack/Ops;Deliverables;;0.3;2026-01-19 18:30:34.808+00;2026-01
Update All Assets to old branding font;Ponce Bank - Creative; Digital; and Website Retainer;Design/Creative;Deliverables;45;;2026-01-19 18:08:32.688+00;2026-01
Prep a short decision logic doc (identifiers, matching rules, Lead vs Contact);Ponce Bank - Creative; Digital; and Website Retainer;Strategy/Research;Deliverables;;;2026-01-19 18:07:49.641+00;2026-01
Shut Down Meta Campaign;Powerhouse Gym - Creative; digital; website services;Paid Media;Deliverables;1;;2026-01-19 16:41:12.076+00;2026-01
Distribute Episode - Moustafa Moursy;VITAL - Marketing services;Podcast;Deliverables;0;;2026-01-19 08:40:23.222+00;2026-01
Expand audience: LinkedIn Ad Campaign;Agrippon - Marketing services;Paid Media;ToDos;;1.8;2026-01-16 20:56:03.349+00;2026-01
BioSAFE - WasteWise - Sustainable Approaches & Alkaline Hydrolysis Episode;BioSafe - Marketing services;Podcast;Deliverables;13;;2026-01-16 20:51:14.273+00;2026-01
Update Lead-Input landing page header;Aquatic Informatics - Ongoing Marketing Services;Web Development;Deliverables;;;2026-01-16 20:42:33.208+00;2026-01
Develop video ad creative package;Powerhouse Gym - Creative; digital; website services;Video;Deliverables;15;;2026-01-16 20:29:07.581+00;2026-01
Troubleshoot zoom automation workflow on hubspot;Aquatic Informatics - Ongoing Marketing Services;Tech Stack/Ops;Deliverables;;;2026-01-16 20:27:52.947+00;2026-01
Databox Initial Dashboard Build & Client Review;Aquatic Informatics - Additional Q4 Marketing Services Support;Performance/Reporting;Deliverables;5;;2026-01-16 19:59:34.155+00;2026-01
Conduct Market research;Powerhouse Gym - Creative; digital; website services;Strategy/Research;Deliverables;2;;2026-01-16 19:28:31.109+00;2026-01
Website updates;Rod Miller - Content marketing services;Web Development;ToDos;;;2026-01-16 15:43:00.508+00;2026-01
Create social posts - Lightapalooza 2026;VITAL - Marketing services;Content Creation;Deliverables;0;;2026-01-16 14:55:37+00;2026-01
Source Stock Photography: Industry Pages;Encamp - Brand activation project;Design/Creative;ToDos;;;2026-01-16 14:53:32.593+00;2026-01
Zero Fox Episodes;AJ Nash - Podcast services;Podcast;ToDos;;;2026-01-16 14:17:35.977+00;2026-01
Optimize Existing SEO Article - Instagram Analytics Guide;Bazaarvoice - Content marketing services;SEO/AEO;Deliverables;5;;2026-01-16 14:04:20.175+00;2026-01
Optimize Existing SEO Article - Influencer Rate Cards;Bazaarvoice - Content marketing services;SEO/AEO;Deliverables;5;;2026-01-16 14:04:10.654+00;2026-01
Optimize Existing SEO Article - How to Collaborate on Instagram;Bazaarvoice - Content marketing services;SEO/AEO;Deliverables;5;;2026-01-16 14:04:05.966+00;2026-01
Optimize Existing SEO Article - Digital Touchpoints on the Customer Journey;Bazaarvoice - Content marketing services;SEO/AEO;Deliverables;5;;2026-01-16 14:03:56.214+00;2026-01
Optimize Existing SEO Article - How to Launch a Product Online;Bazaarvoice - Content marketing services;SEO/AEO;Deliverables;5;;2026-01-16 14:03:51.662+00;2026-01
Optimize Existing SEO Article - E-commerce Checkout Optimization;Bazaarvoice - Content marketing services;SEO/AEO;Deliverables;5;;2026-01-16 14:03:42.531+00;2026-01
Review Axel's emails;Data Assessment Solutions - Ongoing Marketing Services;Content Creation;ToDos;;;2026-01-16 13:50:51.18+00;2026-01
Update AirOps guidelines;Data Assessment Solutions - Ongoing Marketing Services;Tech Stack/Ops;ToDos;;1.0;2026-01-16 12:33:30.698+00;2026-01
Hyperlink/ref stats in a refreshed blog;Bazaarvoice - Content marketing services;Content Creation;ToDos;;;2026-01-16 10:53:25.612+00;2026-01
Create newsletter;Aquatic Informatics - Ongoing Marketing Services;Content Creation;Deliverables;8;;2026-01-15 20:43:16.847+00;2026-01
Develop social content (Main Page - January);Sedra Solutions - Marketing services;Content Creation;Deliverables;8;;2026-01-15 19:43:56.561+00;2026-01
Develop Hubspot Campaign;Powerhouse Gym - Creative; digital; website services;Tech Stack/Ops;Deliverables;11;;2026-01-15 19:40:23.856+00;2026-01
Conduct kickoff;Milestone Towers - Aligned Growth Engine;Account Management;Deliverables;0;;2026-01-15 17:37:02.196+00;2026-01
Update emails per axel's feedback;Data Assessment Solutions - Ongoing Marketing Services;Content Creation;ToDos;;;2026-01-15 16:55:11.658+00;2026-01
Develop thought leadership blog post - How Restaurant Operations Can Regain Control of Cash Flow (Without Adding Headcount);Global Shared Services - Marketing Services;Content Creation;2026-01-15 16:33:23.363+00;Deliverables;;2025-12-11 00:21:25.291+00;2025-12
;;Other;;;;;
Develop thought leadership blog post - Risk Analysis: The Cost of CFO Turnover;Global Shared Services - Marketing Services;Content Creation;Deliverables;12;;2026-01-15 16:32:55.627+00;2026-01
Change meta image on website (bing issue);Ponce Bank - Website design and development;Web Development;Deliverables;;;2026-01-15 15:32:57.126+00;2026-01
Update Lead Source Data in HubSpot;ThreatMark - Marketing services;Tech Stack/Ops;Deliverables;;0.7;2026-01-15 15:02:51.898+00;2026-01
URL Export from Live WordPress;Encamp - Brand activation project;Web Development;Deliverables;;;2026-01-15 14:20:41.625+00;2026-01
Tell shane about gifted points;Agrippon - Marketing services;Other;ToDos;;;2026-01-15 13:37:04.486+00;2026-01
Distribute episode - Rustam Irani;Verisk - Marketing services;Podcast;Deliverables;3;;2026-01-15 12:30:30.472+00;2026-01
Create compilation video - 2025 Recap;Tyfone - Content marketing services;Video;Deliverables;10;;2026-01-15 12:28:18.251+00;2026-01
Update blogs on AI pages;iCorps - Marketing Services;Content Creation;ToDos;;0.3;2026-01-15 12:14:01.098+00;2026-01
Optimize Existing SEO Article - b2b ppc;New North;SEO/AEO;Deliverables;5;;2026-01-15 12:11:51.867+00;2026-01
Develop image ad creative package - ABM;Ideometry;Design/Creative;Deliverables;10;;2026-01-15 12:11:36.721+00;2026-01
Think through new ABM approach;PTO Exchange - Marketing Services;ABM;ToDos;;;2026-01-15 04:07:35.215+00;2026-01
Nurture Campaign Strategy;PTO Exchange - Marketing Services;Strategy/Research;ToDos;;;2026-01-15 04:07:14.108+00;2026-01
Draft Industry-Specific Sequences;PTO Exchange - Marketing Services;Content Creation;Deliverables;;;2026-01-15 03:53:02.068+00;2026-01
Create Workflow Cheat Sheet;PTO Exchange - Marketing Services;Other;ToDos;;;2026-01-15 03:50:49.483+00;2026-01
Set up paid media - Microsoft ads;Techmode - Marketing services;Paid Media;Deliverables;5;;2026-01-15 01:33:35.175+00;2026-01
Set meeting with Ruby;iCorps - Marketing Services;Account Management;ToDos;;;2026-01-15 01:23:14.21+00;2026-01
Develop image ad creative package - DACH;Data Assessment Solutions - Ongoing Marketing Services;Design/Creative;Deliverables;10;;2026-01-14 21:10:29.674+00;2026-01
Prepare Campaign Options;PTO Exchange - Marketing Services;Strategy/Research;ToDos;;;2026-01-14 21:08:32.071+00;2026-01
Brand Guidelines - Updates and Corrections;Encamp - Brand activation project;Design/Creative;Deliverables;;;2026-01-14 19:24:12.188+00;2026-01
Develop web page - Industry Pages;PTO Exchange - Marketing Services;Web Development;Deliverables;48;;2026-01-14 19:22:26.374+00;2026-01
Update whitepaper;ThreatMark - Marketing services;Content Creation;ToDos;;;2026-01-14 19:20:44.792+00;2026-01
Conduct Alignment Meeting;AutoBytes - 2026 Services;Account Management;Deliverables;;;2026-01-14 19:16:33.606+00;2026-01
Review points for Planon;Planon - Marketing Services;Other;ToDos;;;2026-01-14 18:48:38.553+00;2026-01
Send Jane everything we need from her;FoxyAI - Creative; digital; web services;Account Management;ToDos;;;2026-01-14 18:07:46.67+00;2026-01
Set up guest booking outreach (January);Ease - Podcast Services;Podcast;Deliverables;8;;2026-01-14 13:38:07.77+00;2026-01
Optimize Existing SEO Article - time management;New North;SEO/AEO;Deliverables;5;;2026-01-14 11:58:48.129+00;2026-01
Optimize Existing SEO Article - b2b growth marketing;New North;SEO/AEO;Deliverables;5;;2026-01-14 11:58:34.16+00;2026-01
Make sure research task is set up correctly and follow up on email;Rezku POS - Aligned Growth Engine Launch;Other;ToDos;;;2026-01-14 03:28:42.927+00;2026-01
Make sure research task is set up correctly;AutoBytes - 2026 Services;Other;ToDos;;;2026-01-14 03:28:34.398+00;2026-01
Update branding on Canva file;Numeric - Podcast services;Design/Creative;Deliverables;8;;2026-01-13 22:19:00.763+00;2026-01
Develop web page - Price Offer Microsoft Ads;Techmode - Marketing services;Web Development;Deliverables;12;;2026-01-13 21:44:08.782+00;2026-01
ThreatMark meeting 1.12.26;ThreatMark - Marketing services;Account Management;ToDos;;;2026-01-13 21:21:46.457+00;2026-01
Develop product images [RICOH ProcessDirector];Ricoh - Marketing services;Design/Creative;Deliverables;10;;2026-01-13 20:14:16.768+00;2026-01
Develop web page - Blog Page;Encamp - Brand activation project;Web Development;Deliverables;12;;2026-01-13 19:16:12.098+00;2026-01
Develop web page - Solutions - Retail & Warehousing;Encamp - Brand activation project;Web Development;Deliverables;12;;2026-01-13 19:15:36.737+00;2026-01
Update pages;Techmode - Marketing services;Web Development;ToDos;;;2026-01-13 16:04:02.016+00;2026-01
Tech stack - January;Kersten Talent Capital - Aligned Growth Engine Ongoing Services;Tech Stack/Ops;Deliverables;8;;2026-01-13 13:55:21.226+00;2026-01
Create social posts - D-Tools User Conference;VITAL - Marketing services;Content Creation;Deliverables;0;;2026-01-13 13:38:49.076+00;2026-01
Review Teams channel;Data Assessment Solutions - Ongoing Marketing Services;Account Management;ToDos;;;2026-01-13 13:28:45.188+00;2026-01
Revise event backdrop design;VITAL - Marketing services;Design/Creative;ToDos;;;2026-01-13 13:24:25.988+00;2026-01
Review emails;Kersten Talent Capital - Aligned Growth Engine Ongoing Services;Account Management;ToDos;;;2026-01-13 13:15:48.464+00;2026-01
Review emails;Aquatic Informatics - Ongoing Marketing Services;Account Management;ToDos;;;2026-01-13 03:57:17.599+00;2026-01
LinkedIn Paid Ads Analysis;Agrippon - Marketing services;Paid Media;ToDos;;2.3;2026-01-13 01:25:21.435+00;2026-01
Update video: Optimizer Solution Overview;Ricoh - Marketing services;Video;ToDos;;1.0;2026-01-12 20:52:10.856+00;2026-01
Tech stack (January);VITAL - Marketing services;Tech Stack/Ops;Deliverables;8;;2026-01-12 17:07:29.82+00;2026-01
Transfer guest booking from Lemlist to Smartlead;Syncro - Content marketing services;Podcast;ToDos;;;2026-01-12 16:13:55.144+00;2026-01
Price Offer Campaign;Techmode - Marketing services;Paid Media;Deliverables;;;2026-01-12 15:27:15.885+00;2026-01
Website Hosting (January);Rod Miller - Content marketing services;Web Development;Deliverables;2;;2026-01-12 15:13:57.23+00;2026-01
Optimize Existing SEO Article - b2b saas meaning;New North;SEO/AEO;Deliverables;5;;2026-01-12 14:43:42.87+00;2026-01
Get LinkedIn Business Manager set up for Rugged Robotics;Rugged Robotics - Marketing services;Paid Media;ToDos;;;2026-01-12 14:41:49.924+00;2026-01
Optimize Existing SEO Article - account based marketing agency;New North;SEO/AEO;Deliverables;5;;2026-01-12 14:41:48.272+00;2026-01
Additional Paid Media Campaign - MSPs (VoIP + UCaaS);Techmode - Marketing services;Paid Media;Deliverables;3;;2026-01-12 14:40:19.401+00;2026-01
Optimize Existing SEO Article - linkedin b2b;New North;SEO/AEO;Deliverables;5;;2026-01-12 14:38:45.7+00;2026-01
Transfer guest booking from Lemlist to Smartlead;Ease - Podcast Services;Podcast;ToDos;;;2026-01-12 14:26:50.397+00;2026-01
Review linkedin & adroll ads;Data Assessment Solutions - Ongoing Marketing Services;Paid Media;ToDos;;;2026-01-12 13:19:14.996+00;2026-01
Review new email sequence;Data Assessment Solutions - Ongoing Marketing Services;Content Creation;ToDos;;;2026-01-12 13:19:14.996+00;2026-01
Develop blog from a transcript - Storytelling;Ideometry;Content Creation;Deliverables;8;;2026-01-10 20:22:59.586+00;2026-01
86dywkfn5 - NEACH - Wrestling Payments - Phil Robin;NEACH - Content marketing services;Podcast;Deliverables;10;;2026-01-10 19:59:51.126+00;2026-01
Develop animated video [Optimizer Solution Overview];Ricoh - Marketing services;Video;Deliverables;35;;2026-01-09 19:28:00.617+00;2026-01
Update the mapping spreadsheet;Ponce Bank - Creative; Digital; and Website Retainer;Tech Stack/Ops;Deliverables;;;2026-01-09 19:12:28.04+00;2026-01
Develop Brochure [RICOH ProcessDirector];Ricoh - Marketing services;Design/Creative;Deliverables;15;;2026-01-09 16:43:51.152+00;2026-01
Manage web;Ricoh - Marketing services;Web Development;Deliverables;5;;2026-01-09 16:42:29.608+00;2026-01
Update infographic [Ricoh Business Edge];Ricoh - Marketing services;Design/Creative;Deliverables;8;;2026-01-09 16:42:29.608+00;2026-01
Package up Source Files;Ricoh - Marketing services;Other;Deliverables;;;2026-01-09 16:42:29.608+00;2026-01
Develop content [File Name];Ricoh - Marketing services;Content Creation;Deliverables;8;;2026-01-09 16:42:29.608+00;2026-01
Export BG Design from Figma to InDesign;Encamp - Brand activation project;Design/Creative;Deliverables;;;2026-01-09 15:43:46.061+00;2026-01
Develop web page - Company - Customer Support;Encamp - Brand activation project;Web Development;Deliverables;12;;2026-01-09 15:36:51.159+00;2026-01
Add custom audience, ads and launch LinkedIn ad campaign;Rugged Robotics - Marketing services;Paid Media;ToDos;;2.5;2026-01-09 15:28:03.741+00;2026-01
Launch Buyer Journey Research;New North;Strategy/Research;Deliverables;10;;2026-01-09 08:29:53.661+00;2026-01
Update Global Changes to Website;Encamp - Brand activation project;Web Development;Deliverables;;;2026-01-08 21:49:26.858+00;2026-01
Update Paid Media;ThreatMark - Marketing services;Paid Media;Deliverables;;;2026-01-08 21:49:21.673+00;2026-01
Develop web page - Company - Careers & Culture;Encamp - Brand activation project;Web Development;Deliverables;12;;2026-01-08 21:48:44.542+00;2026-01
Develop web page - Blogs;Encamp - Brand activation project;Web Development;Deliverables;12;;2026-01-08 21:48:42.768+00;2026-01
Develop web page - Solutions - Telecommunications;Encamp - Brand activation project;Web Development;Deliverables;12;;2026-01-08 21:48:17.471+00;2026-01
Develop web page - Solutions - Transportation & Logistics;Encamp - Brand activation project;Web Development;Deliverables;12;;2026-01-08 21:48:04.762+00;2026-01
Add Trey and George's emails to SmartLead after warmup complete;Rugged Robotics - Marketing services;Tech Stack/Ops;ToDos;;;2026-01-08 20:25:04.813+00;2026-01
Add to Notion Swipefile (optional);Sedra Solutions - Marketing services;Content Creation;ToDos;;;2026-01-08 20:23:29.721+00;2026-01
Distribute Episode - Matt Bernath (annual planning);VITAL - Marketing services;Podcast;Deliverables;0;;2026-01-08 17:47:03.875+00;2026-01
Edits to 86dyvfn73 - VITAL - The Flywheel Effect - Moustafa Moursy;VITAL - Marketing services;Podcast;ToDos;;;2026-01-08 17:00:08.032+00;2026-01
Mixed Audio for All Videos - Pending Feedback;Ease - Content marketing services;Video;ToDos;;;2026-01-08 16:48:04.387+00;2026-01
Develop web page - Guides & Ebooks;Encamp - Brand activation project;Web Development;Deliverables;12;;2026-01-08 14:39:29.298+00;2026-01
Develop web page - Glossary;Encamp - Brand activation project;Web Development;Deliverables;12;;2026-01-08 14:31:42.591+00;2026-01
Conduct kickoff;Rezku POS - Aligned Growth Engine Launch;Account Management;Deliverables;0;;2026-01-08 05:09:47.167+00;2026-01
Schedule weekly data working session starting week of 1/5;Ponce Bank - Creative; Digital; and Website Retainer;Account Management;Deliverables;;;2026-01-07 22:12:48.475+00;2026-01
Kersten Talen Capital - AirOps Grid Setup;Kersten Talent Capital - Aligned Growth Engine Ongoing Services;Tech Stack/Ops;ToDos;;1.0;2026-01-07 20:40:39.494+00;2026-01
The BNFT Shift - End-of-Year Compilation Video;PTO Exchange - Marketing Services;Video;Deliverables;;;2026-01-07 20:13:47.194+00;2026-01
Develop SEO-optimized web page [IT support philadelphia];iCorps - Marketing Services;SEO/AEO;Deliverables;18;;2026-01-07 17:28:37.669+00;2026-01
Develop SEO-optimized web page [IT consulting new york];iCorps - Marketing Services;SEO/AEO;Deliverables;18;;2026-01-07 17:27:20.628+00;2026-01
Develop SEO-optimized web page [managed IT boston];iCorps - Marketing Services;SEO/AEO;Deliverables;18;;2026-01-07 17:20:14.77+00;2026-01
Develop SEO blog post [IT outsourcing services];iCorps - Marketing Services;SEO/AEO;Deliverables;10;;2026-01-07 15:44:34.136+00;2026-01
Develop email sequence - ABM;Ideometry;ABM;Deliverables;5;;2026-01-07 03:28:11.475+00;2026-01
Terrie Moffitt - Inside Tracker - Longevity by Design - 86dz15x3g;Inside Tracker - Podcast services;Podcast;Deliverables;10;;2026-01-06 22:06:31.441+00;2026-01
Conduct kickoff;AutoBytes - 2026 Services;Account Management;Deliverables;0;;2026-01-06 21:26:13.923+00;2026-01
Develop web page - Virtual Phone System / IP Phone System;Techmode - Marketing services;Web Development;Deliverables;12;;2026-01-06 21:13:44.034+00;2026-01
Develop web page - Podcast & Blog Pages;Ideometry;Web Development;Deliverables;12;;2026-01-06 20:26:58.282+00;2026-01
Develop web page - Rescources;Encamp - Brand activation project;Web Development;Deliverables;12;;2026-01-06 19:39:35.533+00;2026-01
Website & Google Analytics (GA4) Audit;Powerhouse Gym - Creative; digital; website services;Strategy/Research;Deliverables;15;;2026-01-06 19:33:28.789+00;2026-01
Tell Kersten about Clay;Kersten Talent Capital - Aligned Growth Engine Ongoing Services;Account Management;ToDos;;;2026-01-06 17:42:10.202+00;2026-01
Review Matt's Email;Techmode - Marketing services;Account Management;ToDos;;;2026-01-06 17:42:07.302+00;2026-01
Tech stack - (January);Ease - Podcast Services;Tech Stack/Ops;Deliverables;11;;2026-01-06 14:09:56.858+00;2026-01
Distribute Podcast Episode - Rajeev Seth;Ease - Podcast Services;Podcast;Deliverables;3;;2026-01-06 14:09:44.159+00;2026-01
Meeting Notes 1.5.2025;ThreatMark - Marketing services;Account Management;ToDos;;;2026-01-06 13:26:36.083+00;2026-01
Techmode landing page updates;Techmode - Marketing services;Web Development;ToDos;;;2026-01-06 04:21:55.952+00;2026-01
Look into BioSAFE points;BioSafe - Marketing services;Other;ToDos;;;2026-01-05 19:44:20.173+00;2026-01
Logo update V2 - add green accent;Kersten Talent Capital - Aligned Growth Engine Ongoing Services;Design/Creative;Deliverables;12;;2026-01-05 19:30:55.891+00;2026-01
Develop blog from a transcript - Scrappy ABM;Ideometry;Content Creation;Deliverables;8;;2026-01-05 17:46:34.507+00;2026-01
Develop blog from a transcript - Tablestakes Marketing;Ideometry;Content Creation;Deliverables;8;;2026-01-05 17:45:44.082+00;2026-01
Develop blog from a transcript - Strategy Before Tactics;Ideometry;Content Creation;Deliverables;8;;2026-01-05 17:44:59.723+00;2026-01
Update Homepage Carousel;ThreatMark - Marketing services;Web Development;ToDos;;0.6;2026-01-05 17:25:44.576+00;2026-01
2026 Planning Session Presentation;ThreatMark - Marketing services;Strategy/Research;ToDos;;;2026-01-05 16:45:27.83+00;2026-01
Distribute blog - Stop Chasing the Next Chicken - Part 2;VITAL - Marketing services;Content Creation;Deliverables;;;2026-01-05 15:46:10.835+00;2026-01
Edits to 86dywncpb - Verisk - The Marketing Rapport - Pat Sullivan;Verisk - Marketing services;Podcast;ToDos;;;2026-01-05 15:38:45.159+00;2026-01
Achieve a 30% MQL -> SQL conversion rate, getting middle-of-funnel nurturing on-track.;iCorps - Marketing Services;Performance/Reporting;Goals;;;2026-01-05 14:59:46.139+00;2026-01
720 MQLs generated in 2025;iCorps - Marketing Services;Performance/Reporting;Goals;;;2026-01-05 14:59:39.772+00;2026-01
216 SQLs generated in 2025;iCorps - Marketing Services;Performance/Reporting;Goals;;;2026-01-05 14:59:36.67+00;2026-01
Test a new offer (Assessments) through a targeted ABM campaign to accelerate lead generation.;iCorps - Marketing Services;ABM;Goals;;;2026-01-05 14:48:24.739+00;2026-01
Manage performance reporting (December);Agrippon - Marketing services;Performance/Reporting;Deliverables;5;;2026-01-05 14:39:32.531+00;2026-01
Facilitate Client Meetings (December);Agrippon - Marketing services;Account Management;Deliverables;10;;2026-01-05 14:39:28.469+00;2026-01
Manage ABM (December);Agrippon - Marketing services;ABM;Deliverables;10;;2026-01-05 14:39:24.578+00;2026-01
Manage web;Ricoh - Marketing services;Web Development;Deliverables;5;;2026-01-05 14:39:20.541+00;2026-01
Facilitate Client Meetings [December];Ricoh - Marketing services;Account Management;Deliverables;10;;2026-01-05 14:39:16.774+00;2026-01
Manage ABM [December];iCorps - Marketing Services;ABM;Deliverables;10;;2026-01-05 14:39:12.707+00;2026-01
Manage paid media [December];iCorps - Marketing Services;Paid Media;Deliverables;8;;2026-01-05 14:39:06.111+00;2026-01
Manage SEO [December];iCorps - Marketing Services;SEO/AEO;Deliverables;5;;2026-01-05 14:39:00.377+00;2026-01
Facilitate Client Meetings [December];iCorps - Marketing Services;Account Management;Deliverables;10;;2026-01-05 14:38:52.844+00;2026-01
Manage performance reporting [December];iCorps - Marketing Services;Performance/Reporting;Deliverables;5;;2026-01-05 14:38:46.33+00;2026-01
Manage web [December];iCorps - Marketing Services;Web Development;Deliverables;5;;2026-01-05 14:38:40.396+00;2026-01
Tech stack [December];Ricoh - Marketing services;Tech Stack/Ops;Deliverables;5;;2026-01-05 14:36:01.075+00;2026-01
Tech stack [December];iCorps - Marketing Services;Tech Stack/Ops;Deliverables;16;;2026-01-05 14:36:01.075+00;2026-01
Tech stack (December);Agrippon - Marketing services;Tech Stack/Ops;Deliverables;13;;2026-01-05 14:36:01.075+00;2026-01
Edits to 86dyvf79u - Verisk - The Marketing Rapport - Rustam Irani;Verisk - Marketing services;Podcast;ToDos;;;2026-01-05 14:32:02.122+00;2026-01
Manage paid media (December);Agrippon - Marketing services;Paid Media;Deliverables;8;;2026-01-05 14:25:50.753+00;2026-01
Dr. Ronjon Nag - Inside Tracker - Longevity by Design - 86dyzhnwf;Inside Tracker - Podcast services;Podcast;Deliverables;10;;2026-01-05 13:09:08.344+00;2026-01
Tech stack (January);Verisk - Marketing services;Tech Stack/Ops;Deliverables;5;;2026-01-03 11:39:21.504+00;2026-01
Tech stack (January);Tyfone - Content marketing services;Tech Stack/Ops;Deliverables;5;;2026-01-03 11:38:51.9+00;2026-01
Tech stack (January);Syncro - Content marketing services;Tech Stack/Ops;Deliverables;12;;2026-01-03 11:37:40.89+00;2026-01
Tech stack (January);NEACH - Content marketing services;Tech Stack/Ops;Deliverables;5;;2026-01-03 11:37:08.466+00;2026-01
Tech stack (January);Bazaarvoice - Content marketing services;Tech Stack/Ops;Deliverables;5;;2026-01-03 11:36:43.552+00;2026-01
Break down the integration task list with more realistic dates + ownership;Ponce Bank - Creative; Digital; and Website Retainer;Tech Stack/Ops;Deliverables;;;2026-01-02 21:12:58.418+00;2026-01
Develop web page - Website Terms of Service;Encamp - Brand activation project;Web Development;Deliverables;12;;2026-01-02 19:41:26.393+00;2026-01
Develop web page - Terms & Conditions;Encamp - Brand activation project;Web Development;Deliverables;12;;2026-01-02 19:41:23.992+00;2026-01
Develop web page - Events;Encamp - Brand activation project;Web Development;Deliverables;12;;2026-01-02 19:39:06.495+00;2026-01
Develop web page - Company - Request a Demo + Thank you Conversion;Encamp - Brand activation project;Web Development;Deliverables;12;;2026-01-02 19:38:52.26+00;2026-01
Facilitate Client Meetings - December;ThreatMark - Marketing services;Account Management;Deliverables;10;;2026-01-02 19:37:23.926+00;2026-01
Develop simple newsletter template;Aquatic Informatics - Ongoing Marketing Services;Content Creation;Deliverables;10;;2026-01-02 18:25:37.379+00;2026-01
Provide sample CSV to use in HubSpot Sandbox;Ponce Bank - Creative; Digital; and Website Retainer;Tech Stack/Ops;ToDos;;;2026-01-02 18:25:07.018+00;2026-01
Develop blog from a transcript - Podcast (Dennis Ledenkof and Elena Kormilina);Ideometry;Content Creation;Deliverables;8;;2026-01-02 16:26:30.544+00;2026-01
Content Strategy & Design: Audit existing content and assets;Ponce Bank - Website design and development;Strategy/Research;Deliverables;100;;2026-01-02 15:31:39.092+00;2026-01
Facilitate Client Meetings;Aquatic Informatics - Ongoing Marketing Services;Account Management;Deliverables;10;;2026-01-02 15:28:08.901+00;2026-01
Blog Post - Rajeev Seth - Pending Feedback;Ease - Podcast Services;Content Creation;ToDos;;;2026-01-02 14:01:43.139+00;2026-01
Podcast Recommendations;AJ Nash - Podcast services;Podcast;ToDos;;;2026-01-02 14:01:27.079+00;2026-01
Weekly client management (December);Ease - Podcast Services;Account Management;ToDos;;;2026-01-02 14:01:12.732+00;2026-01
Change blog images;VITAL - Marketing services;Design/Creative;ToDos;;0.8;2026-01-02 11:34:50.245+00;2026-01