assignee_email;assignee_username;contract_id;contract_name;date_created;date_done;list_type;points;status;status_raw;tags;task_id;task_name;time_spent
;;6061d0c2-de11-40b9-8824-1ccd80a970d6;Global Shared Services - Marketing Services;2026-03-09 19:33:39.776+00;2026-03-31 22:43:48.446+00;Deliverables;40;delivered;delivered;[];95d5c529-78a5-45d6-ad53-a3ebe896deab;Build 1:1 ABM contact list program (Pinpoint);
;;6a9f190a-9e44-4b24-8f1d-d82022950bb9;Agrippon - Marketing services;2026-03-26 22:17:56.957+00;2026-03-31 21:14:03.291+00;ToDos;;not_started;delivered;[];840839f0-e933-49b2-a349-673e50fe5614;Update website designs based on feedback;
;;6a6c0b83-0123-431f-843a-3b961aadb352;Rezku POS - Ongoing Services - Post AGE;2026-03-31 21:07:56.447+00;2026-03-31 21:13:23.323+00;Deliverables;15;archived;archived;[];b953f522-2417-41d7-b5c9-aa5765d7f25a;Set up performance reporting;
;;7b7f4acf-a215-4f42-8ea4-51bb4491b01b;Acacia Advisors - Ongoing Marketing Services;2026-02-17 15:44:40.454+00;2026-03-31 21:04:33.178+00;Deliverables;5;delivered;delivered;[];e3363fa5-73d8-48a7-bca7-b76b973c28f1;Manage performance reporting;
;;292bf658-a285-4fdd-a6e5-d352a30347c9;Sedra Solutions - Marketing services;2026-02-22 16:29:25.453+00;2026-03-31 20:34:56.068+00;Deliverables;5;delivered;delivered;[];d6f2f999-16d8-4c92-a032-6b3606b90414;Manage performance reporting (March);
;;ff2ef389-756d-4ece-b525-93fab32170d6;Planon - Marketing Services;2026-03-18 23:56:12.028+00;2026-03-31 20:34:49.05+00;Deliverables;5;delivered;delivered;[];2b357e80-5957-422a-9752-cfd11f00b123;Manage ABM (March);
;;3f032f15-833e-4d7d-9347-381febf6d953;PTO Exchange - Marketing Services;2026-02-27 16:53:29.943+00;2026-03-31 20:18:26.876+00;Deliverables;;delivered;delivered;[];0c352517-bb2e-487e-bc9c-a4b4a0c64f90;Support Request Window (March);
;;db0afec5-85bc-41b0-8c0f-79b368eb3b16;Rugged Robotics - Marketing services;2026-02-27 14:27:55.512+00;2026-03-31 20:15:27.961+00;Deliverables;8;delivered;delivered;[];df2d7de4-dd7b-4fae-9b42-a4b00b04462d;Manage paid media [March];
;;db0afec5-85bc-41b0-8c0f-79b368eb3b16;Rugged Robotics - Marketing services;2026-02-27 14:27:50.605+00;2026-03-31 20:15:21.788+00;Deliverables;5;delivered;delivered;[];21bdba30-a04e-4528-9e57-3b248c106b5f;Manage web [March];
;;db0afec5-85bc-41b0-8c0f-79b368eb3b16;Rugged Robotics - Marketing services;2026-02-27 14:27:46.629+00;2026-03-31 20:15:18.451+00;Deliverables;10;delivered;delivered;[];6b3ce03c-0dc7-45d2-9676-d50f7eb48c02;Tech stack [March];
;;db0afec5-85bc-41b0-8c0f-79b368eb3b16;Rugged Robotics - Marketing services;2026-02-27 14:27:44.778+00;2026-03-31 20:15:14.524+00;Deliverables;10;delivered;delivered;[];c14b47bc-2344-41ab-995a-d81cb0622d31;Facilitate Client Meetings [March];
;;db0afec5-85bc-41b0-8c0f-79b368eb3b16;Rugged Robotics - Marketing services;2026-02-27 14:27:44.496+00;2026-03-31 20:15:11.65+00;Deliverables;10;delivered;delivered;[];9d156da0-5672-41b8-9b46-badf65101491;Manage ABM [March];
;;3f032f15-833e-4d7d-9347-381febf6d953;PTO Exchange - Marketing Services;2026-02-27 14:22:11.814+00;2026-03-31 20:15:08.547+00;Deliverables;8;delivered;delivered;[];3fabe860-1e56-4e6c-8c3b-fd259c0b1d92;Manage paid media [March];
;;3f032f15-833e-4d7d-9347-381febf6d953;PTO Exchange - Marketing Services;2026-02-27 14:22:08.589+00;2026-03-31 20:15:04.957+00;Deliverables;23;delivered;delivered;[];1239a27e-b192-493a-927a-2e04cd17f34c;Tech stack [March];
;;3f032f15-833e-4d7d-9347-381febf6d953;PTO Exchange - Marketing Services;2026-02-27 14:22:06.607+00;2026-03-31 20:15:01.416+00;Deliverables;10;delivered;delivered;[];9f5ae709-eb3c-4ec1-94de-7282c4f0fa6f;Facilitate Client Meetings [March];
;;3f032f15-833e-4d7d-9347-381febf6d953;PTO Exchange - Marketing Services;2026-02-27 14:22:06.331+00;2026-03-31 20:14:54.277+00;Deliverables;10;delivered;delivered;[];ae2678d3-b7ed-4541-8452-c036d4645512;Manage ABM [March];
;;1194e57c-a4a6-4e1e-bac3-83c4ff3c4ad7;Gallagher & Mohan - Ongoing Marketing Services - Post AGE;2026-02-27 14:17:38.837+00;2026-03-31 20:14:50.916+00;Deliverables;10;delivered;delivered;[];874fe5a2-4fed-4c85-b0ee-9df2c804f874;Tech stack [March];
;;1194e57c-a4a6-4e1e-bac3-83c4ff3c4ad7;Gallagher & Mohan - Ongoing Marketing Services - Post AGE;2026-02-27 14:15:12.462+00;2026-03-31 20:14:47.928+00;Deliverables;10;delivered;delivered;[];13b30ac7-cdc6-44f7-b986-819d69a1fa74;Facilitate Client Meetings [March];
;;e50afe94-037e-49d6-8f2e-8c05ac7e3294;Data Assessment Solutions - Ongoing Marketing Services;2026-02-27 13:27:24.146+00;2026-03-31 20:14:44.268+00;Deliverables;24;delivered;delivered;[];ad0ff32c-4996-4106-b75c-f23c64bcf972;Tech stack [March];
;;e50afe94-037e-49d6-8f2e-8c05ac7e3294;Data Assessment Solutions - Ongoing Marketing Services;2026-02-27 13:27:20.745+00;2026-03-31 20:14:40.827+00;Deliverables;10;delivered;delivered;[];df793228-5173-4697-8abe-0552e529f964;Manage ABM [March];
;;e50afe94-037e-49d6-8f2e-8c05ac7e3294;Data Assessment Solutions - Ongoing Marketing Services;2026-02-27 13:27:19.796+00;2026-03-31 20:14:37.15+00;Deliverables;10;delivered;delivered;[];bb6c5da3-725c-4fa0-9a92-65f3032b2d17;Facilitate Client Meetings [March];
;;e50afe94-037e-49d6-8f2e-8c05ac7e3294;Data Assessment Solutions - Ongoing Marketing Services;2026-02-27 13:27:19.52+00;2026-03-31 20:14:34.832+00;Deliverables;8;delivered;delivered;[];9dd2ed95-970e-4939-89a2-694be6a1f798;Manage paid media [March];
;;6a9f190a-9e44-4b24-8f1d-d82022950bb9;Agrippon - Marketing services;2026-02-27 13:20:41.914+00;2026-03-31 20:14:30.818+00;Deliverables;13;delivered;delivered;[];13242391-2eb6-4dac-acf6-98470bb82a55;Tech stack [March];
;;6a9f190a-9e44-4b24-8f1d-d82022950bb9;Agrippon - Marketing services;2026-02-27 13:20:36.674+00;2026-03-31 20:14:24.937+00;Deliverables;5;delivered;delivered;[];dcc8d415-fe22-43be-a047-ec994f0b5cf7;Manage performance reporting [March];
;;6a9f190a-9e44-4b24-8f1d-d82022950bb9;Agrippon - Marketing services;2026-02-27 13:20:31.319+00;2026-03-31 20:14:21.458+00;Deliverables;10;delivered;delivered;[];eccacb7a-55e3-47fd-bbe9-690784f86373;Facilitate Client Meetings [March];
;;6a9f190a-9e44-4b24-8f1d-d82022950bb9;Agrippon - Marketing services;2026-02-27 13:20:31.035+00;2026-03-31 20:14:18.958+00;Deliverables;10;delivered;delivered;[];8622a56a-26be-432d-9e73-628c824947e5;Manage ABM [March];
;;ade9bb8a-fde3-4756-a63e-11ce7f227292;Ricoh - Marketing services;2026-02-27 13:16:42.201+00;2026-03-31 20:14:14.671+00;Deliverables;5;delivered;delivered;[];da31d30c-3b67-486d-9c26-16995730741e;Manage web [March];
;;ade9bb8a-fde3-4756-a63e-11ce7f227292;Ricoh - Marketing services;2026-02-27 13:16:41.137+00;2026-03-31 20:14:12.068+00;Deliverables;10;delivered;delivered;[];af212ced-c943-4a6b-9b89-2c3d3c4a7ced;Facilitate Client Meetings [March];
;;ade9bb8a-fde3-4756-a63e-11ce7f227292;Ricoh - Marketing services;2026-02-27 13:16:40.873+00;2026-03-31 20:14:07.214+00;Deliverables;14;delivered;delivered;[];085cb561-e713-4f04-9001-e216fec09698;Tech stack [March];
;;965b21f3-8748-420c-aaf3-b3fdcaa2f504;iCorps - Marketing Services;2026-02-27 13:00:04.526+00;2026-03-31 20:14:02.512+00;Deliverables;5;delivered;delivered;[];d716c396-4807-4daf-9696-d24d2b026b2f;Manage SEO [March];
;;965b21f3-8748-420c-aaf3-b3fdcaa2f504;iCorps - Marketing Services;2026-02-27 13:08:43.366+00;2026-03-31 20:13:56.188+00;Deliverables;10;delivered;delivered;[];cf88a626-58c0-4bbb-952e-c4daee8cac6a;Manage ABM [March];
;;965b21f3-8748-420c-aaf3-b3fdcaa2f504;iCorps - Marketing Services;2026-02-27 13:00:01.079+00;2026-03-31 20:13:46.332+00;Deliverables;10;delivered;delivered;[];a7b83a34-d0f0-43c5-b480-097037b2618a;Facilitate Client Meetings [March];
;;965b21f3-8748-420c-aaf3-b3fdcaa2f504;iCorps - Marketing Services;2026-02-27 13:00:00.155+00;2026-03-31 20:13:42.058+00;Deliverables;5;delivered;delivered;[];cda90c18-4eef-445d-8ab9-1a5f026c78cd;Manage performance reporting [March];
;;965b21f3-8748-420c-aaf3-b3fdcaa2f504;iCorps - Marketing Services;2026-02-27 12:59:59.882+00;2026-03-31 20:13:28.252+00;Deliverables;5;delivered;delivered;[];a6b775cf-8a9c-4053-b309-03bc9834a5b9;Manage web [March];
;;965b21f3-8748-420c-aaf3-b3fdcaa2f504;iCorps - Marketing Services;2026-02-27 12:58:34.349+00;2026-03-31 20:13:02.447+00;Deliverables;14;delivered;delivered;[];36baac89-5d4d-43a3-ba31-a8622bfb77fa;Tech stack [March];
;;a3991937-58e5-4d1d-b591-3be6943c6f41;Milestone Towers - Ongoing Marketing Services;2026-03-27 20:52:47.068+00;2026-03-31 20:11:10.632+00;ToDos;;not_started;delivered;[];82ec0110-5ca3-4939-8280-7826a0e27b6b;Case study for Matt;
;;6061d0c2-de11-40b9-8824-1ccd80a970d6;Global Shared Services - Marketing Services;2026-02-27 17:29:39.241+00;2026-03-31 19:57:14.46+00;Deliverables;5;delivered;delivered;[];15b05154-2c66-45a9-9456-af0bb6b19f4e;Manage SEO (March);
;;52b3ee0f-cbad-4031-a387-79ecb54874fb;Aquatic Informatics - Ongoing Marketing Services;2026-02-27 15:50:06.869+00;2026-03-31 19:51:57.324+00;Deliverables;20;delivered;delivered;[];b35c52e9-0a0d-4e3a-ac80-be447778de6c;Build Priority Forms (March);
;;72cdc11e-fd4f-4d90-8688-1fc1484de2b0;Kersten Talent Capital - Aligned Growth Engine Ongoing Services;2026-02-24 16:49:06.373+00;2026-03-31 19:08:39.581+00;Deliverables;10;delivered;delivered;[];98bb11da-021e-4e10-9a54-e21a4f464df5;Manage ABM - March;
;;72cdc11e-fd4f-4d90-8688-1fc1484de2b0;Kersten Talent Capital - Aligned Growth Engine Ongoing Services;2026-03-18 19:33:27.495+00;2026-03-31 19:08:20.446+00;Deliverables;5;delivered;delivered;[];a4bf6c12-172c-4650-8720-8d5dd001259a;Manage web - March;
;;fabe8d32-ab02-4c3b-a8f6-ff63b75dcba7;Washington Speakers Bureau - Ongoing Marketing Services;2026-03-03 22:58:36.949+00;2026-03-31 19:08:12.705+00;Deliverables;20;delivered;delivered;[];123fdc02-5d55-426a-9b42-651d08b98429;[Paid Media] Manage paid media - (March);
;;db0afec5-85bc-41b0-8c0f-79b368eb3b16;Rugged Robotics - Marketing services;2026-03-13 06:26:12.788+00;2026-03-31 18:02:33.569+00;ToDos;;not_started;delivered;[];2f6298eb-5109-46b1-8ac9-502985e3277f;Send consultant's new email sequence flow for consultative sale messaging;
;;db0afec5-85bc-41b0-8c0f-79b368eb3b16;Rugged Robotics - Marketing services;2026-03-13 06:25:47.189+00;2026-03-31 18:02:33.569+00;ToDos;;not_started;delivered;[];c383c729-0ded-48bb-9a52-a4cebde673f9;Send over retargeting company/contact list for targeted LinkedIn campaigns;
;;db0afec5-85bc-41b0-8c0f-79b368eb3b16;Rugged Robotics - Marketing services;2026-03-18 18:27:13.371+00;2026-03-31 18:02:33.569+00;ToDos;;not_started;delivered;[];0710a79a-4217-4d2a-8cd3-9ae2b4836ff7;Create data center retargeting campaign design and messaging;
;;a3899b64-d779-4aee-afbb-d43e2125ccf8;VITAL - Marketing services;2026-03-25 16:57:27.66+00;2026-03-31 17:31:21.011+00;Deliverables;;delivered;delivered;[];b8f6db3c-568a-4a90-8287-f1834e19904d;Transfer domain to Go Daddy - Deprioritize;
;;52b3ee0f-cbad-4031-a387-79ecb54874fb;Aquatic Informatics - Ongoing Marketing Services;2026-02-27 17:22:48.699+00;2026-03-31 15:55:45.591+00;Deliverables;20;delivered;delivered;[];8eac85a6-0979-46a4-892b-0202c6d32cb3;Facilitate Client Meetings - March;
;;52b3ee0f-cbad-4031-a387-79ecb54874fb;Aquatic Informatics - Ongoing Marketing Services;2026-02-27 17:21:54.175+00;2026-03-31 15:55:40.486+00;Deliverables;6;delivered;delivered;[];202c30a9-1e2b-45c1-8322-9be20a5f156b;Tech stack - March;
;;52b3ee0f-cbad-4031-a387-79ecb54874fb;Aquatic Informatics - Ongoing Marketing Services;2025-10-30 03:05:40.39+00;2026-03-31 15:55:34.381+00;Deliverables;100;delivered;delivered;[];27311740-8b1b-4a80-8aad-6182b725c51b;Validate Hubspot environment and cutover;
;;6061d0c2-de11-40b9-8824-1ccd80a970d6;Global Shared Services - Marketing Services;2026-02-27 17:25:48.471+00;2026-03-31 14:37:34.229+00;Deliverables;17;delivered;delivered;[];9122093b-1f0f-4f8e-b25c-6b8851c31acb;Tech stack (March);
;;6061d0c2-de11-40b9-8824-1ccd80a970d6;Global Shared Services - Marketing Services;2026-02-27 17:35:07.187+00;2026-03-31 14:37:11.709+00;Deliverables;5;delivered;delivered;[];e43c3a77-e986-4952-896c-f4c192040492;Manage web (March);
;;059db008-bde9-43e2-b5ea-2d8080194a92;"Ponce Bank - Creative; Digital; and Website Retainer";2026-02-27 19:06:01.598+00;2026-03-31 14:29:04.377+00;Deliverables;20;delivered;delivered;[];4abee8e3-ce1c-4ee5-a03b-b02c4113012c;Facilitate Client Meetings - March;
;;72cdc11e-fd4f-4d90-8688-1fc1484de2b0;Kersten Talent Capital - Aligned Growth Engine Ongoing Services;2026-01-29 14:17:51.378+00;2026-03-31 13:51:07.216+00;Deliverables;10;delivered;delivered;[];a5a87e22-f34f-4481-862a-f33acf29b98a;Facilitate Client Meetings - March;
;;b1f3ae44-0316-492e-aef1-bb260b814482;Techmode - Marketing services;2026-01-29 14:22:17.944+00;2026-03-31 13:49:54.853+00;Deliverables;10;delivered;delivered;[];3aedc0f9-a669-4ebf-af09-2afbb366e80f;Facilitate Client Meetings (March);
;;b1f3ae44-0316-492e-aef1-bb260b814482;Techmode - Marketing services;2026-02-25 16:24:24.218+00;2026-03-31 13:49:44.768+00;Deliverables;5;delivered;delivered;[];2be3d15d-e1b4-463e-a3c4-b0fcee58f97e;Manage web (March);
;;cec48bff-a24c-43d2-a56e-4da7b806daf9;Ease - Podcast Services;2026-02-25 16:04:16.843+00;2026-03-31 13:49:38.191+00;ToDos;;not_started;delivered;[];40729796-4e2a-44e8-b89a-14af567ce84c;Weekly Client Management - (March);
;;ca141f89-32e5-42c5-8c4d-bb32dee9aef2;BioSafe - Marketing services;2026-02-25 15:43:22.008+00;2026-03-31 13:49:31.113+00;Deliverables;10;delivered;delivered;[];81a0b93c-e335-4ab5-be5d-85721ff48afa;Facilitate Client Meetings (March);
;;ca141f89-32e5-42c5-8c4d-bb32dee9aef2;BioSafe - Marketing services;2026-02-25 15:42:03.101+00;2026-03-31 13:49:18.276+00;Deliverables;5;delivered;delivered;[];e0303646-54a4-4fbd-b17a-866175b205dc;Manage web (March);
;;2c5e8c37-7f7e-4a25-9033-32a71f191a9a;DocLib - Ongoing Services;2026-03-19 19:25:27.836+00;2026-03-31 13:13:20.528+00;ToDos;;not_started;delivered;[];f77d5d76-e07e-45ac-8d36-801c89eac5c9;Review Paid Media Plan;
;;2c5e8c37-7f7e-4a25-9033-32a71f191a9a;DocLib - Ongoing Services;2026-03-29 15:01:04.443+00;2026-03-31 13:13:20.528+00;ToDos;;not_started;delivered;[];9f0d85a2-8693-4e2f-9bab-7e97cba189a1;Review Paid Ad Designs;
;;2c5e8c37-7f7e-4a25-9033-32a71f191a9a;DocLib - Ongoing Services;2026-03-04 20:35:27.559+00;2026-03-31 13:06:22.481+00;Deliverables;15;delivered;delivered;[];58a2b4f6-0b8f-4c99-a41d-ee3df6ce0f99;Tech stack - March;
;;2c5e8c37-7f7e-4a25-9033-32a71f191a9a;DocLib - Ongoing Services;2026-03-04 20:35:58.306+00;2026-03-31 13:06:04.154+00;Deliverables;10;delivered;delivered;[];c7444c65-edd6-4882-97f9-0f6b2a0c972e;Facilitate Client Meetings - March;
;;4aa1e0b0-c66a-4025-b0a2-2d1b998c8d99;AutoBytes - 2026 Services;2026-03-31 12:14:16.929+00;2026-03-31 12:15:01.502+00;Deliverables;5;delivered;delivered;[];cc2f7b66-2463-4e86-b269-cdb7bf90add3;Tech stack - March;
;;6a6c0b83-0123-431f-843a-3b961aadb352;Rezku POS - Ongoing Services - Post AGE;2026-03-16 13:42:21.472+00;2026-03-31 11:35:43.086+00;Deliverables;5;delivered;delivered;[];489246e3-db32-4fa4-9def-8664bdf5d4d5;Facilitate Client Meetings - March;
;;deb20e29-45f3-4095-ae7e-8952961b9806;Rod Miller - Content marketing services;2026-03-26 09:58:52.919+00;2026-03-31 10:37:30.221+00;Deliverables;10;delivered;delivered;[];25cc37f2-19d5-4180-ada5-efc1ba2bcc11;Develop thought leadership blog post - How to prevent HVAC breakdown;
;;833f1003-bf16-434b-afab-a705072e5eef;Bazaarvoice - Content marketing services;2026-03-30 16:09:40.059+00;2026-03-31 10:21:47.291+00;ToDos;;not_started;delivered;[];77a32725-87b7-40ac-940d-e01ca2582779;Client review video ads;
;;6061d0c2-de11-40b9-8824-1ccd80a970d6;Global Shared Services - Marketing Services;2026-02-27 17:27:38.53+00;2026-03-31 08:25:20.87+00;Deliverables;10;delivered;delivered;[];11864b0a-6bd6-4823-84ef-e52d62d2fe0b;Facilitate Client Meetings (March);
;;6061d0c2-de11-40b9-8824-1ccd80a970d6;Global Shared Services - Marketing Services;2026-02-25 17:41:54.907+00;2026-03-31 08:24:50.305+00;Deliverables;10;delivered;delivered;[];06a68d15-595a-4da4-a3be-28ccc3ac3524;Manage ABM (March);
;;ff2ef389-756d-4ece-b525-93fab32170d6;Planon - Marketing Services;2026-02-24 20:57:08.79+00;2026-03-31 04:14:09.261+00;ToDos;;not_started;delivered;[];eb0adbd1-ec7b-41e5-bf82-1760cba75866;Remove Survey Monkey from April's Tech Stack;
;;72cdc11e-fd4f-4d90-8688-1fc1484de2b0;Kersten Talent Capital - Aligned Growth Engine Ongoing Services;2026-03-24 21:43:53.523+00;2026-03-31 01:49:23.642+00;Deliverables;12;delivered;delivered;[];8f5f754a-a26c-4968-8005-1add7d007db0;HubSpot Cleanup;
;;766143e6-ec3b-40c7-9ced-b22b48dad907;"FoxyAI - Creative; digital; web services";2026-03-25 17:01:29.158+00;2026-03-31 01:36:19.492+00;ToDos;;not_started;delivered;[];af6ad96a-8718-4d4b-85bd-b692bbff3b94;March blog - Software is dying with agents;
;;766143e6-ec3b-40c7-9ced-b22b48dad907;"FoxyAI - Creative; digital; web services";2026-03-31 01:33:41.296+00;2026-03-31 01:34:14.577+00;Deliverables;12;delivered;delivered;[];56ef43a7-44c1-4421-a886-60bfca630266;March Blog & Social Posts;
;;b410cb80-1021-4f01-a158-c3e6ac32723d;Ecosystems - Ongoing Marketing Services;2026-03-23 18:53:48.492+00;2026-03-30 22:12:23.041+00;ToDos;;not_started;delivered;[];cfb8713b-c6ce-45c3-96f6-979fc8b3cb79;Review Cybersecurity CVC - outreach sequence (v3);
;;3f032f15-833e-4d7d-9347-381febf6d953;PTO Exchange - Marketing Services;2026-03-29 20:34:19.841+00;2026-03-30 22:06:25.532+00;Deliverables;3;delivered;delivered;[];a4d87d94-f238-43e8-af06-20f6c82fe2f8;[HubSpot Reset Week 1]: Analyze Non-Marketing Contacts for ICP Opportunities;
;;3f032f15-833e-4d7d-9347-381febf6d953;PTO Exchange - Marketing Services;2026-03-29 21:24:25.747+00;2026-03-30 21:56:57.447+00;Deliverables;10;delivered;delivered;[];4216f4f3-903e-4083-bb80-bf1c0c62ce68;Develop performance reporting dashboard;
;;db0afec5-85bc-41b0-8c0f-79b368eb3b16;Rugged Robotics - Marketing services;2026-03-18 18:28:10.693+00;2026-03-30 20:13:22.46+00;Deliverables;5;delivered;delivered;[];32a5af1e-b7e9-4c71-83b4-4958eb8eb7fd;Develop thought leadership content topics;
;;75b32155-1255-4d17-b437-152e300521a0;ThreatMark - Marketing services;2026-03-30 16:59:58.987+00;2026-03-30 19:21:28.181+00;Deliverables;;delivered;delivered;[];7393ff0c-37c2-456d-97f3-e163ffd341bf;Optimization on Google Ads: CTA to HomePage;600000
;;18194a27-f4fd-4f8a-b974-7e8dcaea1d46;Syncro - Content marketing services;2026-02-26 10:52:47.706+00;2026-03-30 19:14:47.335+00;Deliverables;5;delivered;delivered;[];3140fbc4-f797-409f-9260-ddda84183524;Tech stack (March);
;;72cdc11e-fd4f-4d90-8688-1fc1484de2b0;Kersten Talent Capital - Aligned Growth Engine Ongoing Services;2026-03-24 21:45:26.17+00;2026-03-30 19:11:57.953+00;ToDos;;not_started;delivered;[];1fbb6849-1ff1-4fbd-8584-55310d0ff750;Update KTC Search LinkedIn;
;;db0afec5-85bc-41b0-8c0f-79b368eb3b16;Rugged Robotics - Marketing services;2026-03-13 05:24:38.681+00;2026-03-30 19:10:57.171+00;Deliverables;5;delivered;delivered;[];3d995797-335a-46a4-a3c0-0263c1bec37b;ABM Email Performance Analysis;
;;fabe8d32-ab02-4c3b-a8f6-ff63b75dcba7;Washington Speakers Bureau - Ongoing Marketing Services;2026-02-27 15:04:43.194+00;2026-03-30 18:59:20.8+00;Deliverables;20;delivered;delivered;[];6b74a989-8a6c-4906-b046-b2159108062e;[Management] Facilitate Client Meetings - (March);
;;ff2ef389-756d-4ece-b525-93fab32170d6;Planon - Marketing Services;2026-02-21 21:48:42.969+00;2026-03-30 17:34:54.539+00;Deliverables;5;delivered;delivered;[];23223d9f-ae50-4945-9d22-b5e50d06b388;Manage performance reporting (March);
;;e7336694-2c40-4fcf-a7ef-4d0460f053c8;"Powerhouse Gym - Creative; digital; website services";2026-02-21 21:54:48.019+00;2026-03-30 17:34:51.744+00;Deliverables;6;delivered;delivered;[];5511711f-44b1-4fa0-8ec4-0bdf8f5311cd;Hubspot & Paid Media Support - March;
;;e7336694-2c40-4fcf-a7ef-4d0460f053c8;"Powerhouse Gym - Creative; digital; website services";2026-02-21 21:55:29.598+00;2026-03-30 17:34:30.424+00;Deliverables;10;delivered;delivered;[];e2c9591d-07a1-457b-a681-643f2140c88a;Facilitate Client Meetings - March;
;;7b7f4acf-a215-4f42-8ea4-51bb4491b01b;Acacia Advisors - Ongoing Marketing Services;2026-02-17 15:50:39.531+00;2026-03-30 17:34:17.848+00;Deliverables;15;delivered;delivered;[];a053def5-e97e-4ed0-bcf8-368a65ade613;Tech stack - March;
;;7b7f4acf-a215-4f42-8ea4-51bb4491b01b;Acacia Advisors - Ongoing Marketing Services;2026-02-17 17:06:41.76+00;2026-03-30 17:34:14.706+00;Deliverables;10;delivered;delivered;[];e59fe7a6-2964-437f-9ba9-c1ce2b2b2a66;Facilitate Client Meetings - March;
;;4aa1e0b0-c66a-4025-b0a2-2d1b998c8d99;AutoBytes - 2026 Services;2026-02-21 21:33:11.581+00;2026-03-30 17:33:17.765+00;Deliverables;10;delivered;delivered;[];b91eef8f-82b0-41c1-bd1b-cf0b46b9f73f;Facilitate Client Meetings - March;
;;766143e6-ec3b-40c7-9ced-b22b48dad907;"FoxyAI - Creative; digital; web services";2026-02-21 21:35:12.11+00;2026-03-30 17:33:15.597+00;Deliverables;5;delivered;delivered;[];741b3dad-c06a-4246-b78b-cfb24cf9463e;Manage web - March;
;;c8bd9166-2a8e-4824-9bbb-304f1d8ce014;Numeric - Podcast services;2026-02-21 21:38:27.141+00;2026-03-30 17:33:14.062+00;Deliverables;5;delivered;delivered;[];206c28a8-e0f5-4ebe-8dfa-49bff73a051f;Facilitate Bi-Weekly Meetings (March);
;;c8bd9166-2a8e-4824-9bbb-304f1d8ce014;Numeric - Podcast services;2026-02-21 21:40:15.056+00;2026-03-30 17:33:06.356+00;Deliverables;5;delivered;delivered;[];a7a9d053-309d-4d31-af98-f864520aa483;Manage SEO (March);
;;c8bd9166-2a8e-4824-9bbb-304f1d8ce014;Numeric - Podcast services;2026-02-21 21:45:33.913+00;2026-03-30 17:33:02.618+00;Deliverables;6;delivered;delivered;[];e9d8e663-5d7f-4a91-9d3e-801e23b4b462;Tech stack (March);
;;c8bd9166-2a8e-4824-9bbb-304f1d8ce014;Numeric - Podcast services;2026-02-21 21:46:12.602+00;2026-03-30 17:32:58.153+00;Deliverables;6;delivered;delivered;[];79ae54d0-10e0-4a90-be36-347d677d515f;Update Accounting Careers Board (March);
;;ff2ef389-756d-4ece-b525-93fab32170d6;Planon - Marketing Services;2026-02-21 21:49:36.213+00;2026-03-30 17:32:55.153+00;Deliverables;24;delivered;delivered;[];e9703a4a-6c1e-4710-8cd5-6170c50f96a6;Tech Stack (March);
;;ff2ef389-756d-4ece-b525-93fab32170d6;Planon - Marketing Services;2026-02-21 21:50:10.642+00;2026-03-30 17:32:53.283+00;Deliverables;10;delivered;delivered;[];27f9c23e-84a3-4e2e-9fc2-7633b5c19680;Facilitate Client Meetings (March);
;;e7336694-2c40-4fcf-a7ef-4d0460f053c8;"Powerhouse Gym - Creative; digital; website services";2026-02-21 21:52:09.467+00;2026-03-30 17:32:47.998+00;Deliverables;8;delivered;delivered;[];6319416d-36a7-4d17-9cdb-5c6e47836787;Manage paid media - March;
;;292bf658-a285-4fdd-a6e5-d352a30347c9;Sedra Solutions - Marketing services;2026-02-22 16:21:46.21+00;2026-03-30 17:32:42.931+00;Deliverables;10;delivered;delivered;[];1511d5ac-795d-4eb3-a0d7-60ecd61e977d;Develop social content (Fahad's Page - March);
;;292bf658-a285-4fdd-a6e5-d352a30347c9;Sedra Solutions - Marketing services;2026-02-22 16:25:35.926+00;2026-03-30 17:32:40.055+00;Deliverables;10;delivered;delivered;[];1527e772-fd11-423b-9f2c-e26cac556f08;Develop social content (Sedra's Page - March);
;;292bf658-a285-4fdd-a6e5-d352a30347c9;Sedra Solutions - Marketing services;2026-02-22 16:29:00.586+00;2026-03-30 17:32:36.541+00;Deliverables;22;delivered;delivered;[];df5b0da5-9b43-4c4d-afb8-c3bb1e2c1598;Tech Stack (March);
;;292bf658-a285-4fdd-a6e5-d352a30347c9;Sedra Solutions - Marketing services;2026-02-22 16:27:14.173+00;2026-03-30 17:32:33.958+00;Deliverables;5;delivered;delivered;[];f821cb68-18b4-40be-b608-cea697e14de7;Manage web (March);
;;292bf658-a285-4fdd-a6e5-d352a30347c9;Sedra Solutions - Marketing services;2026-02-22 18:50:42.894+00;2026-03-30 17:32:31.314+00;Deliverables;10;delivered;delivered;[];ff43a8e9-09a4-4de7-a941-be61b948ce56;Facilitate Client Meetings (March);
;;292bf658-a285-4fdd-a6e5-d352a30347c9;Sedra Solutions - Marketing services;2026-02-22 18:46:57.079+00;2026-03-30 17:32:28.429+00;Deliverables;10;delivered;delivered;[];420e779a-3006-4254-9348-a37633c8edcc;Manage ABM (March);
;;292bf658-a285-4fdd-a6e5-d352a30347c9;Sedra Solutions - Marketing services;2026-02-22 16:31:09.934+00;2026-03-30 17:32:26.031+00;Deliverables;8;delivered;delivered;[];0bfe88aa-ccc4-44a8-a297-dffefa3b5769;Manage paid media (March);
;;fabe8d32-ab02-4c3b-a8f6-ff63b75dcba7;Washington Speakers Bureau - Ongoing Marketing Services;2026-02-26 23:01:20.962+00;2026-03-30 16:38:04.57+00;Deliverables;5;delivered;delivered;[];0047f36b-e859-4ace-9397-127d50972202;[SEO/AEO/GEO] Manage SEO - (March);
;;75b32155-1255-4d17-b437-152e300521a0;ThreatMark - Marketing services;2026-03-30 14:22:34.322+00;2026-03-30 16:36:31.881+00;ToDos;;not_started;delivered;[];290435d1-00de-445b-96e2-ff4391ffaac6;3.30.26 Meeting Notes;
;;6a6c0b83-0123-431f-843a-3b961aadb352;Rezku POS - Ongoing Services - Post AGE;2026-02-27 20:05:52.31+00;2026-03-30 16:02:46.668+00;Deliverables;19;delivered;delivered;[];29e31d9c-462d-4959-86fa-4f8132d5547b;Tech stack (March);
;;a3899b64-d779-4aee-afbb-d43e2125ccf8;VITAL - Marketing services;2026-02-26 10:38:16.634+00;2026-03-30 15:47:20.264+00;Deliverables;5;delivered;delivered;[];26b4ce3c-1aff-4797-a607-4b0f491c84fc;Manage web (March);
;;81a43ee4-a5a5-4852-a86b-4cbaf13bfeec;Tyfone - Content marketing services;2026-03-20 12:53:29.621+00;2026-03-30 15:45:46.511+00;Deliverables;14;delivered;delivered;[];0e05eb8e-aa6b-4989-a41a-b507d5255735;86e0fx836 - Tyfone - Digital Banking Podcast - Jamie Sumner;
;;81a43ee4-a5a5-4852-a86b-4cbaf13bfeec;Tyfone - Content marketing services;2026-03-20 12:50:12.457+00;2026-03-30 15:45:41.408+00;Deliverables;14;delivered;delivered;[];2b97484f-392c-4a5e-a7d2-80a38e839f42;86e0fx5z7 - Tyfone - Digital Banking Podcast - Robin Sims-Allen;
;;75b32155-1255-4d17-b437-152e300521a0;ThreatMark - Marketing services;2026-03-06 20:09:44.808+00;2026-03-30 15:02:39.018+00;Deliverables;5;delivered;delivered;[];8f1916cd-3aa3-4a4f-8361-17c7b10cd134;Manage performance reporting - March;
;;75b32155-1255-4d17-b437-152e300521a0;ThreatMark - Marketing services;2026-03-06 20:08:16.282+00;2026-03-30 15:02:30.194+00;Deliverables;5;delivered;delivered;[];1de5b0d5-2de2-4449-a308-140e848761d3;Manage web - March;
;;3f032f15-833e-4d7d-9347-381febf6d953;PTO Exchange - Marketing Services;2026-03-29 21:55:10.497+00;2026-03-30 15:01:12.249+00;ToDos;;not_started;delivered;[];a28eb68a-4811-4707-a8ec-ddfb5f400223;Compile paid media receipts;2700000
;;a3991937-58e5-4d1d-b591-3be6943c6f41;Milestone Towers - Ongoing Marketing Services;2026-03-06 18:37:54.118+00;2026-03-30 14:40:11.085+00;Deliverables;15;delivered;delivered;[];25eb7ba8-c274-4a3b-801d-499252b74a7b;Develop slide deck or presentation - Carrier Deck;
;;a3899b64-d779-4aee-afbb-d43e2125ccf8;VITAL - Marketing services;2026-03-17 20:28:17.393+00;2026-03-30 14:35:15.318+00;Deliverables;0;delivered;delivered;[];325cb0f6-714f-48aa-bfc6-ea7f54c13bd7;Distribute Episode - Parker Cox;
;;833f1003-bf16-434b-afab-a705072e5eef;Bazaarvoice - Content marketing services;2026-02-19 19:39:54.966+00;2026-03-30 14:30:43.636+00;Deliverables;20;delivered;delivered;[];1a8e0dda-f9e6-4066-967a-5be4153a3fb8;Create video ads for Bazaarvoice Summit;
;;b1f3ae44-0316-492e-aef1-bb260b814482;Techmode - Marketing services;2026-02-25 16:24:11.681+00;2026-03-30 13:50:40.146+00;Deliverables;8;delivered;delivered;[];59d7f96d-6ecd-4435-aa06-21352b2a394c;Manage paid media (March);
;;72cdc11e-fd4f-4d90-8688-1fc1484de2b0;Kersten Talent Capital - Aligned Growth Engine Ongoing Services;2026-02-24 16:49:13.099+00;2026-03-30 13:33:41.132+00;Deliverables;5;delivered;delivered;[];124d6537-2d37-41c5-9cca-55b6a047273a;Tech stack - March;
;;cec48bff-a24c-43d2-a56e-4da7b806daf9;Ease - Podcast Services;2026-02-25 16:01:10.892+00;2026-03-30 13:31:01.765+00;Deliverables;10;delivered;delivered;[];3299b5f3-15c3-47d7-9937-5e54b4ea688a;Facilitate Client Meetings (March);
;;a3899b64-d779-4aee-afbb-d43e2125ccf8;VITAL - Marketing services;2026-03-24 13:25:36.442+00;2026-03-30 12:44:35.011+00;Deliverables;10;delivered;delivered;[];100855af-3e1f-4539-b25e-aaae6f52294b;86e0hfw8b - VITAL - The Flywheel Effect - Randy Warner;
;;2c5e8c37-7f7e-4a25-9033-32a71f191a9a;DocLib - Ongoing Services;2026-03-24 17:20:25.869+00;2026-03-30 01:25:53.543+00;ToDos;;not_started;delivered;[];a12d1a76-5f2c-4f65-bb19-27adb4849966;DocLib Followups;
;;e7336694-2c40-4fcf-a7ef-4d0460f053c8;"Powerhouse Gym - Creative; digital; website services";2026-03-25 15:39:27.739+00;2026-03-29 22:53:41.686+00;Deliverables;1;delivered;delivered;[];52a86ad4-e7d4-4ca2-909d-99d8c807441f;Update Follow-up Tasks workflow;
;;2c5e8c37-7f7e-4a25-9033-32a71f191a9a;DocLib - Ongoing Services;2026-03-04 20:38:47.527+00;2026-03-29 15:28:19.368+00;Deliverables;15;delivered;delivered;[];e05c6011-3ab8-45fd-9967-4a09450ab014;Set up performance reporting;
;;2c5e8c37-7f7e-4a25-9033-32a71f191a9a;DocLib - Ongoing Services;2026-03-04 20:37:08.446+00;2026-03-29 15:00:54.386+00;Deliverables;10;delivered;delivered;[];b6e9bae7-e354-4574-b9ad-b9977a618095;Develop image ad creative package;
;;8e4bcd63-cf2d-4673-9b05-78bac6fa4657;Wilburn - Content marketing services;2026-03-26 09:50:28.069+00;2026-03-28 00:19:39.562+00;ToDos;;not_started;delivered;[];9ed70e78-96d5-40a3-90f1-8a86be0b9b32;Conduct keyword and topic research;3600000
;;deb20e29-45f3-4095-ae7e-8952961b9806;Rod Miller - Content marketing services;2026-03-26 09:46:09.502+00;2026-03-28 00:03:09.715+00;ToDos;;not_started;delivered;[];bc6df25b-6796-41fc-a19f-669d32ba87f9;Conduct keyword and topic research;3600000
;;ca141f89-32e5-42c5-8c4d-bb32dee9aef2;BioSafe - Marketing services;2026-02-25 15:44:15.394+00;2026-03-27 21:44:26.051+00;Deliverables;10;delivered;delivered;[];4578d562-b06f-4cc9-a947-fe776838e446;Manage ABM (March);
;;ca141f89-32e5-42c5-8c4d-bb32dee9aef2;BioSafe - Marketing services;2026-02-25 15:43:01.826+00;2026-03-27 21:44:09.08+00;Deliverables;10;delivered;delivered;[];e24db1a9-12c7-4588-a710-f8ab8b6beeef;Manage content (March);
;;ca141f89-32e5-42c5-8c4d-bb32dee9aef2;BioSafe - Marketing services;2026-02-25 15:42:44.386+00;2026-03-27 21:42:32.131+00;Deliverables;8;delivered;delivered;[];53f87206-10b8-40ae-8298-870093ce555e;Manage paid media (March);
;;ca141f89-32e5-42c5-8c4d-bb32dee9aef2;BioSafe - Marketing services;2026-02-25 15:42:24.565+00;2026-03-27 21:42:28.671+00;Deliverables;5;delivered;delivered;[];14c77bf5-cb29-4735-96c3-b0794ccb5ccb;Manage performance reporting (March);
;;3f032f15-833e-4d7d-9347-381febf6d953;PTO Exchange - Marketing Services;2026-03-24 17:07:03.921+00;2026-03-27 21:36:50.65+00;Deliverables;10;delivered;delivered;[];ca72db07-dc7f-48da-a1f6-8f7eb88a1203;Set up campaign [Lockton People & Culture Event];
;;b410cb80-1021-4f01-a158-c3e6ac32723d;Ecosystems - Ongoing Marketing Services;2026-03-26 21:32:01.609+00;2026-03-27 20:53:11.602+00;ToDos;;not_started;delivered;[];afd5a48f-3b36-46b5-a570-9628e1157668;Set up Smartlead and HeyReach activity in HubSpot;17924753
;;75b32155-1255-4d17-b437-152e300521a0;ThreatMark - Marketing services;2026-03-27 12:56:47.308+00;2026-03-27 19:48:43.289+00;Deliverables;15;delivered;delivered;[];993d3bc1-9ee4-40fb-8956-4f09098a0855;Standalone short video - client request;3600000
;;a3991937-58e5-4d1d-b591-3be6943c6f41;Milestone Towers - Ongoing Marketing Services;2026-02-26 10:56:37.446+00;2026-03-27 19:36:18.591+00;Deliverables;18;delivered;delivered;[];104299ea-5cd4-4152-8221-b58f5dd5e280;Facilitate Client Meetings (March);
;;1194e57c-a4a6-4e1e-bac3-83c4ff3c4ad7;Gallagher & Mohan - Ongoing Marketing Services - Post AGE;2026-03-23 21:37:51.415+00;2026-03-27 19:21:19.873+00;ToDos;;not_started;delivered;[];74c2de8e-bae0-4182-8af3-bf9492faf740;Update ABM assets based on feedback;
;;fabe8d32-ab02-4c3b-a8f6-ff63b75dcba7;Washington Speakers Bureau - Ongoing Marketing Services;2026-03-20 19:44:19.701+00;2026-03-27 18:50:33.442+00;ToDos;;not_started;delivered;[];ab615a53-23c3-48c9-97ce-7dcc53d33ac6;Review Marketing Operations Plan Deck and Document;
;;72cdc11e-fd4f-4d90-8688-1fc1484de2b0;Kersten Talent Capital - Aligned Growth Engine Ongoing Services;2025-12-04 22:35:27.18+00;2026-03-27 18:49:04.346+00;Deliverables;15;delivered;delivered;[];95be4845-886f-4dad-bce6-4504ad653583;Set up content & create graphics package;
;;bf57e936-b322-4b36-bf32-174d44c65e09;Verisk - Marketing services;2026-02-26 10:55:24.063+00;2026-03-27 17:47:15.228+00;Deliverables;10;delivered;delivered;[];ea211b6c-75d0-4786-a8ee-8744aecbcb31;Facilitate Client Meetings (March);
;;a3899b64-d779-4aee-afbb-d43e2125ccf8;VITAL - Marketing services;2026-03-15 17:27:44.231+00;2026-03-27 17:36:11.942+00;Deliverables;15;delivered;delivered;[];c3119b96-cdba-4543-a843-41995f02ab0d;Create an Interview Video;
;;ec1251b4-8dd8-4f12-ba68-1e923a54c460;Hydrian - Marketing services;2026-02-27 15:53:40.861+00;2026-03-27 16:50:07.349+00;Deliverables;10;delivered;delivered;[];5ed897c1-92dc-49ff-80f4-e9662c7d74af;Facilitate Client Meetings (March);
;;b410cb80-1021-4f01-a158-c3e6ac32723d;Ecosystems - Ongoing Marketing Services;2026-02-25 17:40:44.538+00;2026-03-27 16:38:13.09+00;Deliverables;9;delivered;delivered;[];4abeb1a3-c4eb-44dd-bf85-94c6ab9e0fd8;Tech stack [March];
;;ec1251b4-8dd8-4f12-ba68-1e923a54c460;Hydrian - Marketing services;2026-02-27 15:54:38.475+00;2026-03-27 16:37:47.344+00;Deliverables;21;delivered;delivered;[];30bfa89f-43c8-4c14-a88b-bcdbac1887e1;Tech stack (March);
;;965b21f3-8748-420c-aaf3-b3fdcaa2f504;iCorps - Marketing Services;2026-03-25 14:58:04.123+00;2026-03-27 16:09:06.711+00;ToDos;;not_started;delivered;[];b43e9d3a-52e0-4af8-a096-31553f581c53;Update homepage meeting CTA: pop-up form;2700000
;;6a6c0b83-0123-431f-843a-3b961aadb352;Rezku POS - Ongoing Services - Post AGE;2026-02-05 21:40:50.748+00;2026-03-27 15:18:23.852+00;Deliverables;15;delivered;delivered;[];a51ec815-3e71-4d05-ba3e-c2a6a35a81bc;Develop Paid Media Plan Document;
;;6a6c0b83-0123-431f-843a-3b961aadb352;Rezku POS - Ongoing Services - Post AGE;2026-02-24 16:37:14.79+00;2026-03-27 15:02:29.756+00;Deliverables;8;delivered;delivered;[];8215ef46-d10c-4cbd-8955-abbbafc6268f;Manage paid media (March);
;;833f1003-bf16-434b-afab-a705072e5eef;Bazaarvoice - Content marketing services;2026-01-13 13:56:00.063+00;2026-03-27 11:58:36.317+00;Deliverables;35;delivered;delivered;[];469c90c4-f72e-4473-bdbf-391ead4b8e53;Develop ebook w/ design for Bazaarvoice Summit + sales messaging;
;;b410cb80-1021-4f01-a158-c3e6ac32723d;Ecosystems - Ongoing Marketing Services;2026-02-25 17:39:13.688+00;2026-03-27 11:29:10.411+00;Deliverables;10;delivered;delivered;[];4e01efcd-7de0-4e8b-b051-52e97e0532d1;Facilitate Client Meetings [March];
;;b410cb80-1021-4f01-a158-c3e6ac32723d;Ecosystems - Ongoing Marketing Services;2026-03-13 12:29:16.657+00;2026-03-27 00:01:19.306+00;Deliverables;30;delivered;delivered;[];e544a4bb-f3e2-40bf-8a05-ba9f82d43fb2;Develop ABM Plan Document [Security Companies];
;;e50afe94-037e-49d6-8f2e-8c05ac7e3294;Data Assessment Solutions - Ongoing Marketing Services;2026-03-16 03:13:11.161+00;2026-03-26 23:26:20.539+00;ToDos;;not_started;delivered;[];2dcb6d12-c17a-4a42-8128-7baadd8e8bfe;Review new LinkedIn ads;
;;e50afe94-037e-49d6-8f2e-8c05ac7e3294;Data Assessment Solutions - Ongoing Marketing Services;2026-03-16 16:04:51.048+00;2026-03-26 23:26:20.539+00;ToDos;;not_started;delivered;[];5f51210b-f92f-4adb-bfac-990891c1ee28;Review email sequence: DACH ABM refresh;
;;66a4318e-0698-422f-854d-3aeb4c4bd804;WeFixFreight - Marketing services;2026-03-06 19:58:52.912+00;2026-03-26 22:10:15.168+00;Deliverables;5;delivered;delivered;[];0288f883-c015-458f-b2b8-e8dc8bfc9a6c;Tech stack - March;
;;66a4318e-0698-422f-854d-3aeb4c4bd804;WeFixFreight - Marketing services;2026-03-06 19:57:59.089+00;2026-03-26 22:10:11.069+00;Deliverables;8;delivered;delivered;[];ed937fb9-980c-4551-ac78-19102a1b3c7b;Manage paid media - March;
;;75b32155-1255-4d17-b437-152e300521a0;ThreatMark - Marketing services;2026-03-06 20:07:51.187+00;2026-03-26 21:46:38.744+00;Deliverables;8;delivered;delivered;[];7cc260eb-be8d-408d-88f3-57fee5a676c0;Manage paid media - March;
;;75b32155-1255-4d17-b437-152e300521a0;ThreatMark - Marketing services;2026-03-06 20:08:48.912+00;2026-03-26 21:44:00.258+00;Deliverables;16;delivered;delivered;[];085b09e8-78a8-435b-8011-4df564e54346;Tech Stack - March;
;;75b32155-1255-4d17-b437-152e300521a0;ThreatMark - Marketing services;2026-03-02 18:32:05.496+00;2026-03-26 21:42:02.815+00;Deliverables;5;delivered;delivered;[];f5bc2da6-fa6e-4ef7-b4a0-ab3d8998b24b;Set up paid media;
;;b410cb80-1021-4f01-a158-c3e6ac32723d;Ecosystems - Ongoing Marketing Services;2026-03-23 19:07:31.385+00;2026-03-26 21:29:03.372+00;ToDos;;not_started;delivered;[];751d4806-3874-4d25-a4a6-0012be6d2f52;ATX CVC Executive Forum - outreach sequences (v4);
;;75b32155-1255-4d17-b437-152e300521a0;ThreatMark - Marketing services;2026-03-06 20:10:11.471+00;2026-03-26 19:46:46.02+00;Deliverables;10;delivered;delivered;[];19424003-f1a5-4e28-937b-30679e6c8425;Facilitate Client Meetings - March;
;;75b32155-1255-4d17-b437-152e300521a0;ThreatMark - Marketing services;2026-03-24 17:18:16.812+00;2026-03-26 18:22:12.909+00;Deliverables;;delivered;delivered;[];a41ad164-807c-4740-be2a-fa18aad3f384;Update LinkedIn Campaign Graphics;
;;2c5e8c37-7f7e-4a25-9033-32a71f191a9a;DocLib - Ongoing Services;2026-03-24 16:27:07.851+00;2026-03-26 15:30:26.798+00;ToDos;;not_started;delivered;[];60076f7e-e6c8-4200-b994-8da61c5141d4;Review Updated Outreach Sequences;
;;a3899b64-d779-4aee-afbb-d43e2125ccf8;VITAL - Marketing services;2026-03-25 19:54:23.26+00;2026-03-26 14:55:58.119+00;ToDos;;not_started;delivered;[];6348c8f2-23c0-4f06-a881-dae81fe8a266;Replace link on website;600000
;;1d01a92d-8acf-44a9-ba25-535d596dab53;NEACH - Content marketing services;2026-02-26 10:56:22.833+00;2026-03-26 13:15:13.545+00;Deliverables;5;delivered;delivered;[];74d83f7b-7fd8-4506-b7d1-a0828f2fe67d;Facilitate Client Meetings (March);
;;68a3f3dd-323f-42cb-bade-55dd8454c49f;Inside Tracker - Podcast services;2026-02-26 11:07:58.068+00;2026-03-26 13:15:10.529+00;Deliverables;5;delivered;delivered;[];9b71a0ce-b9a6-4432-9428-be99fda62cc9;Facilitate Client Meetings (March);
;;a3899b64-d779-4aee-afbb-d43e2125ccf8;VITAL - Marketing services;2026-01-28 09:26:40.165+00;2026-03-26 12:34:38.474+00;Deliverables;10;delivered;delivered;[];85868f57-e894-400c-9882-ad95e22dd8d8;Manage social (March);
;;a3899b64-d779-4aee-afbb-d43e2125ccf8;VITAL - Marketing services;2026-02-26 10:34:37.521+00;2026-03-26 12:34:25.286+00;Deliverables;2;delivered;delivered;[];64c8ac08-1520-4312-bfc2-74bc099b995f;Facilitate Client Meetings (March);
;;2c5e8c37-7f7e-4a25-9033-32a71f191a9a;DocLib - Ongoing Services;2026-03-25 17:04:09.654+00;2026-03-26 09:59:37.428+00;ToDos;;not_started;delivered;[];e656883e-168f-4bc9-8424-603bbd07ad65;Add Factors.ai script on DocLib Website;1800000
;;deb20e29-45f3-4095-ae7e-8952961b9806;Rod Miller - Content marketing services;2025-12-29 14:44:55.46+00;2026-03-26 09:44:59.07+00;Deliverables;0;delivered;delivered;[];f30a6c2c-6c68-4b02-80a2-7f411d28053e;Develop thought leadership blog post - How do window AC units work (Deprioritized);
;;fabe8d32-ab02-4c3b-a8f6-ff63b75dcba7;Washington Speakers Bureau - Ongoing Marketing Services;2026-03-20 21:03:31.066+00;2026-03-25 21:49:56.675+00;ToDos;;not_started;delivered;[];3f518522-7578-4512-8ff7-6ad8fa7be4ff;Look into Clay audience builder;
;;75b32155-1255-4d17-b437-152e300521a0;ThreatMark - Marketing services;2026-03-25 13:27:35.065+00;2026-03-25 21:39:56.207+00;ToDos;;not_started;delivered;[];c0c21d47-7097-4eaa-b193-57e52ef35a54;Update onboarding package;
;;fabe8d32-ab02-4c3b-a8f6-ff63b75dcba7;Washington Speakers Bureau - Ongoing Marketing Services;2026-03-17 20:08:46.433+00;2026-03-25 21:36:59.869+00;ToDos;;not_started;delivered;[];49e269a9-5915-4784-8e0f-791379e1a95f;Schedule agent interview on Riverside with Nina;
;;66a4318e-0698-422f-854d-3aeb4c4bd804;WeFixFreight - Marketing services;2026-03-25 20:12:28.972+00;2026-03-25 21:02:50.487+00;ToDos;;not_started;delivered;[];a51bc56b-76e4-4f7d-b588-6c6181dc6b1a;Initiate Website Transfer on Kinsta;1800000
;;8e4bcd63-cf2d-4673-9b05-78bac6fa4657;Wilburn - Content marketing services;2026-02-26 10:30:03.008+00;2026-03-25 19:39:41.891+00;Deliverables;5;delivered;delivered;[];477e3661-814d-4ee7-aee3-213d9f796362;Manage web (March);
;;deb20e29-45f3-4095-ae7e-8952961b9806;Rod Miller - Content marketing services;2026-02-26 10:59:45.378+00;2026-03-25 19:32:53.226+00;Deliverables;5;delivered;delivered;[];a68c2e64-e53b-426b-9d8d-bfd7a723d719;Manage web (March);
;;3f032f15-833e-4d7d-9347-381febf6d953;PTO Exchange - Marketing Services;2026-03-17 16:33:27.556+00;2026-03-25 19:08:37.844+00;Deliverables;2;delivered;delivered;[];3164dd25-6c64-4e40-85e3-95c156a7731c;Meeting: Reporting & Dashboard Training;
;;6a9f190a-9e44-4b24-8f1d-d82022950bb9;Agrippon - Marketing services;2026-03-19 14:45:47.504+00;2026-03-25 19:08:04.937+00;ToDos;;not_started;delivered;[];2cedb985-ad10-4da7-9d58-1dc5180ac207;Add dates to lead status sheet;
;;ec1251b4-8dd8-4f12-ba68-1e923a54c460;Hydrian - Marketing services;2026-02-27 18:39:34.853+00;2026-03-25 18:58:18.314+00;ToDos;;not_started;delivered;[];f71b613f-db49-4cba-a558-d487375f8450;Review brochure;
;;ec1251b4-8dd8-4f12-ba68-1e923a54c460;Hydrian - Marketing services;2026-02-27 18:48:38.418+00;2026-03-25 17:31:57.542+00;ToDos;;not_started;delivered;[];534ec828-f07f-4144-86e3-4fd93a58f2a5;Put together thoughts on partnership strategy;
;;8e4bcd63-cf2d-4673-9b05-78bac6fa4657;Wilburn - Content marketing services;2026-02-04 12:58:08.397+00;2026-03-25 16:55:04.703+00;Deliverables;10;delivered;delivered;[];768036a2-404c-42e5-9950-2066dbef0155;Develop SEO blog post - Professional office cleaning;
;;3f032f15-833e-4d7d-9347-381febf6d953;PTO Exchange - Marketing Services;2026-03-24 17:54:01.387+00;2026-03-25 15:25:15.393+00;ToDos;;not_started;delivered;[];e9122661-08bd-4506-a56a-8f160466140f;Remove homepage webinar banner;900000
;;a3991937-58e5-4d1d-b591-3be6943c6f41;Milestone Towers - Ongoing Marketing Services;2026-03-06 18:35:26.685+00;2026-03-25 15:13:58.574+00;Deliverables;5;delivered;delivered;[];aa6bd821-6046-40d7-a009-5affb00abc61;Develop simple newsletter template;
;;ca141f89-32e5-42c5-8c4d-bb32dee9aef2;BioSafe - Marketing services;2026-03-05 18:21:51.333+00;2026-03-25 15:03:53.709+00;Deliverables;18;delivered;delivered;[];2282e323-a9ba-4fdc-84b9-29569def4f15;Optimize SEO web page - Tissue Digester;
;;ca141f89-32e5-42c5-8c4d-bb32dee9aef2;BioSafe - Marketing services;2026-03-09 20:02:56.24+00;2026-03-25 15:01:25.879+00;Deliverables;2;delivered;delivered;[];9d8f92f7-4bb7-4869-bdfa-54f15d3cf95b;Update Meta descriptions - Custom Applications;
;;ca141f89-32e5-42c5-8c4d-bb32dee9aef2;BioSafe - Marketing services;2026-02-06 15:45:14.391+00;2026-03-25 15:00:55.026+00;Deliverables;10;delivered;delivered;[];0fad17db-d3a3-40f5-bcc6-493c2f0e2637;Create SEO blog inspired by transcript - thermal treatment;
;;db0afec5-85bc-41b0-8c0f-79b368eb3b16;Rugged Robotics - Marketing services;2026-03-17 15:17:36.714+00;2026-03-25 14:00:41.778+00;Deliverables;3;delivered;delivered;[];8091b74f-4e1d-4860-9e5d-6bbb23706a54;Set up website URL mapping (redirects);
;;fabe8d32-ab02-4c3b-a8f6-ff63b75dcba7;Washington Speakers Bureau - Ongoing Marketing Services;2026-03-20 21:01:03.378+00;2026-03-25 13:51:40.335+00;ToDos;;not_started;delivered;[];e98db0fe-5f25-4029-ba4c-8b91d372c296;Look into Clay audience builder;7500000
;;75b32155-1255-4d17-b437-152e300521a0;ThreatMark - Marketing services;2026-03-17 13:59:19.942+00;2026-03-25 13:27:51.935+00;ToDos;;not_started;delivered;[];5cd340d4-a2f3-45f4-8b21-d07d431aab46;Edits to 86dzv6wup - Customer Testimonial Videos;
;;cec48bff-a24c-43d2-a56e-4da7b806daf9;Ease - Podcast Services;2025-07-25 15:58:58.445+00;2026-03-25 12:35:28.242+00;Deliverables;35;delivered;delivered;[];6a0e13e0-5d34-4ce8-9277-2f69c714500c;Develop product overview video;
;;db0afec5-85bc-41b0-8c0f-79b368eb3b16;Rugged Robotics - Marketing services;2026-03-18 14:23:59.307+00;2026-03-25 12:22:02.191+00;ToDos;;not_started;delivered;[];60c1a532-063f-499d-96a1-1e8302ee830b;Collect ABM unsubscribe list;1800000
;;18194a27-f4fd-4f8a-b974-7e8dcaea1d46;Syncro - Content marketing services;2026-02-26 10:56:13.174+00;2026-03-25 11:56:53.494+00;Deliverables;2;delivered;delivered;[];cf801d17-b72c-4552-b0ea-b281859ca2d8;Facilitate Client Meetings (March);
;;3f032f15-833e-4d7d-9347-381febf6d953;PTO Exchange - Marketing Services;2026-03-24 18:28:16.433+00;2026-03-25 11:02:46.612+00;ToDos;;not_started;delivered;[];ff19001a-e897-42b9-886c-878db1eadf27;Questions about incoming leads: Partners;900000
;;3f032f15-833e-4d7d-9347-381febf6d953;PTO Exchange - Marketing Services;2026-03-11 16:06:24.096+00;2026-03-24 23:08:34.658+00;ToDos;;not_started;delivered;[];a13bf715-a058-4ebd-bf29-81b10241e9f7;Prep for reporting meeting (3/25);
;;3f032f15-833e-4d7d-9347-381febf6d953;PTO Exchange - Marketing Services;2026-03-16 04:19:42.262+00;2026-03-24 21:49:21.92+00;Deliverables;10;delivered;delivered;[];3316fe89-8e8a-42f9-827d-2d9d678cb173;[OPS] Set up HubSpot: 1:1 ABM Campaign;
;;3f032f15-833e-4d7d-9347-381febf6d953;PTO Exchange - Marketing Services;2026-03-23 21:51:37.803+00;2026-03-24 20:57:59.187+00;ToDos;;not_started;delivered;[];8bdf1574-e078-41d9-b8cf-43518864ba1f;Export all Brokers: HubSpot -> Excel;1800000
;;fabe8d32-ab02-4c3b-a8f6-ff63b75dcba7;Washington Speakers Bureau - Ongoing Marketing Services;2026-02-18 22:16:37.077+00;2026-03-24 20:18:18.346+00;Deliverables;20;delivered;delivered;[];656e3f53-d09e-4a63-850d-81c5222a1438;[Content] Manage content - (March);
;;965b21f3-8748-420c-aaf3-b3fdcaa2f504;iCorps - Marketing Services;2026-03-18 16:15:54.382+00;2026-03-24 19:56:37.37+00;ToDos;;not_started;delivered;[];16874151-6729-4702-8548-fce8deda8839;ABM Industries: Historic Performance;3000000
;;3f032f15-833e-4d7d-9347-381febf6d953;PTO Exchange - Marketing Services;2026-03-23 21:41:11.456+00;2026-03-24 18:38:48.201+00;ToDos;;not_started;delivered;[];89e893eb-4f3d-4a54-8e48-f87140a6577f;Approve 1:Few Contact List before Enrichment (23,000 contacts);
;;2c5e8c37-7f7e-4a25-9033-32a71f191a9a;DocLib - Ongoing Services;2026-03-04 20:38:15.805+00;2026-03-24 18:23:57.986+00;Deliverables;12;delivered;delivered;[];04267e48-534f-4f5c-8956-30d19079edba;Develop web page;
;;6a9f190a-9e44-4b24-8f1d-d82022950bb9;Agrippon - Marketing services;2026-03-19 14:29:22.105+00;2026-03-24 18:23:25.514+00;ToDos;;not_started;delivered;[];69e18bee-76b1-49e2-be30-2e6f5116eeea;Develop Storylane demo to a new landing page;5400000
;;059db008-bde9-43e2-b5ea-2d8080194a92;"Ponce Bank - Creative; Digital; and Website Retainer";2026-03-23 15:53:39.908+00;2026-03-24 17:13:34.41+00;ToDos;;not_started;delivered;[];278ded84-9654-4f12-9042-19dfcfbf6130;Polish copy on toolkit;7200000
;;2c5e8c37-7f7e-4a25-9033-32a71f191a9a;DocLib - Ongoing Services;2026-03-22 15:26:19.925+00;2026-03-24 16:27:00.037+00;ToDos;;not_started;delivered;[];5175c396-1955-415f-8c0f-62bcb8415348;Review updated one-pager designs (Supplier portal);
;;2c5e8c37-7f7e-4a25-9033-32a71f191a9a;DocLib - Ongoing Services;2026-03-19 19:25:11.149+00;2026-03-24 16:26:57.372+00;ToDos;;not_started;delivered;[];c7e6564d-b51c-49c0-8a94-a87605bbfa1c;Review Outreach Sequences;
;;833f1003-bf16-434b-afab-a705072e5eef;Bazaarvoice - Content marketing services;2026-01-13 19:01:11.08+00;2026-03-24 15:25:51.285+00;Deliverables;25;delivered;delivered;[];c57c8315-5539-43e8-b415-12b91d2df45d;Develop graphics package for Bazaarvoice Summit - video ads;
;;fabe8d32-ab02-4c3b-a8f6-ff63b75dcba7;Washington Speakers Bureau - Ongoing Marketing Services;2026-03-20 16:30:21.992+00;2026-03-24 15:23:38.466+00;ToDos;;not_started;delivered;[];8bdd0393-28ba-49ae-9131-ba1457065aeb;Schedule Marketing Operations Plan Review Call;
;;fabe8d32-ab02-4c3b-a8f6-ff63b75dcba7;Washington Speakers Bureau - Ongoing Marketing Services;2026-03-02 14:08:06.701+00;2026-03-24 15:17:11.31+00;Deliverables;20;delivered;delivered;[];c4bc4693-a3a9-4bb7-b493-39a61c657293;[Leadership Lessons] Develop Content, Paid & Distribution Plan Document;
;;b410cb80-1021-4f01-a158-c3e6ac32723d;Ecosystems - Ongoing Marketing Services;2026-03-06 15:57:31.494+00;2026-03-24 15:01:15.939+00;Deliverables;10;delivered;delivered;[];998b6016-64b5-4e80-95cc-88f2f2a44330;Set up ABM [ATX: Customer Value Community Executive Forum];
;;deb20e29-45f3-4095-ae7e-8952961b9806;Rod Miller - Content marketing services;2026-02-26 10:58:29.997+00;2026-03-24 11:40:01.147+00;Deliverables;8;delivered;delivered;[];b394b7af-cf04-499d-a402-6fe34f4119f9;Manage paid media (March);
;;3f032f15-833e-4d7d-9347-381febf6d953;PTO Exchange - Marketing Services;2026-03-23 22:09:06.126+00;2026-03-23 22:48:41.991+00;ToDos;;not_started;delivered;[];b6301b32-ebf7-4039-8339-6ffe80e3acf7;Update Channel Partners target list in HubSpot;
;;3f032f15-833e-4d7d-9347-381febf6d953;PTO Exchange - Marketing Services;2026-03-19 08:47:00.976+00;2026-03-23 22:22:09.197+00;ToDos;;not_started;delivered;[];4ddab523-7a34-4a0e-b073-8d828a918c79;Adjust dates in marketing performance dashboard;6000000
;;1194e57c-a4a6-4e1e-bac3-83c4ff3c4ad7;Gallagher & Mohan - Ongoing Marketing Services - Post AGE;2026-03-23 04:40:43.109+00;2026-03-23 21:37:41.504+00;ToDos;;not_started;delivered;[];fd7b7b0d-af91-4ffd-aa4d-6f60c1da7ff2;Provide LinkedIn 'Business Manager' and 'Page' access;
;;ca141f89-32e5-42c5-8c4d-bb32dee9aef2;BioSafe - Marketing services;2026-03-16 20:40:07.572+00;2026-03-23 21:20:51.704+00;Deliverables;8;delivered;delivered;[];f0aeec41-1153-4773-9525-41520e5bcb67;Develop social content - (March);
;;b410cb80-1021-4f01-a158-c3e6ac32723d;Ecosystems - Ongoing Marketing Services;2026-03-18 17:30:02.729+00;2026-03-23 19:07:24.578+00;ToDos;;not_started;delivered;[];cf88a97b-de40-4115-befd-b496cd8eff2b;ATX CVC Executive Forum - outreach sequences (v3);
;;b410cb80-1021-4f01-a158-c3e6ac32723d;Ecosystems - Ongoing Marketing Services;2026-03-23 07:37:17.663+00;2026-03-23 18:53:43.952+00;ToDos;;not_started;delivered;[];7fed7c30-0825-4bea-879b-b4b309a8e8f9;Cybersecurity CVC - outreach sequence (v2);
;;e50afe94-037e-49d6-8f2e-8c05ac7e3294;Data Assessment Solutions - Ongoing Marketing Services;2026-03-20 14:43:18.908+00;2026-03-23 18:30:00.328+00;ToDos;;not_started;archived;[];d74dc7da-ed37-484f-8ee2-7816ed793d40;Create and share the new contact lists for review;
;;a3899b64-d779-4aee-afbb-d43e2125ccf8;VITAL - Marketing services;2026-02-26 10:52:13.72+00;2026-03-23 16:23:39.936+00;Deliverables;9;delivered;delivered;[];497184c8-2ba2-4667-babb-85b17a40c622;Tech stack (March);
;;833f1003-bf16-434b-afab-a705072e5eef;Bazaarvoice - Content marketing services;2026-03-23 16:18:57.426+00;2026-03-23 16:20:25.688+00;Deliverables;6;delivered;delivered;[];37173ef4-85ba-4d20-88c9-cd403251391c;Tech stack (March);
;;a3899b64-d779-4aee-afbb-d43e2125ccf8;VITAL - Marketing services;2026-03-19 16:37:51.86+00;2026-03-23 16:01:02.579+00;ToDos;;not_started;delivered;[];5aea24d5-a711-486c-8786-d736f037e23c;Review photo recommendations;
;;fabe8d32-ab02-4c3b-a8f6-ff63b75dcba7;Washington Speakers Bureau - Ongoing Marketing Services;2026-02-04 22:02:16.947+00;2026-03-23 15:52:02.786+00;Deliverables;50;delivered;delivered;[];ae3a4129-0900-4f43-9d1e-68bef305046b;[Operations] Develop Marketing Operations Plan;
;;75b32155-1255-4d17-b437-152e300521a0;ThreatMark - Marketing services;2026-03-10 19:41:47.83+00;2026-03-23 15:40:06.253+00;Deliverables;8;delivered;delivered;[];0afe85d8-0629-4029-8924-57b7a8300a8e;Set up LinkedIn Campaign – Spotlights & Success Stories;
;;e50afe94-037e-49d6-8f2e-8c05ac7e3294;Data Assessment Solutions - Ongoing Marketing Services;2026-03-20 14:36:18.536+00;2026-03-23 14:27:23.17+00;ToDos;;not_started;delivered;[];5c012509-0791-4746-aae5-868553ee14db;Build an Excel spreadsheet with all campaign data by channel (SmartLead, HeyReach, ads);3298646
;;1194e57c-a4a6-4e1e-bac3-83c4ff3c4ad7;Gallagher & Mohan - Ongoing Marketing Services - Post AGE;2026-03-19 09:59:54.798+00;2026-03-23 13:41:51.359+00;ToDos;;not_started;delivered;[];333e943f-f4dd-460b-ab0b-5b3f1322a992;Generate Factors.ai tracking scripts;1800000
;;db0afec5-85bc-41b0-8c0f-79b368eb3b16;Rugged Robotics - Marketing services;2026-03-18 18:24:08.193+00;2026-03-23 09:34:19.685+00;ToDos;;not_started;delivered;[];b645345d-eb9e-4556-a539-1efc4cde8c9f;Run error/404 check on the staging site;1800000
;;a3991937-58e5-4d1d-b591-3be6943c6f41;Milestone Towers - Ongoing Marketing Services;2026-02-27 16:21:48.997+00;2026-03-23 08:41:06.41+00;Deliverables;15;delivered;delivered;[];424b0b80-1c16-4b1e-8a0f-f4a596771a60;Develop slide deck or presentation - MLA Deck;
;;e50afe94-037e-49d6-8f2e-8c05ac7e3294;Data Assessment Solutions - Ongoing Marketing Services;2026-01-30 18:00:39.414+00;2026-03-23 08:33:32.092+00;Deliverables;12;archived;archived;[];5f8452d5-2d4e-4214-b73a-7e08e123fa57;Develop web page [Utilization Benchmark for IT Consultancies];
;;4aa1e0b0-c66a-4025-b0a2-2d1b998c8d99;AutoBytes - 2026 Services;2026-03-02 20:00:26.775+00;2026-03-22 19:06:54.807+00;Deliverables;30;delivered;delivered;[];997d654f-ec9e-4aca-b645-cf2a4d9fc52e;Develop ABM Plan Document;
;;7b7b3219-17cf-4974-8263-7e1c60c8917c;ECRI - 3 blog post content bundle;2025-05-30 19:23:03.497+00;2026-03-21 02:11:58.827+00;Deliverables;6;delivered;delivered;[];5cf5e450-2fd0-46e0-bd19-18050fcad447;ECRI - Blog Post Copy - Implications of underreporting falls in nursing homes;
;;059db008-bde9-43e2-b5ea-2d8080194a92;"Ponce Bank - Creative; Digital; and Website Retainer";2026-03-19 19:30:45.974+00;2026-03-20 20:54:51.683+00;ToDos;;not_started;delivered;[];e713aab4-a422-4610-b0a3-f2c39526f110;Update brand toolkit copy;13500000
;;2c5e8c37-7f7e-4a25-9033-32a71f191a9a;DocLib - Ongoing Services;2026-03-19 17:47:40.861+00;2026-03-20 20:44:24.671+00;ToDos;;not_started;delivered;[];e15640c5-22f4-4e3a-b1ad-93c4f6040be8;Update One Pager Design;3600000
;;1d01a92d-8acf-44a9-ba25-535d596dab53;NEACH - Content marketing services;2026-03-20 13:23:52.861+00;2026-03-20 19:49:05.171+00;ToDos;;not_started;delivered;[];5b66b8d7-1e27-449c-babf-97632ecf2474;Review episode assets;
;;18194a27-f4fd-4f8a-b974-7e8dcaea1d46;Syncro - Content marketing services;2025-10-31 17:07:40.526+00;2026-03-20 19:01:45.781+00;ToDos;;not_started;delivered;[];507c57c8-590e-41a4-be06-e0b997198aac;Client records video for Social clips Microsoft;
;;bf57e936-b322-4b36-bf32-174d44c65e09;Verisk - Marketing services;2026-03-05 14:55:40.676+00;2026-03-20 18:41:44.225+00;ToDos;;not_started;delivered;[];12fd00df-4580-4e85-8822-8f3621e8ff3e;Client review - Pat Sullivan blog post;
;;fabe8d32-ab02-4c3b-a8f6-ff63b75dcba7;Washington Speakers Bureau - Ongoing Marketing Services;2026-03-20 16:36:07.166+00;2026-03-20 18:32:10.36+00;ToDos;;not_started;delivered;[];147a7bb9-ecdb-40d3-8670-f52beea91ed5;Install Factors.ai script on WSB's website;900000
;;3f032f15-833e-4d7d-9347-381febf6d953;PTO Exchange - Marketing Services;2026-03-20 17:09:29.285+00;2026-03-20 17:44:19.042+00;ToDos;;not_started;delivered;[];4d0490cb-c8fa-41b2-a3c8-62b2af00e97d;Review ABM 1:Few Target Account List;
;;ade9bb8a-fde3-4756-a63e-11ce7f227292;Ricoh - Marketing services;2026-03-17 16:32:29.949+00;2026-03-20 16:57:45.887+00;Deliverables;2;delivered;delivered;[];b9bd3893-fb51-4921-94d2-b0751db37fac;Meeting: Brainstorming & Strategy Session;
;;72cdc11e-fd4f-4d90-8688-1fc1484de2b0;Kersten Talent Capital - Aligned Growth Engine Ongoing Services;2025-12-04 22:34:15.383+00;2026-03-20 16:34:17.043+00;Deliverables;10;delivered;delivered;[];5bb9dbea-3bb9-4dc5-b668-6f19458b2c6f;Set Up ABM;
;;6a6c0b83-0123-431f-843a-3b961aadb352;Rezku POS - Ongoing Services - Post AGE;2026-02-23 16:47:25.941+00;2026-03-20 16:19:31.429+00;Deliverables;10;delivered;delivered;[];566b6df5-3dc8-4d22-a50a-3a1a3b2922fa;Set up ABM;
;;e50afe94-037e-49d6-8f2e-8c05ac7e3294;Data Assessment Solutions - Ongoing Marketing Services;2026-03-10 16:44:57.339+00;2026-03-20 14:32:59.97+00;ToDos;;not_started;delivered;[];f12ac8b1-b9ae-43be-9f4c-4767e9ecf4d5;Review email sequence: High-Engagement Accounts;
;;1d01a92d-8acf-44a9-ba25-535d596dab53;NEACH - Content marketing services;2026-03-12 11:30:38.458+00;2026-03-20 13:21:54.69+00;Deliverables;10;delivered;delivered;[];50c4d7dd-0566-47cb-a6b9-58add3d59862;86e0aw9xk - NEACH - Payments on Tap - Mark Dixon Part 1;
;;a3991937-58e5-4d1d-b591-3be6943c6f41;Milestone Towers - Ongoing Marketing Services;2026-03-06 18:44:27.199+00;2026-03-20 11:25:21.77+00;Deliverables;15;delivered;delivered;[];f3aa1139-0ff0-4a51-af47-0c411c82e782;Website Messaging Audit;
;;81a43ee4-a5a5-4852-a86b-4cbaf13bfeec;Tyfone - Content marketing services;2026-02-26 10:56:01.716+00;2026-03-20 11:24:10.77+00;Deliverables;5;delivered;delivered;[];9a9b52f5-70b0-4d14-8caf-9fcbef79ff72;Facilitate Client Meetings (March);
;;18194a27-f4fd-4f8a-b974-7e8dcaea1d46;Syncro - Content marketing services;2026-03-11 11:13:23.049+00;2026-03-20 11:17:57.374+00;ToDos;;not_started;delivered;[];ce6bfb94-2579-471e-813b-c2a84fcf9ec2;Video strategy document;
;;3f032f15-833e-4d7d-9347-381febf6d953;PTO Exchange - Marketing Services;2026-03-16 05:56:30.144+00;2026-03-19 21:13:50.734+00;Deliverables;8;delivered;delivered;[];9add353f-a36b-4072-b0e8-65263e1d820f;Develop dynamic outreach sequence [Healthcare ABM 1:Few];
;;6a6c0b83-0123-431f-843a-3b961aadb352;Rezku POS - Ongoing Services - Post AGE;2026-03-18 19:56:08.142+00;2026-03-19 19:46:37.156+00;Deliverables;;delivered;delivered;[];28100881-b393-42ef-a285-f7b70171e1f2;Set up pizza expo ads;
;;6a6c0b83-0123-431f-843a-3b961aadb352;Rezku POS - Ongoing Services - Post AGE;2026-02-25 02:07:59.731+00;2026-03-19 19:46:20.161+00;Deliverables;8;delivered;delivered;[];92fce57e-eee5-479a-8822-8c1e87fb7153;Develop interactive calculator;
;;6a6c0b83-0123-431f-843a-3b961aadb352;Rezku POS - Ongoing Services - Post AGE;2026-02-05 21:41:22.513+00;2026-03-19 19:22:02.039+00;Deliverables;20;delivered;delivered;[];9b73db52-08ef-47af-a243-a0790ec2e16a;Develop Performance Reporting Plan Document;
;;a3991937-58e5-4d1d-b591-3be6943c6f41;Milestone Towers - Ongoing Marketing Services;2026-03-19 18:48:04.556+00;2026-03-19 19:13:45.564+00;ToDos;;not_started;delivered;[];de8ea989-39a4-41b0-9606-a9d84ba1dc63;Review comments on case studies questions;
;;2c5e8c37-7f7e-4a25-9033-32a71f191a9a;DocLib - Ongoing Services;2026-03-18 14:25:35.857+00;2026-03-19 17:48:24.813+00;ToDos;;not_started;delivered;[];ef3bcc9e-e088-441a-9fee-d46c5d84e0cb;DocLib requests 2;
;;2c5e8c37-7f7e-4a25-9033-32a71f191a9a;DocLib - Ongoing Services;2026-03-18 14:24:06.12+00;2026-03-19 17:47:25.683+00;ToDos;;not_started;delivered;[];2503fd40-91e7-4244-b708-966f7522a53f;DocLib requests;
;;a3991937-58e5-4d1d-b591-3be6943c6f41;Milestone Towers - Ongoing Marketing Services;2026-03-06 18:36:41.205+00;2026-03-19 17:39:15.538+00;Deliverables;15;delivered;delivered;[];62cbebd6-017f-4321-b68a-e523624276ec;Develop Social Plan Document;
;;2c5e8c37-7f7e-4a25-9033-32a71f191a9a;DocLib - Ongoing Services;2026-03-04 20:35:41.116+00;2026-03-19 17:01:36.58+00;Deliverables;24;delivered;delivered;[];23a765e3-793b-49aa-8ae5-0c4fd055cb5e;Develop dynamic outreach sequence (x3);
;;2c5e8c37-7f7e-4a25-9033-32a71f191a9a;DocLib - Ongoing Services;2026-03-04 20:34:50.789+00;2026-03-19 16:51:42.503+00;Deliverables;15;delivered;delivered;[];0514763f-4b80-40cf-b42f-81d572081175;Develop Paid Media Plan Document;
;;ec1251b4-8dd8-4f12-ba68-1e923a54c460;Hydrian - Marketing services;2026-02-10 21:24:02.125+00;2026-03-19 16:39:25.678+00;Deliverables;8;delivered;delivered;[];32a83aa8-3f19-4084-929c-54aa560e9537;Develop dynamic outreach sequence - ABM;
;;2c5e8c37-7f7e-4a25-9033-32a71f191a9a;DocLib - Ongoing Services;2026-03-04 20:35:06.172+00;2026-03-19 16:17:54.586+00;Deliverables;20;delivered;delivered;[];f637ee24-fd75-4f1d-b541-bb2612700400;Develop Performance Reporting Plan Document;
;;81a43ee4-a5a5-4852-a86b-4cbaf13bfeec;Tyfone - Content marketing services;2026-02-23 12:10:46.868+00;2026-03-19 16:14:22.532+00;Deliverables;15;delivered;delivered;[];4946a823-1404-4d6c-a1e8-4898a3049bda;Create speaking highlight video - Josh's CUES Presentation;
;;a3899b64-d779-4aee-afbb-d43e2125ccf8;VITAL - Marketing services;2026-02-13 14:23:23.052+00;2026-03-19 16:05:11.267+00;Deliverables;;delivered;delivered;[];c8d10223-ddcb-41f8-9e67-f68f0fba546d;Distribute blog - You’re Not Overworked. You’re Over-Involved.;
;;a3899b64-d779-4aee-afbb-d43e2125ccf8;VITAL - Marketing services;2026-03-11 17:31:10.537+00;2026-03-19 16:04:49.923+00;Deliverables;;delivered;delivered;[];a66cd84b-a1e8-4650-9ac5-342bb33e5f55;Distribute blog - Profit on Paper. Broke in the Bank;
;;81a43ee4-a5a5-4852-a86b-4cbaf13bfeec;Tyfone - Content marketing services;2026-03-13 14:15:36.802+00;2026-03-19 13:00:16.072+00;Deliverables;3;delivered;delivered;[];6263e241-1e1c-49b9-98d9-853cb3294571;Distribute Episode Keith Smith;
;;81a43ee4-a5a5-4852-a86b-4cbaf13bfeec;Tyfone - Content marketing services;2026-03-13 14:15:19.184+00;2026-03-19 12:54:19.622+00;Deliverables;3;delivered;delivered;[];df656a18-81a8-41a4-b4d9-de732caca579;Distribute Episode Derrick Aguilar;
;;81a43ee4-a5a5-4852-a86b-4cbaf13bfeec;Tyfone - Content marketing services;2026-03-13 14:15:31.9+00;2026-03-19 12:53:53.474+00;Deliverables;3;delivered;delivered;[];9af5df4b-ea0c-4e8c-aecf-d2c92a23fd6b;Distribute Episode Kosta Scholiadis;
;;b827cc0e-5a1f-420d-8f3d-951078161099;Ponce Bank - Website design and development;2026-03-11 14:52:12.546+00;2026-03-19 12:50:17.063+00;ToDos;;not_started;delivered;[];18b9bd22-d27d-426a-9301-cb0b83c2a39f;"""Bumps in the road"" document for Christina";
;;ade9bb8a-fde3-4756-a63e-11ce7f227292;Ricoh - Marketing services;2026-03-16 11:55:21.493+00;2026-03-19 09:50:09.174+00;Deliverables;8;delivered;delivered;[];6fcf75d5-de64-43e9-b587-20380dd0b838;Update Sales Guide [RICOH ProcessDirector];
;;3f032f15-833e-4d7d-9347-381febf6d953;PTO Exchange - Marketing Services;2025-07-14 19:42:27.3+00;2026-03-19 08:58:17.787+00;Goals;;not_started;archived;[];b2d3a0a5-8255-4282-bbc9-12a50c686b7a;125 inbound leads by FY26;
;;3f032f15-833e-4d7d-9347-381febf6d953;PTO Exchange - Marketing Services;2025-07-14 19:42:33.254+00;2026-03-19 08:58:17.787+00;Goals;;not_started;archived;[];abe302a1-798b-4abc-83c0-254bb16f0baf;20% employee utilization rate by FY26 in “Tier 1” accounts;
;;3f032f15-833e-4d7d-9347-381febf6d953;PTO Exchange - Marketing Services;2026-02-12 07:25:14.036+00;2026-03-19 08:57:32.177+00;ToDos;;not_started;delivered;[];4345dd0d-80d6-4e86-abd4-b246198b8d0f;[OPS] HubSpot Lead Quality Audit: 237K leads for duplicates, invalid emails, and disengaged contacts;
;;6a9f190a-9e44-4b24-8f1d-d82022950bb9;Agrippon - Marketing services;2026-03-16 02:38:58.17+00;2026-03-19 05:16:31.414+00;ToDos;;not_started;delivered;[];73d37258-ecd9-4cd6-a997-7278a339d3d6;Create Lead Tracker spreadsheet;
;;059db008-bde9-43e2-b5ea-2d8080194a92;"Ponce Bank - Creative; Digital; and Website Retainer";2026-03-16 17:43:44.09+00;2026-03-19 03:59:19.671+00;ToDos;;not_started;delivered;[];47b1e24b-240e-4209-bbe8-2995ca200c8f;Rewrite brand toolkit content;7200000
;;6d459e08-94c6-42b3-b296-d861d6e03560;RoboHead - Aligned Growth Engine Launch;2026-02-25 16:21:12.905+00;2026-03-19 01:28:50.846+00;Deliverables;40;delivered;delivered;[];84d33724-216e-41a9-a817-30f47cb23645;Develop Marketing Roadmap Document;
;;6a6c0b83-0123-431f-843a-3b961aadb352;Rezku POS - Ongoing Services - Post AGE;2026-02-24 14:41:26.109+00;2026-03-18 20:25:41.127+00;Deliverables;24;delivered;delivered;[];7d627cd6-182a-480b-960d-189e9b6cea43;Develop dynamic outreach sequences (3);
;;b410cb80-1021-4f01-a158-c3e6ac32723d;Ecosystems - Ongoing Marketing Services;2026-02-25 17:33:57.713+00;2026-03-18 20:24:23.682+00;Deliverables;20;delivered;delivered;[];1ae66a1c-629b-437f-9eb8-aab866279833;Develop Performance Reporting Plan Document;
;;6a6c0b83-0123-431f-843a-3b961aadb352;Rezku POS - Ongoing Services - Post AGE;2026-02-26 16:09:20.333+00;2026-03-18 20:05:30.945+00;Deliverables;10;delivered;delivered;[];dcbf6ab0-3138-41e4-9643-d2004f98a19d;Develop image ad creative package - Pizza expo;
;;a3991937-58e5-4d1d-b591-3be6943c6f41;Milestone Towers - Ongoing Marketing Services;2026-03-18 17:22:57.276+00;2026-03-18 19:54:28.783+00;ToDos;;not_started;delivered;[];2918c074-f2bb-4d43-a1c7-c99aaabdb7cc;Provide feedback on newsletter;
;;4aa1e0b0-c66a-4025-b0a2-2d1b998c8d99;AutoBytes - 2026 Services;2026-02-13 22:54:03.665+00;2026-03-18 19:04:31.011+00;Deliverables;20;delivered;delivered;[];5f858bdb-07ab-46ff-b430-aae644edd418;Develop Brand Guidelines Document;
;;75b32155-1255-4d17-b437-152e300521a0;ThreatMark - Marketing services;2026-03-17 15:29:54.323+00;2026-03-18 17:31:06.639+00;Deliverables;2;delivered;delivered;[];8b498417-6f11-4647-bd38-66d77d280607;Resolve GTM & CIPA Compliance;
;;6a6c0b83-0123-431f-843a-3b961aadb352;Rezku POS - Ongoing Services - Post AGE;2026-03-16 10:20:52.133+00;2026-03-18 16:48:01.142+00;Deliverables;;delivered;delivered;[];9887493d-967f-4799-8f68-80617aa608cf;Update image ad creatives;
;;b410cb80-1021-4f01-a158-c3e6ac32723d;Ecosystems - Ongoing Marketing Services;2026-03-18 16:36:56.948+00;2026-03-18 16:37:22.6+00;ToDos;;not_started;delivered;[];dc53d367-3965-4ce2-b479-279aeeecb5a3;ATX CVC Executive Forum - target account list;
;;81a43ee4-a5a5-4852-a86b-4cbaf13bfeec;Tyfone - Content marketing services;2026-03-11 19:48:12.8+00;2026-03-18 08:08:55.618+00;Deliverables;14;delivered;delivered;[];95a48ca9-7425-43c7-a72b-3b39793049e9;86e0afr03 - Tyfone - Digital Banking Podcast - JB Orecchia;
;;b410cb80-1021-4f01-a158-c3e6ac32723d;Ecosystems - Ongoing Marketing Services;2026-03-16 17:17:11.744+00;2026-03-18 01:26:41.39+00;ToDos;;not_started;delivered;[];ff4e2870-2650-4eee-98c1-799f77440ea9;Export the list of 298 opportunities from our audit ;
;;ca141f89-32e5-42c5-8c4d-bb32dee9aef2;BioSafe - Marketing services;2026-03-17 18:09:09.705+00;2026-03-18 00:17:39.045+00;ToDos;;not_started;delivered;[];fa7be370-377e-4030-90c2-99ca8b5c92f6;Look for Available Inventory Email;
;;6a9f190a-9e44-4b24-8f1d-d82022950bb9;Agrippon - Marketing services;2026-03-13 19:06:07.648+00;2026-03-17 22:47:27.117+00;ToDos;;not_started;delivered;[];b474e350-5d88-436f-b60b-91b7cbea8b8f;Add new podcast episode to website;1800000
;;fabe8d32-ab02-4c3b-a8f6-ff63b75dcba7;Washington Speakers Bureau - Ongoing Marketing Services;2026-03-13 17:42:08.217+00;2026-03-17 21:46:20.436+00;Deliverables;1;delivered;delivered;[];979d29cc-79a2-43a0-9304-a808c59b45a9;[Content] A1 Athletes Newsletter Recommendations;
;;afed095f-4924-4108-bca6-41dd146a5a45;AJ Nash - Podcast services;2026-03-13 11:45:05.125+00;2026-03-17 21:11:54.282+00;Deliverables;12;delivered;delivered;[];97d84180-5e04-4656-8b9c-95230d2bbb3d;86e0bjmay - Unspoken Security- Unspoken Security - Erin West;
;;b410cb80-1021-4f01-a158-c3e6ac32723d;Ecosystems - Ongoing Marketing Services;2026-03-17 20:49:33.062+00;2026-03-17 20:49:41.104+00;ToDos;;not_started;delivered;[];cb9a9272-388c-4437-8a41-375ad29e7beb;CVC / Cybersecurity Campaign - target account list;
;;b410cb80-1021-4f01-a158-c3e6ac32723d;Ecosystems - Ongoing Marketing Services;2026-03-17 20:17:25.398+00;2026-03-17 20:40:15.029+00;ToDos;;not_started;delivered;[];86705dc1-2d0d-44e8-a84e-23d20f4e5a8a;CVC / Cybersecurity Campaign - email and linkedIn sequences;
;;a3899b64-d779-4aee-afbb-d43e2125ccf8;VITAL - Marketing services;2026-03-10 17:00:56.053+00;2026-03-17 20:28:33.148+00;Deliverables;10;delivered;delivered;[];66e12ce5-b403-480c-a827-7a725634d5b0;86e09j2eu - VITAL - The Flywheel Effect - Parker Cox;
;;ff2ef389-756d-4ece-b525-93fab32170d6;Planon - Marketing Services;2026-01-27 21:24:20.966+00;2026-03-17 20:22:30.247+00;Deliverables;10;delivered;delivered;[];e7afaf25-138c-4e30-be99-e2201e299ff9;Set up & launch ABM;
;;fabe8d32-ab02-4c3b-a8f6-ff63b75dcba7;Washington Speakers Bureau - Ongoing Marketing Services;2026-03-12 17:39:09.058+00;2026-03-17 20:10:56.086+00;ToDos;;not_started;delivered;[];db990d08-c663-4934-b829-717ecdbbcadd;[SEO/AEO/GEO] Update SEO/AEO/GEO Audit & Plan Document;
;;965b21f3-8748-420c-aaf3-b3fdcaa2f504;iCorps - Marketing Services;2026-03-04 11:49:51.479+00;2026-03-17 19:50:36.04+00;Deliverables;8;delivered;delivered;[];af1744d7-c582-49ce-a0c6-75afbb1e9fa1;Develop an sales enablement PDF [Prospect-Facing One-Pager];
;;b410cb80-1021-4f01-a158-c3e6ac32723d;Ecosystems - Ongoing Marketing Services;2026-03-17 19:31:07.253+00;2026-03-17 19:32:57.792+00;ToDos;;not_started;archived;[];b24ddbff-6a8c-4831-98b8-de3e997312f4;Review outreach sequence: CVC Cybersecurity;
;;b410cb80-1021-4f01-a158-c3e6ac32723d;Ecosystems - Ongoing Marketing Services;2026-03-17 19:31:14.631+00;2026-03-17 19:32:57.792+00;ToDos;;not_started;archived;[];4623df66-3568-4f0d-bd3b-b8779e329c9d;Review target list: CVC Cybersecurity;
;;b410cb80-1021-4f01-a158-c3e6ac32723d;Ecosystems - Ongoing Marketing Services;2026-03-13 17:14:47.916+00;2026-03-17 19:32:10.779+00;ToDos;;not_started;delivered;[];a8699ff3-1a74-4a3f-936e-38a19e36dd7e;Review outreach sequence: ATX: Customer Value Community Executive Forum;
;;3f032f15-833e-4d7d-9347-381febf6d953;PTO Exchange - Marketing Services;2026-03-16 03:40:23.459+00;2026-03-17 18:33:40.642+00;Deliverables;10;delivered;delivered;[];c5fd4898-1762-45aa-901a-6187a3aae4df;Set up Channel Partners Campaign;
;;ff2ef389-756d-4ece-b525-93fab32170d6;Planon - Marketing Services;2026-02-08 21:08:08.826+00;2026-03-17 17:50:59.693+00;Deliverables;5;delivered;delivered;[];7081cbdd-ba4c-439a-b5ff-ad594bcf3455;Set up paid media - ABM;
;;3f032f15-833e-4d7d-9347-381febf6d953;PTO Exchange - Marketing Services;2026-02-26 06:48:09.617+00;2026-03-17 17:46:06.661+00;ToDos;;not_started;delivered;[];11a1f461-6d00-482d-bccf-dfb75e77b46e;Review Healthcare ABM Outreach Sequence;
;;3f032f15-833e-4d7d-9347-381febf6d953;PTO Exchange - Marketing Services;2026-02-26 07:05:30.756+00;2026-03-17 17:46:06.661+00;ToDos;;not_started;delivered;[];faf3e690-115f-41f7-9730-a72ef72aa729;Review benchmark report sequence update;
;;db0afec5-85bc-41b0-8c0f-79b368eb3b16;Rugged Robotics - Marketing services;2026-03-13 06:26:28.279+00;2026-03-17 15:17:18.645+00;ToDos;;not_started;delivered;[];ffbc65b7-76c9-46ea-b685-d842faeaaa1f;Finish remaining case studies for potential use in ad campaigns;
;;6a6c0b83-0123-431f-843a-3b961aadb352;Rezku POS - Ongoing Services - Post AGE;2026-02-05 21:41:51.261+00;2026-03-17 15:10:28.228+00;Deliverables;5;delivered;delivered;[];f0daece1-ee30-41be-bcbd-4cf5e3b41193;Facilitate Client Meetings;
;;66a4318e-0698-422f-854d-3aeb4c4bd804;WeFixFreight - Marketing services;2026-03-17 11:20:51.865+00;2026-03-17 14:27:20.192+00;ToDos;;not_started;delivered;[];8a8bb775-0df9-4868-a130-d5fa5c9e0733;Get login details for WFF to be able to log in to their website;900000
;;6a9f190a-9e44-4b24-8f1d-d82022950bb9;Agrippon - Marketing services;2026-03-13 17:40:28.179+00;2026-03-17 14:07:17.855+00;ToDos;;not_started;delivered;[];45f2c571-a249-41c8-a6f9-eba41dcd78ea;Set up email notifications: LinkedIn responses;3600000
;;3f032f15-833e-4d7d-9347-381febf6d953;PTO Exchange - Marketing Services;2026-03-16 05:03:45.292+00;2026-03-17 13:47:41.248+00;ToDos;;not_started;delivered;[];56fa3276-5af4-4652-8065-6b157f1403b6;Prepare Adroll recommendation;4500000
;;81a43ee4-a5a5-4852-a86b-4cbaf13bfeec;Tyfone - Content marketing services;2026-03-13 14:15:25.617+00;2026-03-17 12:39:14.493+00;Deliverables;3;delivered;delivered;[];916fe4ee-c587-4ac2-b3fa-c0d4fc0ee425;Distribute Episode Frank Hopkins;
;;81a43ee4-a5a5-4852-a86b-4cbaf13bfeec;Tyfone - Content marketing services;2026-03-13 14:14:54.807+00;2026-03-17 12:28:50.213+00;Deliverables;3;delivered;delivered;[];c4eda87d-d491-4448-8a34-c20f4ddfda63;Distribute Episode Barath Narayanan;
;;b410cb80-1021-4f01-a158-c3e6ac32723d;Ecosystems - Ongoing Marketing Services;2026-03-13 13:14:46.164+00;2026-03-17 04:14:57.177+00;Deliverables;8;delivered;delivered;[];9c6e29be-4435-49c8-9903-f46147cdf66f;Develop dynamic outreach sequence [Security Companies];
;;6061d0c2-de11-40b9-8824-1ccd80a970d6;Global Shared Services - Marketing Services;2026-03-02 20:23:54.337+00;2026-03-16 21:29:21.182+00;Deliverables;5;delivered;delivered;[];75a25b30-95d9-48b0-a1d5-a5c784b49a99;Optimize Existing SEO Article;
;;a3899b64-d779-4aee-afbb-d43e2125ccf8;VITAL - Marketing services;2026-03-13 15:28:43.884+00;2026-03-16 19:39:13.366+00;ToDos;;not_started;delivered;[];227c3c29-9596-4fe8-8e66-4d20f59ffc75;Develop photo suggestions;5400000
;;ca141f89-32e5-42c5-8c4d-bb32dee9aef2;BioSafe - Marketing services;2026-03-10 21:04:56.752+00;2026-03-16 19:28:14.323+00;Deliverables;;delivered;delivered;[];d4ab8010-1393-45c3-adc2-9ea0f711851b;List of Waste Processors;
;;ca141f89-32e5-42c5-8c4d-bb32dee9aef2;BioSafe - Marketing services;2026-03-09 19:57:32.585+00;2026-03-16 19:15:24.657+00;Deliverables;2;delivered;delivered;[];eda222f1-b19d-42a8-9d15-fd85e1a4bc7d;Update Meta descriptions - EDS;
;;ca141f89-32e5-42c5-8c4d-bb32dee9aef2;BioSafe - Marketing services;2026-03-09 19:57:40.253+00;2026-03-16 19:15:21.347+00;Deliverables;2;delivered;delivered;[];b8d34f0c-8b51-4cf1-8698-be92fb20f76a;Update Meta descriptions - Tissue Digester;
;;3f032f15-833e-4d7d-9347-381febf6d953;PTO Exchange - Marketing Services;2026-03-11 12:31:41.544+00;2026-03-16 18:56:01.04+00;Deliverables;5;delivered;delivered;[];79f64b52-abe1-409e-bb83-d69a44ccb5d0;[OPS] Clean Up Contact and Company Ownership;
;;3f032f15-833e-4d7d-9347-381febf6d953;PTO Exchange - Marketing Services;2026-03-11 12:42:54.105+00;2026-03-16 18:39:55.648+00;ToDos;;not_started;delivered;[];f3b5a6f5-ea3d-4443-8a63-087397ca673e;Adjust email sequences/workflows;7200000
;;c8bd9166-2a8e-4824-9bbb-304f1d8ce014;Numeric - Podcast services;2026-03-16 15:12:26.894+00;2026-03-16 18:39:18.74+00;ToDos;;not_started;delivered;[];d8fac9be-69d7-4d30-9acc-6ae13529a61e;Prepare a Figma review link for the ebooks;2400000
;;059db008-bde9-43e2-b5ea-2d8080194a92;"Ponce Bank - Creative; Digital; and Website Retainer";2026-03-09 16:58:05.902+00;2026-03-16 17:24:53.537+00;Deliverables;;delivered;delivered;[];f1cf2e33-c269-43b2-88f8-94463403f29e;Upload brand toolkit to folder;43200000
;;965b21f3-8748-420c-aaf3-b3fdcaa2f504;iCorps - Marketing Services;2026-03-11 15:24:57.503+00;2026-03-16 16:36:37.581+00;ToDos;;not_started;delivered;[];fc7d4261-d2fd-47b2-b2a8-95c38dc2ac33;Publish updated Assessment pages;1800000
;;e50afe94-037e-49d6-8f2e-8c05ac7e3294;Data Assessment Solutions - Ongoing Marketing Services;2026-03-10 16:55:06.199+00;2026-03-16 16:04:26.014+00;Deliverables;5;delivered;delivered;[];5c2db39e-99c5-40b4-b223-11cab054069b;Refresh outreach sequence [Updated Campaign: DACH];
;;833f1003-bf16-434b-afab-a705072e5eef;Bazaarvoice - Content marketing services;2026-03-05 11:17:57.404+00;2026-03-16 15:45:57.862+00;Deliverables;5;delivered;delivered;[];94b27a32-655c-4c90-a0ed-7589eb683534;Optimize Existing SEO Article - Social Media KPIs and Benchmarks;
;;a3899b64-d779-4aee-afbb-d43e2125ccf8;VITAL - Marketing services;2026-01-28 06:52:01.328+00;2026-03-16 15:44:46.301+00;Deliverables;7;delivered;delivered;[];5d30c69a-7b98-402f-9432-019c101dc54e;Create Video Testimonial;
;;833f1003-bf16-434b-afab-a705072e5eef;Bazaarvoice - Content marketing services;2026-03-05 11:17:48.215+00;2026-03-16 15:31:37.835+00;Deliverables;5;delivered;delivered;[];d5e01bec-eefb-4879-a3f4-2a5f72612a85;Optimize Existing SEO Article - Social Commerce Overview;
;;833f1003-bf16-434b-afab-a705072e5eef;Bazaarvoice - Content marketing services;2025-12-22 17:36:59.336+00;2026-03-16 15:21:54.92+00;Deliverables;5;delivered;delivered;[];fe3d4faf-4864-4dd5-ac86-26fe7756bdc8;Optimize Existing SEO Article - Influencer Outreach Email Guide;
;;a3991937-58e5-4d1d-b591-3be6943c6f41;Milestone Towers - Ongoing Marketing Services;2026-03-13 14:47:16.051+00;2026-03-16 13:11:51.097+00;ToDos;;not_started;delivered;[];c91a3b7f-70f3-418a-a9b8-ae7a3b16a96d;Provide access to LinkedIn;
;;bf57e936-b322-4b36-bf32-174d44c65e09;Verisk - Marketing services;2026-01-30 12:42:22.462+00;2026-03-16 12:00:01.507+00;Deliverables;8;delivered;delivered;[];c1ba2eae-c7e3-4630-8231-cf5bde730947;Develop thought leadership blog post from video recording - Pat Sullivan;
;;a3899b64-d779-4aee-afbb-d43e2125ccf8;VITAL - Marketing services;2026-03-09 15:29:44.885+00;2026-03-16 11:32:22.066+00;Deliverables;0;delivered;delivered;[];55c68a7a-c5a7-47fe-8e5b-a4388b0bd664;Distribute Episode - Gerri Detweiler;
;;3f032f15-833e-4d7d-9347-381febf6d953;PTO Exchange - Marketing Services;2026-03-11 16:29:40.415+00;2026-03-16 08:01:18.22+00;ToDos;;not_started;delivered;[];3a8afc27-d0c7-415f-ac0a-43846e37adc0;Spec tasks;
;;3f032f15-833e-4d7d-9347-381febf6d953;PTO Exchange - Marketing Services;2026-03-11 12:55:56.239+00;2026-03-16 05:00:49.925+00;Deliverables;3;archived;archived;[];adcfc284-a164-497a-a184-6d102e9c0306;[STRATEGY] Create Separate Lead Scoring for Channel Partner Campaign;
;;a3899b64-d779-4aee-afbb-d43e2125ccf8;VITAL - Marketing services;2026-02-26 10:39:25.962+00;2026-03-15 17:38:14.56+00;Deliverables;20;delivered;delivered;[];558fc6d2-18ca-4c3d-bd62-39f8a99f8037;Develop social content (March);
;;db0afec5-85bc-41b0-8c0f-79b368eb3b16;Rugged Robotics - Marketing services;2026-03-12 01:33:48.219+00;2026-03-14 08:30:48.662+00;ToDos;;not_started;delivered;[];69488ba3-9a70-4961-a95d-6537ee72198d;Update staging site: Owners, Executives, BIM/VDC Teams link errors;3600000
;;db0afec5-85bc-41b0-8c0f-79b368eb3b16;Rugged Robotics - Marketing services;2026-03-12 01:24:24.625+00;2026-03-14 08:30:17.958+00;ToDos;;not_started;delivered;[];0f8d2a83-edd2-4e91-87ce-063fa113f9cc;Update staging site: case study links on 'Use Cases' pages;2700000
;;fabe8d32-ab02-4c3b-a8f6-ff63b75dcba7;Washington Speakers Bureau - Ongoing Marketing Services;2026-03-13 18:22:18.475+00;2026-03-13 22:02:45.002+00;ToDos;;not_started;delivered;[];7b377b74-5356-45e6-9622-bcc8405bf32c;Wikipedia Hand-off document - Jason;
;;fabe8d32-ab02-4c3b-a8f6-ff63b75dcba7;Washington Speakers Bureau - Ongoing Marketing Services;2026-02-19 23:44:33.506+00;2026-03-13 21:59:20.244+00;ToDos;;not_started;delivered;[];972e3d8a-8bef-4b21-ac7a-530860001c2e;Review Blog, Speakers and Topic page templates;
;;ca141f89-32e5-42c5-8c4d-bb32dee9aef2;BioSafe - Marketing services;2025-11-10 17:18:14.682+00;2026-03-13 21:52:03.716+00;ToDos;;not_started;delivered;[];04d619cf-a304-439e-ba14-51765c1ab09c;Review new STI carousel ads;
;;ca141f89-32e5-42c5-8c4d-bb32dee9aef2;BioSafe - Marketing services;2025-11-10 17:18:04.6+00;2026-03-13 21:52:01.243+00;ToDos;;not_started;delivered;[];6ab70bc9-e860-432d-a613-1bd03fd29556;Review new TDD carousel ads;
;;ca141f89-32e5-42c5-8c4d-bb32dee9aef2;BioSafe - Marketing services;2025-11-10 17:15:51.491+00;2026-03-13 21:51:59.162+00;ToDos;;not_started;delivered;[];0bd0aabb-0fa7-40b3-b05c-331215aa1e78;Review EDS animated video clips;
;;ca141f89-32e5-42c5-8c4d-bb32dee9aef2;BioSafe - Marketing services;2026-02-23 21:40:25.662+00;2026-03-13 21:51:55.619+00;ToDos;;not_started;delivered;[];baa8b9e7-473b-499a-ab93-c18d6615df6c;Review Video Scripts;
;;ca141f89-32e5-42c5-8c4d-bb32dee9aef2;BioSafe - Marketing services;2025-11-10 17:15:09.053+00;2026-03-13 21:51:53.658+00;ToDos;;not_started;delivered;[];7cbfc161-a859-4841-9ed8-9d96b4808cee;Review new GIF style videos;
;;ca141f89-32e5-42c5-8c4d-bb32dee9aef2;BioSafe - Marketing services;2025-11-10 17:17:34.205+00;2026-03-13 21:51:51.097+00;ToDos;;not_started;delivered;[];cfb8a567-80ab-485a-9bcd-2cc21dd5134a;Review new EDS carousel ads;
;;ca141f89-32e5-42c5-8c4d-bb32dee9aef2;BioSafe - Marketing services;2025-08-07 21:57:48.208+00;2026-03-13 21:51:46.476+00;ToDos;;not_started;delivered;[];2189d279-2b51-42d7-905e-9d1cd8d010de;Review newsletter copy & design;
;;ca141f89-32e5-42c5-8c4d-bb32dee9aef2;BioSafe - Marketing services;2026-03-10 21:39:27.873+00;2026-03-13 19:34:22.717+00;Deliverables;;delivered;delivered;[];84ec8e2e-c907-4c46-9340-bb91f6631fdd;LinkedIn Carousel - STI;
;;ca141f89-32e5-42c5-8c4d-bb32dee9aef2;BioSafe - Marketing services;2026-02-27 18:03:56.695+00;2026-03-13 19:33:39.02+00;ToDos;;not_started;delivered;[];721ba44d-313d-4efb-a80e-1e56958cdcbb;Tissue Digester Page Edits;
;;3f032f15-833e-4d7d-9347-381febf6d953;PTO Exchange - Marketing Services;2026-03-11 11:38:59.702+00;2026-03-13 19:11:01.481+00;Deliverables;5;delivered;delivered;[];15c31812-7a73-4d64-8efb-e5f17e1d7b1f;[OPS] Update Contact Industry Properties;
;;fabe8d32-ab02-4c3b-a8f6-ff63b75dcba7;Washington Speakers Bureau - Ongoing Marketing Services;2026-03-13 17:08:15.151+00;2026-03-13 18:43:47.436+00;Deliverables;1;delivered;delivered;[];61c62462-3b21-4802-a9f0-025045697e8c;[Content] John Heilemann and Ozan Varol Video Recommendation;
;;fabe8d32-ab02-4c3b-a8f6-ff63b75dcba7;Washington Speakers Bureau - Ongoing Marketing Services;2026-03-10 17:59:01.501+00;2026-03-13 18:42:08.906+00;ToDos;;not_started;delivered;[];d40ad4a6-bcb9-4b29-a192-281ed129ac7c;Review Content, Distribution and Paid Plan for Leadership Lessons from the Fast Lane;
;;6061d0c2-de11-40b9-8824-1ccd80a970d6;Global Shared Services - Marketing Services;2026-03-03 19:09:30.587+00;2026-03-13 18:37:50.691+00;ToDos;;not_started;delivered;[];6ad0a90b-8e39-4b8c-a2af-1d267705e69a;Send list for enrichment;
;;fabe8d32-ab02-4c3b-a8f6-ff63b75dcba7;Washington Speakers Bureau - Ongoing Marketing Services;2026-03-13 17:05:25.42+00;2026-03-13 17:48:23.513+00;Deliverables;1;delivered;delivered;[];4e9c7cb3-a12a-4d67-b703-b53d67d48374;[Content] A1 Athletes Content Recommendations;
;;fabe8d32-ab02-4c3b-a8f6-ff63b75dcba7;Washington Speakers Bureau - Ongoing Marketing Services;2026-03-13 17:04:59.844+00;2026-03-13 17:37:48.667+00;Deliverables;1;delivered;delivered;[];8cb06fa1-ea91-47f9-b087-4ea3abeb1bea;[Content] Speakers in Need Recommendations;
;;b827cc0e-5a1f-420d-8f3d-951078161099;Ponce Bank - Website design and development;2026-02-24 18:51:32.398+00;2026-03-13 17:15:46.362+00;Deliverables;;delivered;delivered;[];3c2f0a92-4e46-41b8-92ef-364761e66376;Install AccesiBe ;
;;b410cb80-1021-4f01-a158-c3e6ac32723d;Ecosystems - Ongoing Marketing Services;2026-03-06 16:16:09.983+00;2026-03-13 17:14:15.265+00;Deliverables;5;delivered;delivered;[];1940040b-fd8a-41f9-b01b-cc6ac26b9e2e;Develop outreach sequence [ATX: Customer Value Community Executive Forum];
;;2c5e8c37-7f7e-4a25-9033-32a71f191a9a;DocLib - Ongoing Services;2026-03-10 20:25:47.107+00;2026-03-13 17:08:56.725+00;ToDos;;not_started;delivered;[];570cea52-4641-4b45-a835-91c3471d9d1e;Update One Pager design;12600000
;;72cdc11e-fd4f-4d90-8688-1fc1484de2b0;Kersten Talent Capital - Aligned Growth Engine Ongoing Services;2026-03-09 13:35:52.969+00;2026-03-13 16:53:46.123+00;Deliverables;;delivered;delivered;[];d978d72c-f785-4ee3-8102-c3386303ecd5;Website Edits;
;;a3991937-58e5-4d1d-b591-3be6943c6f41;Milestone Towers - Ongoing Marketing Services;2026-03-06 18:37:43.252+00;2026-03-13 14:57:12.73+00;Deliverables;30;archived;archived;[];6d77b7e7-591c-4fdf-bcbc-4d7d18c815ce;Develop case study w/ design;
;;fabe8d32-ab02-4c3b-a8f6-ff63b75dcba7;Washington Speakers Bureau - Ongoing Marketing Services;2026-03-04 22:07:52.982+00;2026-03-13 13:45:05.469+00;ToDos;;not_started;delivered;[];c0d1f4e2-aae7-43ab-8a56-25530f0dae3c;Review Google Ads audit;
;;fabe8d32-ab02-4c3b-a8f6-ff63b75dcba7;Washington Speakers Bureau - Ongoing Marketing Services;2026-03-04 22:07:45.081+00;2026-03-13 13:45:05.469+00;ToDos;;not_started;delivered;[];2f032a37-4bf1-4275-adac-6bd17ae7810c;Review Paid Media Kickoff Deck;
;;fabe8d32-ab02-4c3b-a8f6-ff63b75dcba7;Washington Speakers Bureau - Ongoing Marketing Services;2026-02-18 22:46:02.458+00;2026-03-13 13:45:05.469+00;ToDos;;not_started;delivered;[];ea1bb368-347a-4c44-874d-8103513a6fea;Share additional schema context to incorporate it into the AEO roadmap;
;;81a43ee4-a5a5-4852-a86b-4cbaf13bfeec;Tyfone - Content marketing services;2026-03-09 14:10:08.304+00;2026-03-13 12:27:48.525+00;Deliverables;10;delivered;delivered;[];ec0f783c-683f-4337-945a-7b2e0c1195f7;Develop graphics package task for speaking videos;
;;1d01a92d-8acf-44a9-ba25-535d596dab53;NEACH - Content marketing services;2026-02-11 16:10:03.104+00;2026-03-13 12:15:08.381+00;Deliverables;15;delivered;delivered;[];8bce3160-94e3-4819-8c38-a47b92e6cce7;Set up content & create graphics package - Payments on Tap;
;;bf57e936-b322-4b36-bf32-174d44c65e09;Verisk - Marketing services;2026-03-05 13:05:47.482+00;2026-03-13 11:09:15.955+00;ToDos;;not_started;delivered;[];12278b83-3e56-4b89-837b-4d1b50386e8f;Client review - iceberg image + social copy;
;;6a9f190a-9e44-4b24-8f1d-d82022950bb9;Agrippon - Marketing services;2026-02-27 13:20:32.565+00;2026-03-13 06:30:34.136+00;Deliverables;4;delivered;delivered;[];4636cc37-4aa5-47d2-b610-503a3c1b31e9;Manage paid media [March];
;;75b32155-1255-4d17-b437-152e300521a0;ThreatMark - Marketing services;2026-03-12 18:42:54.274+00;2026-03-13 01:02:46.646+00;Deliverables;;delivered;delivered;[];74d6bf5a-46d4-4e22-a4d5-fd06813fac02;Update Banner and Export Icons;
;;b1f3ae44-0316-492e-aef1-bb260b814482;Techmode - Marketing services;2026-03-04 15:59:00.898+00;2026-03-12 19:10:35.325+00;Deliverables;3;delivered;delivered;[];9f811381-bd22-4fa3-9d2b-a4ed91ab3792;Configure additional paid media campaign - Mitel;
;;e1806059-d852-4791-a782-6ecb81e2343c;"Cybernetix - Creative; digital; website services";2026-03-12 01:08:21.825+00;2026-03-12 17:48:45.573+00;Deliverables;3;delivered;delivered;[];e2e0c7ab-a2e0-4677-a316-515615135237;Edits to Robotics Invest Designs;
;;6d459e08-94c6-42b3-b296-d861d6e03560;RoboHead - Aligned Growth Engine Launch;2026-02-25 16:21:10.675+00;2026-03-12 17:19:05.297+00;Deliverables;20;delivered;delivered;[];bc961b14-fa28-43e0-8048-341930935c04;Develop Marketing Research Document;
;;e50afe94-037e-49d6-8f2e-8c05ac7e3294;Data Assessment Solutions - Ongoing Marketing Services;2026-03-12 01:55:43.45+00;2026-03-12 15:39:10.257+00;ToDos;;not_started;delivered;[];ad2878cc-efb0-4bb1-b07a-ebeaa09ee48e;Update LinkedIn Ads Campaign: Budget, Lead-Gen Form;5640000
;;1d01a92d-8acf-44a9-ba25-535d596dab53;NEACH - Content marketing services;2026-03-10 12:48:36.083+00;2026-03-12 14:12:41.125+00;ToDos;;not_started;delivered;[];24c90e3d-cbcc-4908-9cc4-e7868b6bd9c6;Start first episode for Payments on Tap;2700000
;;ca141f89-32e5-42c5-8c4d-bb32dee9aef2;BioSafe - Marketing services;2026-02-27 20:24:44.588+00;2026-03-12 13:54:34.82+00;Deliverables;2;delivered;delivered;[];42a9331e-51f2-4595-b32f-7b3823d54e4a;Update Meta descriptions - (STI);
;;a3899b64-d779-4aee-afbb-d43e2125ccf8;VITAL - Marketing services;2026-02-25 13:43:55.349+00;2026-03-12 12:57:00.167+00;Deliverables;12;delivered;delivered;[];267db8f6-3230-4032-b561-0134317d468a;Create animated video clip - Episode Patrick Martinez;
;;3f032f15-833e-4d7d-9347-381febf6d953;PTO Exchange - Marketing Services;2026-03-11 12:13:53.412+00;2026-03-12 04:38:10.622+00;ToDos;;not_started;delivered;[];2b92f841-0c7e-4ffb-86de-a27921885f03;[OPS] Fix Lead Scoring and MQL Status Alignment;
;;a3899b64-d779-4aee-afbb-d43e2125ccf8;VITAL - Marketing services;2026-03-10 12:24:13.571+00;2026-03-12 04:14:10.009+00;ToDos;;not_started;delivered;[];70261abf-a3b6-4c90-a2a2-9d624ba70bcf;Update social posts;3600000
;;ade9bb8a-fde3-4756-a63e-11ce7f227292;Ricoh - Marketing services;2026-03-09 01:46:44.041+00;2026-03-12 02:37:18.532+00;Deliverables;15;delivered;delivered;[];534f56f8-7b13-4fb8-a50c-2ba3d4808250;Develop Sales Guide [RICOH ProcessDirector];
;;3f032f15-833e-4d7d-9347-381febf6d953;PTO Exchange - Marketing Services;2026-03-11 15:46:49.098+00;2026-03-11 20:48:43.444+00;ToDos;;not_started;delivered;[];62bb4bf5-7efc-4a87-94cb-555f87eaf392;Review proposal;
;;ade9bb8a-fde3-4756-a63e-11ce7f227292;Ricoh - Marketing services;2026-03-10 13:25:57.97+00;2026-03-11 20:43:05.461+00;ToDos;;not_started;delivered;[];953c1db6-15e5-44f7-bb45-7d1692d7be81;Review RFP from Linnea;
;;b1f3ae44-0316-492e-aef1-bb260b814482;Techmode - Marketing services;2026-02-18 16:52:59.211+00;2026-03-11 20:35:39.74+00;Deliverables;12;delivered;delivered;[];400701fe-f0d6-4b90-9a29-0dce88384985;Develop web page - Mitel ;
;;e1806059-d852-4791-a782-6ecb81e2343c;"Cybernetix - Creative; digital; website services";2026-03-10 23:35:59.252+00;2026-03-11 19:49:54.379+00;Deliverables;;delivered;delivered;[];db82ca11-912b-419a-a627-fcaf0092c42a;Look into GTM question;1800000
;;ec1251b4-8dd8-4f12-ba68-1e923a54c460;Hydrian - Marketing services;2026-01-16 22:21:21.341+00;2026-03-11 19:45:52.759+00;ToDos;;not_started;delivered;[];2c8c91e8-ff3b-4042-aa7c-1734ec7bc52f;Spreadsheets updates;
;;7f6de0fa-ebf7-473a-af2e-b82ac2f7b097;Ideometry;2026-01-30 14:47:53.313+00;2026-03-11 19:42:12.927+00;ToDos;;not_started;delivered;[];6ccb6d65-0961-48dd-998d-a840f13341ec;Put together thoughts for event strategy for Robotics Invest;
;;e50afe94-037e-49d6-8f2e-8c05ac7e3294;Data Assessment Solutions - Ongoing Marketing Services;2026-03-06 11:06:43.044+00;2026-03-11 19:03:39.472+00;Deliverables;10;delivered;delivered;[];47c2ebb2-a4e1-4f89-beac-900dfa6e1e6d;Update image ad creative package [ABM];
;;965b21f3-8748-420c-aaf3-b3fdcaa2f504;iCorps - Marketing Services;2026-03-04 11:46:48.78+00;2026-03-11 18:24:15.457+00;Deliverables;8;delivered;delivered;[];f4b00477-0a54-4aef-a235-14182dffd978;Develop an sales enablement PDF [Internal Differentiation Sheet];
;;b410cb80-1021-4f01-a158-c3e6ac32723d;Ecosystems - Ongoing Marketing Services;2026-03-06 13:24:52.437+00;2026-03-11 17:25:46.564+00;Deliverables;10;delivered;delivered;[];26b93b22-38e2-4ff7-bf53-e49a7e7e4b9b;Set up ABM [Value Disruptors Discussion];
;;e7336694-2c40-4fcf-a7ef-4d0460f053c8;"Powerhouse Gym - Creative; digital; website services";2026-03-11 16:42:57.058+00;2026-03-11 17:16:46.276+00;Deliverables;;delivered;delivered;[];fab19992-e286-49e1-ac4e-ff3d17657e77;Pause campaigns;1800000
;;b1f3ae44-0316-492e-aef1-bb260b814482;Techmode - Marketing services;2026-03-04 15:47:39.526+00;2026-03-11 16:56:44.922+00;ToDos;;not_started;delivered;[];3116a97b-b3af-40c5-b4a1-e15791390167;Send email with follow up items from the call;
;;6061d0c2-de11-40b9-8824-1ccd80a970d6;Global Shared Services - Marketing Services;2026-02-27 17:39:02.76+00;2026-03-11 16:12:25.15+00;Deliverables;8;delivered;delivered;[];3f464ae4-2bb1-43c3-8645-e717938d8f39;Create & send newsletter - Benchmark Calculator;
;;3f032f15-833e-4d7d-9347-381febf6d953;PTO Exchange - Marketing Services;2026-03-11 13:25:12.34+00;2026-03-11 15:46:42.638+00;ToDos;;not_started;delivered;[];2715eb78-fdf1-4e81-b0b4-8c1fd5b31a4b;Develop proposal (points/timeline) for 1:Few ABM;
;;cec48bff-a24c-43d2-a56e-4da7b806daf9;Ease - Podcast Services;2026-02-25 22:19:30.246+00;2026-03-11 15:29:03.836+00;Deliverables;8;delivered;delivered;[];a0cb483d-2b46-4383-b4c5-14ec3dd1e0d7;Set up guest booking outreach (March);
;;965b21f3-8748-420c-aaf3-b3fdcaa2f504;iCorps - Marketing Services;2026-03-11 15:11:53.637+00;2026-03-11 15:15:41.149+00;ToDos;;not_started;archived;[];fded7d30-7b4a-45ed-bf87-ef9dafdcd73d;Allow 'Anyone Can Edit' on Figma files;
;;ca141f89-32e5-42c5-8c4d-bb32dee9aef2;BioSafe - Marketing services;2026-02-06 15:45:07.963+00;2026-03-11 14:30:10.083+00;Deliverables;10;delivered;delivered;[];c1135880-ba84-476a-96d6-9cdcf455c203;Create SEO blog inspired by transcript - bio waste;
;;ca141f89-32e5-42c5-8c4d-bb32dee9aef2;BioSafe - Marketing services;2026-02-04 00:11:48.565+00;2026-03-11 14:29:33.017+00;Deliverables;5;delivered;delivered;[];7ca4ec88-6adc-46ac-bad2-d95bcc39f4f0;Set up paid media / ABM (Life Sciences);
;;ca141f89-32e5-42c5-8c4d-bb32dee9aef2;BioSafe - Marketing services;2026-02-03 22:43:50.2+00;2026-03-11 14:29:28.94+00;Deliverables;10;delivered;delivered;[];c939ebc6-1fc7-4c54-b215-0a42da5f49df;Set Up ABM (Life Sciences);
;;292bf658-a285-4fdd-a6e5-d352a30347c9;Sedra Solutions - Marketing services;2026-03-03 15:31:42.395+00;2026-03-11 13:09:55.079+00;Deliverables;5;delivered;delivered;[];b20d834b-2761-46b3-b689-f4602e4a74a1;Develop outreach sequence - White Paper;
;;3f032f15-833e-4d7d-9347-381febf6d953;PTO Exchange - Marketing Services;2026-01-29 21:51:08.925+00;2026-03-11 12:13:38.702+00;Deliverables;10;delivered;delivered;[];5a264978-7979-40b6-8e95-595322a90a55;[STRATEGY] Update landing pages;
;;18194a27-f4fd-4f8a-b974-7e8dcaea1d46;Syncro - Content marketing services;2025-10-31 17:07:39.813+00;2026-03-11 11:36:02.741+00;Deliverables;3;delivered;delivered;[];9e6c2cf4-1f5b-4cf9-818f-9d0f8861b0be;Write Scripts for Social Clips - Microsoft;
;;7b7f4acf-a215-4f42-8ea4-51bb4491b01b;Acacia Advisors - Ongoing Marketing Services;2026-02-17 15:45:02.435+00;2026-03-11 03:09:10.955+00;Deliverables;24;delivered;delivered;[];2471e843-efde-4b78-93ac-b1ce95d80516;Develop dynamic outreach sequence (x3);
;;ff2ef389-756d-4ece-b525-93fab32170d6;Planon - Marketing Services;2026-02-03 19:22:52.401+00;2026-03-11 02:42:55.608+00;Deliverables;10;delivered;delivered;[];fae4d425-f4e2-4090-9ed7-5848fc7303ad;Develop image ad creative package;
;;6a6c0b83-0123-431f-843a-3b961aadb352;Rezku POS - Ongoing Services - Post AGE;2026-02-05 21:40:11.975+00;2026-03-10 20:54:39.756+00;Deliverables;30;delivered;delivered;[];48df3598-759f-4c4b-9c6d-f032136f780c;Develop ABM Plan Document;
;;2c5e8c37-7f7e-4a25-9033-32a71f191a9a;DocLib - Ongoing Services;2026-03-10 19:57:32.272+00;2026-03-10 20:25:37.667+00;ToDos;;not_started;delivered;[];a45b337b-4a1a-4f78-b5db-ec01df74c4b6;Review Supplier Portal One Pager;
;;2c5e8c37-7f7e-4a25-9033-32a71f191a9a;DocLib - Ongoing Services;2026-03-04 20:36:21.071+00;2026-03-10 19:57:24.123+00;ToDos;;not_started;delivered;[];d61683c7-8e1f-498d-b5ce-7c80de5965d2;Complete Asset intake;
;;2c5e8c37-7f7e-4a25-9033-32a71f191a9a;DocLib - Ongoing Services;2026-03-05 03:30:41.569+00;2026-03-10 19:57:12.886+00;Deliverables;8;delivered;delivered;[];6c8594b1-72f3-49d8-92a3-fdfa8c021c2a;Supplier Portal One Pager;
;;75b32155-1255-4d17-b437-152e300521a0;ThreatMark - Marketing services;2026-02-24 20:22:26.175+00;2026-03-10 18:55:31.527+00;Deliverables;10;delivered;delivered;[];b18cb737-2268-4101-85b2-88cb61d27369;Design Forrester Briefing Side Deck;
;;ca141f89-32e5-42c5-8c4d-bb32dee9aef2;BioSafe - Marketing services;2026-02-27 15:29:52.167+00;2026-03-10 18:48:43.259+00;ToDos;;not_started;delivered;[];70b7817e-1082-4fdf-8562-babe201a9771;Review ABM Sequencing;
;;965b21f3-8748-420c-aaf3-b3fdcaa2f504;iCorps - Marketing Services;2026-03-10 14:03:03.347+00;2026-03-10 17:02:45.287+00;ToDos;;not_started;delivered;[];c59d57b0-b1c6-4a6a-b773-cd0d48842353;Create nurture list: contacts with 5+ email clicks;5400000
;;e50afe94-037e-49d6-8f2e-8c05ac7e3294;Data Assessment Solutions - Ongoing Marketing Services;2026-03-06 11:01:14.192+00;2026-03-10 16:45:25.623+00;Deliverables;5;delivered;delivered;[];107492a8-afeb-479c-b082-39397f16356c;Develop outreach sequence [High-Engagement Account Outreach];
;;ade9bb8a-fde3-4756-a63e-11ce7f227292;Ricoh - Marketing services;2026-03-10 13:27:39.402+00;2026-03-10 13:27:59.185+00;ToDos;;not_started;delivered;[];dabde464-6e2d-4a27-9b2c-eb0186a472e3;Develop proposal: Intelligent Automation Awareness Video for the RICOH Pro VC80000;
;;a3899b64-d779-4aee-afbb-d43e2125ccf8;VITAL - Marketing services;2026-03-02 14:22:07.662+00;2026-03-10 12:08:55.338+00;Deliverables;10;delivered;delivered;[];c99ed6cd-914f-4302-85f4-53adf490d480;86e04na3e - VITAL - The Flywheel Effect - Gerri Detweiler;
;;bf57e936-b322-4b36-bf32-174d44c65e09;Verisk - Marketing services;2026-02-25 14:17:38.83+00;2026-03-10 11:29:49.176+00;Deliverables;3;delivered;delivered;[];e1028c72-8afa-429f-8c15-f1cd2bd13e16;Distribute episode - Gina Ive;
;;bf57e936-b322-4b36-bf32-174d44c65e09;Verisk - Marketing services;2026-03-09 17:09:42.536+00;2026-03-10 10:53:18.581+00;ToDos;;not_started;delivered;[];1c1aad49-4822-430e-acab-b139543db20e;Verisk & MID slide deck;
;;a3899b64-d779-4aee-afbb-d43e2125ccf8;VITAL - Marketing services;2026-02-11 13:25:11.427+00;2026-03-10 10:41:33.175+00;Deliverables;0;delivered;delivered;[];6b0628c7-9eca-43e5-acaf-9a151b591e4a;"Distribute Episode - Book Session - Calms and Highs: Lessons from ""The Long Way"" for Business Owners";
;;6d459e08-94c6-42b3-b296-d861d6e03560;RoboHead - Aligned Growth Engine Launch;2026-02-25 16:21:10.288+00;2026-03-10 03:11:45.91+00;Deliverables;;delivered;delivered;[];621d95df-b1e1-4a77-8ef5-e26f6d6ae4d9;Conduct Alignment Meeting;
;;ff2ef389-756d-4ece-b525-93fab32170d6;Planon - Marketing Services;2026-02-03 19:23:23.41+00;2026-03-10 01:55:49.037+00;Deliverables;5;delivered;delivered;[];79276241-2dd3-447e-8121-bb4fd51d2f35;Develop outreach sequence;
;;833f1003-bf16-434b-afab-a705072e5eef;Bazaarvoice - Content marketing services;2026-03-06 13:08:09.457+00;2026-03-09 23:55:03.004+00;ToDos;;not_started;delivered;[];53478d56-2e5e-4c92-8a31-33933dd542b0;Final revision of the short blog;1800000
;;7b7f4acf-a215-4f42-8ea4-51bb4491b01b;Acacia Advisors - Ongoing Marketing Services;2026-02-17 15:40:43.71+00;2026-03-09 20:03:55.52+00;Deliverables;35;delivered;delivered;[];30aa4264-7f45-4d6e-a7a2-187dce51b146;Develop Messaging Plan Document;
;;b410cb80-1021-4f01-a158-c3e6ac32723d;Ecosystems - Ongoing Marketing Services;2026-03-06 13:10:15.677+00;2026-03-09 19:44:16.949+00;Deliverables;8;delivered;delivered;[];e77ebca1-6cba-420a-a8d3-f11f58b67d83;Develop dynamic outreach sequence [Value Disruptors Discussion];
;;1194e57c-a4a6-4e1e-bac3-83c4ff3c4ad7;Gallagher & Mohan - Ongoing Marketing Services - Post AGE;2026-03-09 17:17:33.224+00;2026-03-09 18:53:28.414+00;ToDos;;not_started;delivered;[];441b9cba-8b03-47a4-9709-74ceeff7f24c;Update ABM assets based on feedback;
;;b410cb80-1021-4f01-a158-c3e6ac32723d;Ecosystems - Ongoing Marketing Services;2026-03-09 12:37:47.674+00;2026-03-09 16:54:45.982+00;ToDos;;not_started;delivered;[];35b34d04-6b86-4359-8b02-3af5642959be;Develop new marketing roadmap;
;;3f032f15-833e-4d7d-9347-381febf6d953;PTO Exchange - Marketing Services;2026-03-04 18:19:59.322+00;2026-03-09 14:56:37.527+00;Deliverables;10;delivered;delivered;[];adc1d561-548a-4bf3-ad10-e5f9c7e6917c;[OPS] Develop lead management dashboard;
;;a3899b64-d779-4aee-afbb-d43e2125ccf8;VITAL - Marketing services;2026-03-05 10:19:50.382+00;2026-03-09 13:51:26.646+00;ToDos;;not_started;delivered;[];5a491f45-8dd3-4813-a730-917c6f610e76;Update AirOps flow;7200000
;;3f032f15-833e-4d7d-9347-381febf6d953;PTO Exchange - Marketing Services;2026-03-05 04:01:47.125+00;2026-03-09 13:39:43.478+00;ToDos;;not_started;delivered;[];12cabce7-8872-406a-b451-dfd318784cfa;Set all MQLs Lead Status = New;900000
;;e7336694-2c40-4fcf-a7ef-4d0460f053c8;"Powerhouse Gym - Creative; digital; website services";2026-03-04 15:53:20.586+00;2026-03-09 13:09:51.921+00;ToDos;;not_started;delivered;[];fd160c81-8677-46c4-8dca-4dc04f0d966e;Prepare Hubspot SMS Training for Milan for Monday meeting;
;;bfd6c756-8746-4619-be60-cba08836b1a9;New North;2026-03-03 06:59:08.103+00;2026-03-08 19:49:04.321+00;Deliverables;;delivered;delivered;[];35ba1ae3-1b7b-4df5-b11a-622f2643f622;Set up revised Google PPC campaigns;
;;b410cb80-1021-4f01-a158-c3e6ac32723d;Ecosystems - Ongoing Marketing Services;2026-03-06 15:46:13.087+00;2026-03-08 19:48:39.194+00;ToDos;;not_started;delivered;[];352eb304-081a-4364-9e3c-83fce2b100d4;Create Client Channel in Slack;
;;ca141f89-32e5-42c5-8c4d-bb32dee9aef2;BioSafe - Marketing services;2026-02-27 21:25:17.332+00;2026-03-06 22:41:03.79+00;Deliverables;2;delivered;delivered;[];b954cea0-ba36-4b81-a39d-15015a471014;Update Meta descriptions - (Homepage);
;;3f032f15-833e-4d7d-9347-381febf6d953;PTO Exchange - Marketing Services;2026-03-04 10:33:41.773+00;2026-03-06 21:45:36.623+00;ToDos;;not_started;delivered;[];ff5c4551-c929-4bce-894f-7ed6154ce17d;[OPS] Fix Workflow Issues;7200000
;;e7336694-2c40-4fcf-a7ef-4d0460f053c8;"Powerhouse Gym - Creative; digital; website services";2026-03-04 15:48:44.493+00;2026-03-06 21:16:36.342+00;ToDos;;not_started;delivered;[];8c782bf8-cb1a-43c4-afb0-2ce84bb3cc2a;Set up SMS Workflows;
;;18194a27-f4fd-4f8a-b974-7e8dcaea1d46;Syncro - Content marketing services;2026-03-06 12:40:06.35+00;2026-03-06 19:45:38.606+00;ToDos;;not_started;delivered;[];a793722d-a2b5-47fb-8203-8d2b78ffc763;Review video strategy;
;;e7336694-2c40-4fcf-a7ef-4d0460f053c8;"Powerhouse Gym - Creative; digital; website services";2026-03-03 21:56:24.761+00;2026-03-06 19:08:15.034+00;ToDos;;not_started;delivered;[];b09dc768-37f4-47f2-a399-ccfc8a069d09;Develop Document with Best Practices for Meta Ads;
;;47fd377d-b404-4504-87cc-eb3e12d55090;Transport Topics - Blog Post Bundle;2026-02-19 02:04:41.292+00;2026-03-06 19:08:05.793+00;Deliverables;5;delivered;delivered;[];5c32eab1-36de-4e0c-b9e2-07ec763df03c;Transport Topics - Blog Post Copy - RoadSigns Extended Cut with TruckDown;
;;ca141f89-32e5-42c5-8c4d-bb32dee9aef2;BioSafe - Marketing services;2026-02-25 15:44:26.615+00;2026-03-06 19:07:22.493+00;Deliverables;27;delivered;delivered;[];25c7ed79-b912-476d-8336-cf4142731293;Tech stack (March);
;;3f032f15-833e-4d7d-9347-381febf6d953;PTO Exchange - Marketing Services;2026-03-03 17:40:21.369+00;2026-03-06 18:05:42.785+00;Deliverables;5;delivered;delivered;[];61dcaa5b-b332-444b-906a-fa4abe1c6420;Set up campaign [Insurance Brokers / Channel Partners];
;;72cdc11e-fd4f-4d90-8688-1fc1484de2b0;Kersten Talent Capital - Aligned Growth Engine Ongoing Services;2026-02-24 16:38:37.18+00;2026-03-06 18:05:10.816+00;Deliverables;;delivered;delivered;[];52c659b2-e6ac-44fc-9589-bbd9f1a5c07d;Website Edits Part 2;
;;75b32155-1255-4d17-b437-152e300521a0;ThreatMark - Marketing services;2026-02-23 13:07:34.193+00;2026-03-06 15:48:23.349+00;Deliverables;8;delivered;delivered;[];3995b393-971f-4d98-93d9-a61415cf6790;Create custom box design;
;;6a6c0b83-0123-431f-843a-3b961aadb352;Rezku POS - Ongoing Services - Post AGE;2026-03-03 19:24:02.761+00;2026-03-06 15:48:18.719+00;ToDos;;not_started;delivered;[];7703745b-7abe-4c0d-ad17-4a114ef9e98c;Update messaging versions;
;;52b3ee0f-cbad-4031-a387-79ecb54874fb;Aquatic Informatics - Ongoing Marketing Services;2026-02-25 15:16:09.702+00;2026-03-06 15:30:10.008+00;Deliverables;5;delivered;delivered;[];362a9443-f454-4ed8-914c-855f3b58e368;Newsletter optimization;
;;cec48bff-a24c-43d2-a56e-4da7b806daf9;Ease - Podcast Services;2026-03-04 16:38:38.895+00;2026-03-06 15:26:55.682+00;ToDos;;not_started;delivered;[];b6ee431a-42ee-4983-bce8-2a4ce665a033;Edits to 86dzhxzkb - EASE - Shop Floor, Top Floor Talk Show - Anne Trobaugh;
;;52b3ee0f-cbad-4031-a387-79ecb54874fb;Aquatic Informatics - Ongoing Marketing Services;2025-10-30 03:05:19.556+00;2026-03-06 15:24:40.273+00;Deliverables;100;delivered;delivered;[];8b8ba822-d0fe-47db-83ba-2718b05cb4e7;Testing & validation;
;;1194e57c-a4a6-4e1e-bac3-83c4ff3c4ad7;Gallagher & Mohan - Ongoing Marketing Services - Post AGE;2026-02-09 06:55:42.769+00;2026-03-06 11:52:32.097+00;Deliverables;10;delivered;delivered;[];10b468cd-c8ea-432a-8b72-83c2b31d3a86;Develop SEO blog post [real estate accounting];
;;3f032f15-833e-4d7d-9347-381febf6d953;PTO Exchange - Marketing Services;2026-02-26 04:59:43.209+00;2026-03-06 11:20:05.262+00;Deliverables;10;delivered;delivered;[];422971f8-7e68-4c34-a096-9b82e25a35c3;[OPS] Develop Marketing Dashboard;
;;3f032f15-833e-4d7d-9347-381febf6d953;PTO Exchange - Marketing Services;2026-03-03 16:49:38.72+00;2026-03-06 10:42:01.066+00;ToDos;;not_started;delivered;[];fe654f35-3724-4685-9fdf-b860b155c738;[OPS] Benchmark Report Workflow: Full Mapping;1800000
;;3f032f15-833e-4d7d-9347-381febf6d953;PTO Exchange - Marketing Services;2026-03-03 16:41:55.497+00;2026-03-06 10:41:28.712+00;ToDos;;not_started;delivered;[];6ae4e1f9-6589-47df-9a11-74c98943da30;[OPS] Investigate Workflow: The BNFT Shift (email);1800000
;;db0afec5-85bc-41b0-8c0f-79b368eb3b16;Rugged Robotics - Marketing services;2026-03-04 16:36:01.028+00;2026-03-06 10:33:27.959+00;ToDos;;not_started;delivered;[];f861df44-290a-4649-a9fb-180e0d6bc6fd;Export white logos from Kinsta;1200000
;;bfd6c756-8746-4619-be60-cba08836b1a9;New North;2026-01-27 15:39:51.937+00;2026-03-06 02:40:57.732+00;Deliverables;10;delivered;delivered;[];f5b7d7b0-ca94-4af7-9a3d-40dedb2b9c11;Develop image ad creative package;
;;3f032f15-833e-4d7d-9347-381febf6d953;PTO Exchange - Marketing Services;2026-03-01 05:53:35.592+00;2026-03-05 19:33:06.239+00;Deliverables;5;delivered;delivered;[];f421a4e4-310b-40fc-ac0e-1df4aa195e42;[OPS] HubSpot Broker Data Cleanup + Automation Guardrails;
;;fabe8d32-ab02-4c3b-a8f6-ff63b75dcba7;Washington Speakers Bureau - Ongoing Marketing Services;2026-02-18 22:45:14.05+00;2026-03-05 18:30:00.279+00;ToDos;;not_started;delivered;[];6fe3fbf5-6e2b-4a2e-9e3b-bb5a99af07f7;Pick a topic from the content calendar for the first internal interview (deprioritized);
;;292bf658-a285-4fdd-a6e5-d352a30347c9;Sedra Solutions - Marketing services;2026-02-25 02:52:12.519+00;2026-03-05 18:03:44.041+00;ToDos;;not_started;delivered;[];90ccada4-c620-4f9c-bdfb-56e9e6a8a0b4;Set up AirOps writing workflow;
;;4aa1e0b0-c66a-4025-b0a2-2d1b998c8d99;AutoBytes - 2026 Services;2026-02-12 01:02:04.646+00;2026-03-05 18:02:26.14+00;Deliverables;0;delivered;delivered;[];3f0ea339-3e6b-42bf-a800-11ec4dade18e;Vectorize Logo & Create Variations;
;;a3899b64-d779-4aee-afbb-d43e2125ccf8;VITAL - Marketing services;2026-03-05 10:17:14.71+00;2026-03-05 17:44:55.097+00;ToDos;;not_started;delivered;[];b128503b-fea2-43e3-bf52-fb2ae9c13e86;Add brand IG to multisocial workflow;7200000
;;3f032f15-833e-4d7d-9347-381febf6d953;PTO Exchange - Marketing Services;2026-03-01 06:46:54.571+00;2026-03-05 16:41:12.669+00;ToDos;;not_started;delivered;[];c4207a9b-fc57-42cb-88c4-fd53d3ade296;Schedule sales training OR record video;
;;db0afec5-85bc-41b0-8c0f-79b368eb3b16;Rugged Robotics - Marketing services;2026-03-04 16:30:47.742+00;2026-03-05 16:18:41.376+00;Deliverables;12;delivered;delivered;[];079aaa71-1323-449e-9324-71788583f8d0;Develop web page [PDF Case Study];
;;b1f3ae44-0316-492e-aef1-bb260b814482;Techmode - Marketing services;2026-02-25 16:27:42.758+00;2026-03-05 15:13:52.258+00;Deliverables;5;delivered;delivered;[];d5ebc89b-5b42-4cad-82b7-2390834a7483;Tech stack (March);
;;ec1251b4-8dd8-4f12-ba68-1e923a54c460;Hydrian - Marketing services;2026-02-25 19:26:57.181+00;2026-03-05 15:12:56.837+00;ToDos;;not_started;delivered;[];73ee77c8-cb70-4a53-96ab-2949cea63bb4;Fix spreadsheet - Hydrian Engaged Contacts;
;;cec48bff-a24c-43d2-a56e-4da7b806daf9;Ease - Podcast Services;2026-02-25 16:01:26.738+00;2026-03-05 15:11:11.602+00;Deliverables;10;delivered;delivered;[];c1b0947f-1007-42e3-acb0-a43681c47f48;Tech stack (March);
;;b410cb80-1021-4f01-a158-c3e6ac32723d;Ecosystems - Ongoing Marketing Services;2026-03-03 12:17:26.561+00;2026-03-05 14:58:58.038+00;ToDos;;not_started;delivered;[];4b1e013b-6ea0-4fd8-af74-f7758a894aa2;Prep for Ecosystems meeting (check description);
;;3f032f15-833e-4d7d-9347-381febf6d953;PTO Exchange - Marketing Services;2026-03-03 16:15:56.901+00;2026-03-05 13:44:43.693+00;ToDos;;not_started;delivered;[];e3ab09d8-c761-490e-848c-cce2b59aa7d9;[OPS] Update HubSpot workflows to suppress marketing emails after meeting is booked;4787639
;;bf57e936-b322-4b36-bf32-174d44c65e09;Verisk - Marketing services;2026-02-26 10:52:26.862+00;2026-03-05 13:03:57.311+00;Deliverables;5;delivered;delivered;[];28770135-76b5-43dd-bb37-8c81ba92c0fa;Tech stack (March);
;;75b32155-1255-4d17-b437-152e300521a0;ThreatMark - Marketing services;2026-03-02 15:07:45.161+00;2026-03-05 12:32:28.033+00;ToDos;;not_started;delivered;[];ef796d17-aa1f-4dc0-9283-c31d5dd2b693;Export from Figma to Adobe;
;;68a3f3dd-323f-42cb-bade-55dd8454c49f;Inside Tracker - Podcast services;2026-02-20 13:17:56.175+00;2026-03-05 11:13:49.817+00;Deliverables;10;delivered;delivered;[];d699b606-5a64-413b-8c3c-ec7fbd5031f0;86dzy7kt4 - Inside Tracker - Longevity by Design - Dr. Andrea Maier;
;;72cdc11e-fd4f-4d90-8688-1fc1484de2b0;Kersten Talent Capital - Aligned Growth Engine Ongoing Services;2026-03-03 22:30:15.442+00;2026-03-05 04:41:55.041+00;ToDos;;not_started;delivered;[];f875e796-f13f-4b81-8523-61002a2e0664;Validate Google Workspace access;
;;fabe8d32-ab02-4c3b-a8f6-ff63b75dcba7;Washington Speakers Bureau - Ongoing Marketing Services;2026-02-18 22:44:58.167+00;2026-03-04 22:08:54.53+00;ToDos;;not_started;delivered;[];5969d526-1c75-408e-af34-588b4fc3ab67;Review SEO Plan;
;;3f032f15-833e-4d7d-9347-381febf6d953;PTO Exchange - Marketing Services;2026-03-01 05:36:51.241+00;2026-03-04 21:06:48.127+00;ToDos;;not_started;delivered;[];ebe082e2-8fd0-4c8c-b96f-e77ca1b696fa;[OPS] Perform contact quality improvements: duplicates, invalids, disengaged;1657269
;;a3899b64-d779-4aee-afbb-d43e2125ccf8;VITAL - Marketing services;2026-03-04 12:20:49.241+00;2026-03-04 21:06:39.592+00;ToDos;;not_started;delivered;[];8836ad83-6c01-442e-83b5-e657607f7c25;Review task specs for video testimonial revision;
;;75b32155-1255-4d17-b437-152e300521a0;ThreatMark - Marketing services;2026-02-24 20:19:13.861+00;2026-03-04 19:07:17.062+00;Deliverables;;delivered;delivered;[];b45bfb56-a158-4c5f-81b5-a6eb22453be7;Technical Support - Banking Fraud Summit Site;
;;75b32155-1255-4d17-b437-152e300521a0;ThreatMark - Marketing services;2026-03-02 11:42:47.739+00;2026-03-04 19:07:04.431+00;Deliverables;;delivered;delivered;[];d5ea53d2-f2cf-4824-8ca2-d1a91f4ed916;Update Booth Graphic V5;
;;965b21f3-8748-420c-aaf3-b3fdcaa2f504;iCorps - Marketing Services;2026-02-27 12:42:38.602+00;2026-03-04 19:04:40.539+00;ToDos;;not_started;delivered;[];c76aa55d-0069-4d27-9227-5dbd7d384a3e;Update performance reporting dashboard;2400000
;;6a9f190a-9e44-4b24-8f1d-d82022950bb9;Agrippon - Marketing services;2026-02-26 15:24:54.603+00;2026-03-04 17:35:35.875+00;ToDos;;not_started;delivered;[];236fde00-25b2-44a6-aa4a-fe4150efd133;Update performance reporting dashboard;
;;ec1251b4-8dd8-4f12-ba68-1e923a54c460;Hydrian - Marketing services;2026-02-27 20:05:09.023+00;2026-03-04 17:34:30.671+00;ToDos;;not_started;delivered;[];3398e27f-d7d1-4bb7-acf4-a2751bc25ae0;Interview questions;
;;cec48bff-a24c-43d2-a56e-4da7b806daf9;Ease - Podcast Services;2026-03-03 14:54:50.147+00;2026-03-04 16:47:18.2+00;ToDos;;not_started;delivered;[];e0abe685-9e00-40b4-8cab-c03dd3827823;Podcast Page;
;;fabe8d32-ab02-4c3b-a8f6-ff63b75dcba7;Washington Speakers Bureau - Ongoing Marketing Services;2026-02-26 23:03:06.276+00;2026-03-04 16:46:57.768+00;Deliverables;5;delivered;delivered;[];0a8b3708-ed3c-4909-b9bc-12f3ea65932a;[Operations] Tech stack - (March);
;;3f032f15-833e-4d7d-9347-381febf6d953;PTO Exchange - Marketing Services;2026-02-27 16:34:06.803+00;2026-03-04 16:39:57.855+00;Deliverables;10;delivered;delivered;[];97f4163e-0da2-4b0a-8d1b-9c7008e1edbc;[OPS] Analyze 52 HubSpot workflow errors;
;;72cdc11e-fd4f-4d90-8688-1fc1484de2b0;Kersten Talent Capital - Aligned Growth Engine Ongoing Services;2025-12-04 22:36:47.975+00;2026-03-04 16:38:00.244+00;Deliverables;8;delivered;delivered;[];321efa46-a9b5-4456-b336-f39ad87fbed7;Develop dynamic email sequence;
;;72cdc11e-fd4f-4d90-8688-1fc1484de2b0;Kersten Talent Capital - Aligned Growth Engine Ongoing Services;2026-02-25 21:45:37.659+00;2026-03-04 16:36:25.942+00;Deliverables;20;delivered;delivered;[];7e58d9a4-a510-4a48-ab3e-019d3cdcd365;Develop Brand Package;
;;833f1003-bf16-434b-afab-a705072e5eef;Bazaarvoice - Content marketing services;2026-02-19 19:56:17.337+00;2026-03-04 15:50:19.357+00;Deliverables;10;delivered;delivered;[];30edb637-157b-4d0c-992e-3b4e49869e3c;Create short videos for Bazaarvoice Summit;
;;ec1251b4-8dd8-4f12-ba68-1e923a54c460;Hydrian - Marketing services;2026-03-03 19:11:51.09+00;2026-03-04 14:36:19.266+00;ToDos;;not_started;delivered;[];6e54fc43-63f4-4af0-8ebf-9662f7a11791;Update survey landing page;
;;965b21f3-8748-420c-aaf3-b3fdcaa2f504;iCorps - Marketing Services;2026-02-25 16:35:14.974+00;2026-03-04 11:51:40.035+00;ToDos;;not_started;delivered;[];e7270478-8a4c-4b6f-b1e7-69d8fada2f65;Spec sales enablement content;
;;3f032f15-833e-4d7d-9347-381febf6d953;PTO Exchange - Marketing Services;2026-03-03 16:33:30.253+00;2026-03-04 10:31:34.237+00;ToDos;;not_started;delivered;[];69bf9664-16f0-4936-a71d-a5ca2c96e42c;Prepare list of all active email workflows;
;;6a9f190a-9e44-4b24-8f1d-d82022950bb9;Agrippon - Marketing services;2026-02-26 15:10:24.706+00;2026-03-04 06:04:32.889+00;ToDos;;not_started;delivered;[];30ec0c43-c010-4210-b2bf-95067c47b5c4;Develop 3-month points plan;
;;3f032f15-833e-4d7d-9347-381febf6d953;PTO Exchange - Marketing Services;2026-02-27 16:39:13.659+00;2026-03-04 05:30:47.819+00;ToDos;;not_started;delivered;[];61f45969-24b4-4182-a526-b29eb5b7ebdd;[STRATEGY] Report on CTA/popup performance;
;;833f1003-bf16-434b-afab-a705072e5eef;Bazaarvoice - Content marketing services;2026-03-03 09:27:33.478+00;2026-03-03 23:36:24.294+00;ToDos;;not_started;delivered;[];fb3daa30-5b73-4c0f-9d97-1b135fac36d0;Compare old vs. new brief to update points;
;;a3991937-58e5-4d1d-b591-3be6943c6f41;Milestone Towers - Ongoing Marketing Services;2026-03-03 14:54:00.774+00;2026-03-03 23:14:30.964+00;ToDos;;not_started;delivered;[];fc9bf0de-3212-473f-a364-07938c3d19a5;Review deck documents;
;;72cdc11e-fd4f-4d90-8688-1fc1484de2b0;Kersten Talent Capital - Aligned Growth Engine Ongoing Services;2025-12-23 17:50:55.804+00;2026-03-03 22:30:12.149+00;ToDos;;not_started;delivered;[];d0f98fd4-0690-4b1f-aa10-d0a793f35a96;ABM email sequence;
;;6d459e08-94c6-42b3-b296-d861d6e03560;RoboHead - Aligned Growth Engine Launch;2026-02-25 16:21:09.898+00;2026-03-03 20:56:25.031+00;Deliverables;0;delivered;delivered;[];cf50d5db-8474-42e0-89a3-6738b59f92f1;Conduct kickoff;
;;6061d0c2-de11-40b9-8824-1ccd80a970d6;Global Shared Services - Marketing Services;2026-02-06 18:30:19.57+00;2026-03-03 19:43:33.262+00;Deliverables;3;delivered;delivered;[];26fce751-be61-49ef-9f73-f4443aa0dae8;Set Up ABM - Accounting Services & New CFO Services;
;;bf57e936-b322-4b36-bf32-174d44c65e09;Verisk - Marketing services;2026-02-26 13:19:35.128+00;2026-03-03 18:34:02.96+00;ToDos;;not_started;delivered;[];d47068e9-e376-49c7-b802-859b650c67c1;Record intro for Episode Gina Ive;
;;bf57e936-b322-4b36-bf32-174d44c65e09;Verisk - Marketing services;2026-02-26 13:18:49.866+00;2026-03-03 18:33:58.779+00;ToDos;;not_started;delivered;[];efa1fd58-4c4d-4bdb-b1bf-5ca4acd261dc;Client feedback Pat Sullivan blog outline;
;;6a9f190a-9e44-4b24-8f1d-d82022950bb9;Agrippon - Marketing services;2026-02-09 04:20:38.334+00;2026-03-03 18:25:26.837+00;Deliverables;10;delivered;delivered;[];aef35aee-30a7-48b9-ad5c-ea72f2fc43e5;Develop image ad creative package [ABM Update];
;;3f032f15-833e-4d7d-9347-381febf6d953;PTO Exchange - Marketing Services;2026-02-24 12:30:16.665+00;2026-03-03 18:25:07.084+00;ToDos;;not_started;delivered;[];084f2a6c-e90d-4765-aea8-9ab5fea1ca51;[STRATEGY] UX Intelligence (HotJar);
;;a3899b64-d779-4aee-afbb-d43e2125ccf8;VITAL - Marketing services;2026-01-28 08:26:57.399+00;2026-03-03 17:48:20.553+00;ToDos;;not_started;delivered;[];fd0f3b33-7f78-4414-966c-34da513b0d95;Connect VITAL Facebook + Instagram;
;;a3899b64-d779-4aee-afbb-d43e2125ccf8;VITAL - Marketing services;2026-03-03 16:36:54.83+00;2026-03-03 17:29:41.024+00;ToDos;;not_started;delivered;[];14e9ba6d-09c1-47fa-9056-4a1dabeeb011;Send Igor video recording on how to edit in Descript;
;;7b7f4acf-a215-4f42-8ea4-51bb4491b01b;Acacia Advisors - Ongoing Marketing Services;2026-02-17 17:29:02.502+00;2026-03-03 16:01:21.668+00;ToDos;;not_started;delivered;[];5d2d34f3-09b8-42b9-be51-0a93a886f9b8;Complete asset intake/access form;
;;47fd377d-b404-4504-87cc-eb3e12d55090;Transport Topics - Blog Post Bundle;2026-02-19 02:04:24.057+00;2026-03-03 15:10:40.048+00;Deliverables;5;delivered;delivered;[];931c3868-8d2a-4ff5-9f0b-444d4d73fc93;Transport Topics - Blog Post Copy - RoadSigns Extended Cut with Cox Automotive (02/2026);
;;b1f3ae44-0316-492e-aef1-bb260b814482;Techmode - Marketing services;2026-02-04 20:28:42.469+00;2026-03-03 14:42:56.673+00;Deliverables;3;delivered;delivered;[];8d06ec57-795f-465c-b473-76bf4f046097;Configure additional paid media campaign - SMB ;
;;3f032f15-833e-4d7d-9347-381febf6d953;PTO Exchange - Marketing Services;2026-03-01 06:11:16.926+00;2026-03-03 14:39:50.144+00;ToDos;;not_started;delivered;[];40389bb3-4c34-46e3-8996-5d03f9aa40a9;[STRATEGY] Enrich contacts with personal email addresses;5527792
;;4aa1e0b0-c66a-4025-b0a2-2d1b998c8d99;AutoBytes - 2026 Services;2026-02-20 13:36:09.621+00;2026-03-03 13:20:34.825+00;Deliverables;8;delivered;delivered;[];2a4c0de1-1f1b-42ae-9e89-4d353bf2b8fa;Design One Pager - Treatment Facility;
;;bf57e936-b322-4b36-bf32-174d44c65e09;Verisk - Marketing services;2026-02-27 20:00:48.249+00;2026-03-03 12:38:27.351+00;ToDos;;not_started;delivered;[];51528592-4c09-43da-ba23-ed2f4fcab8f6;Edits to 86dzwc95b - Verisk - The Marketing Rapport - Gina Ive;
;;bf57e936-b322-4b36-bf32-174d44c65e09;Verisk - Marketing services;2026-02-10 15:37:38.03+00;2026-03-03 11:15:41.545+00;Deliverables;5;delivered;delivered;[];7c6d9ba9-63b9-467d-af6b-4e0917623559;Develop images for Total IP Address;
;;3f032f15-833e-4d7d-9347-381febf6d953;PTO Exchange - Marketing Services;2026-02-27 16:45:57.324+00;2026-03-03 10:28:25.777+00;ToDos;;not_started;delivered;[];49f50493-f2df-49f0-b944-349eb7bad835;[STRATEGY] Import Contacts into HubSpot (Healthcare Enterprise ABM and Current ABM LinkedIn Ads);3600000
;;a3899b64-d779-4aee-afbb-d43e2125ccf8;VITAL - Marketing services;2026-03-02 20:29:59.505+00;2026-03-03 01:33:35.506+00;ToDos;;not_started;delivered;[];d6c2d339-c35a-448c-b80a-79d1b805b946;Review and edit episode assets;
;;965b21f3-8748-420c-aaf3-b3fdcaa2f504;iCorps - Marketing Services;2026-02-25 16:24:31.123+00;2026-03-02 19:55:45.474+00;ToDos;;not_started;delivered;[];a1f3ae83-8a68-46ad-8778-babdbdefd618;Update location pages (preview pages) and publish;3600000
;;fabe8d32-ab02-4c3b-a8f6-ff63b75dcba7;Washington Speakers Bureau - Ongoing Marketing Services;2026-02-13 21:38:19.109+00;2026-03-02 19:54:39.466+00;Deliverables;20;delivered;delivered;[];e004fc70-b64f-497e-8a0b-a786ae11e9e2;[Management] Manage paid media - (February);
;;c8bd9166-2a8e-4824-9bbb-304f1d8ce014;Numeric - Podcast services;2026-02-20 23:20:01.474+00;2026-03-02 19:06:27.414+00;Deliverables;;delivered;delivered;[];15c6e5c9-6759-4721-ac74-78765414cb8d;Set up AirOps writing workflow;
;;81a43ee4-a5a5-4852-a86b-4cbaf13bfeec;Tyfone - Content marketing services;2026-01-31 07:08:52.746+00;2026-03-02 18:52:27.627+00;Deliverables;15;delivered;delivered;[];5a0653e3-5bb9-4e8f-a998-bcf16bf36a0e;Create speaking highlight video - Josh's NCUMA AI Presentation;
;;ca141f89-32e5-42c5-8c4d-bb32dee9aef2;BioSafe - Marketing services;2026-02-20 18:34:28.698+00;2026-03-02 15:16:36.583+00;ToDos;;not_started;delivered;[];cf7e2bce-8df3-4acf-9b26-5d7fc3a3b7d5;Blog Workflow Optimization;
;;ca141f89-32e5-42c5-8c4d-bb32dee9aef2;BioSafe - Marketing services;2026-01-30 17:47:13.143+00;2026-03-02 15:15:33.3+00;Deliverables;10;delivered;delivered;[];5bd13d21-5d9d-4c1e-9eda-8bf6d6f161b4;Manage content (February);
;;833f1003-bf16-434b-afab-a705072e5eef;Bazaarvoice - Content marketing services;2026-01-20 13:54:34.193+00;2026-03-02 13:58:16.493+00;Deliverables;0;archived;archived;[];614e0d08-8fcc-4c0d-a35d-28b28f297a6e;Develop outreach sequence to promote Bazaarvoice Summit playbook;
;;81a43ee4-a5a5-4852-a86b-4cbaf13bfeec;Tyfone - Content marketing services;2026-02-26 10:52:57.94+00;2026-03-02 13:31:06.091+00;Deliverables;5;delivered;delivered;[];ccd953e4-70cc-4f50-b144-edf0f75c63fb;Tech stack (March);
;;8e4bcd63-cf2d-4673-9b05-78bac6fa4657;Wilburn - Content marketing services;2026-01-28 09:36:01.262+00;2026-03-02 13:28:02.112+00;Deliverables;2;delivered;delivered;[];1b933560-3e80-4dbb-bead-bffe72bd9990;Website Hosting;
;;deb20e29-45f3-4095-ae7e-8952961b9806;Rod Miller - Content marketing services;2026-02-26 11:00:56.887+00;2026-03-02 12:57:00.628+00;Deliverables;2;delivered;delivered;[];311e98b7-452c-4d87-a169-880a4b13bc8b;Website Hosting (March);
;;1d01a92d-8acf-44a9-ba25-535d596dab53;NEACH - Content marketing services;2026-02-26 10:53:13.866+00;2026-03-02 12:55:18.821+00;Deliverables;6;delivered;delivered;[];a62eadad-63b8-4ef1-9168-f78441a6bf1d;Tech stack (March);
;;a3991937-58e5-4d1d-b591-3be6943c6f41;Milestone Towers - Ongoing Marketing Services;2026-02-26 10:57:02.543+00;2026-03-02 12:55:05.997+00;Deliverables;5;delivered;delivered;[];22709dbf-b9d4-44c8-84d7-58b3b8c8ce7e;Tech stack (March);
;;68a3f3dd-323f-42cb-bade-55dd8454c49f;Inside Tracker - Podcast services;2026-02-26 10:54:04.75+00;2026-03-02 12:54:11.484+00;Deliverables;5;delivered;delivered;[];920ccfff-3957-4c35-93b4-b7747ad18791;Tech stack (March);
;;833f1003-bf16-434b-afab-a705072e5eef;Bazaarvoice - Content marketing services;2026-01-27 15:14:53.338+00;2026-03-02 06:58:46.219+00;Deliverables;0;archived;archived;[];7f4909b5-4acf-4621-b47b-152ca88386e5;Design LinkedIn Carousel to promote the playbook;
;;a3899b64-d779-4aee-afbb-d43e2125ccf8;VITAL - Marketing services;2026-02-18 11:31:13.494+00;2026-03-02 06:53:53.653+00;Deliverables;0;delivered;delivered;[];df480c92-1131-4bfc-8d63-4d14e7966677;Create social posts - ProSource Summit;
;;75b32155-1255-4d17-b437-152e300521a0;ThreatMark - Marketing services;2026-02-25 20:49:44.216+00;2026-03-02 04:08:06.664+00;ToDos;;not_started;delivered;[];ccbe17f3-e8ab-429d-8cd3-4e54ce21434d;Banking Summit Training Prep;
;;18194a27-f4fd-4f8a-b974-7e8dcaea1d46;Syncro - Content marketing services;2026-02-27 19:45:57.469+00;2026-03-02 04:02:16.551+00;ToDos;;not_started;delivered;[];5042838d-16e8-402e-ae0f-0b4b0151dd68;Set up asset intake for Syncro platforms;
;;bfd6c756-8746-4619-be60-cba08836b1a9;New North;2026-01-24 06:20:30.63+00;2026-03-02 03:15:09.439+00;Deliverables;8;delivered;delivered;[];74f90209-7ddb-4605-b85e-8b4ea8c40e9e;Manage paid media (February);
;;bfd6c756-8746-4619-be60-cba08836b1a9;New North;2026-01-24 06:18:30.397+00;2026-03-02 03:15:09.439+00;Deliverables;5;delivered;delivered;[];53db254b-e069-458a-b196-29307ffdc759;Manage web (February);
;;7f6de0fa-ebf7-473a-af2e-b82ac2f7b097;Ideometry;2026-01-31 23:11:54.205+00;2026-03-02 03:15:09.439+00;Deliverables;5;delivered;delivered;[];a7df610a-5f03-4fea-a192-e37bb5269aeb;Manage web - February;
;;3f032f15-833e-4d7d-9347-381febf6d953;PTO Exchange - Marketing Services;2026-02-19 21:56:49.11+00;2026-02-28 07:03:48.119+00;Deliverables;;delivered;delivered;[];99d08107-cef2-412f-bce6-62271e393543;Support Request Window (February);
;;1194e57c-a4a6-4e1e-bac3-83c4ff3c4ad7;Gallagher & Mohan - Ongoing Marketing Services - Post AGE;2026-02-27 15:23:30.559+00;2026-02-28 07:03:32.007+00;ToDos;;not_started;delivered;[];32301fbe-d178-4aeb-a6bb-e827d6b32b6f;Update all ABM assets: additional service offerings;
;;a3899b64-d779-4aee-afbb-d43e2125ccf8;VITAL - Marketing services;2026-02-24 13:20:31.53+00;2026-02-28 00:22:11.987+00;ToDos;;not_started;delivered;[];76ca5ec9-60ed-46fc-8416-1e815b0ceb79;Edits to 86dzk5e08 - VITAL - The Flywheel Effect - Matt Bernath;
;;ff2ef389-756d-4ece-b525-93fab32170d6;Planon - Marketing Services;2026-02-25 21:37:28.889+00;2026-02-27 22:36:39.987+00;ToDos;;not_started;delivered;[];9740f69b-1f19-45c6-9a88-618701a3a62e;Review Feedback from Client on Video;6000000
;;75b32155-1255-4d17-b437-152e300521a0;ThreatMark - Marketing services;2026-01-28 19:11:20.867+00;2026-02-27 22:05:08.861+00;Deliverables;8;delivered;delivered;[];fb6bb88b-476d-4c6e-a155-076f8cf95bd2;Manage paid media - February;
;;b1f3ae44-0316-492e-aef1-bb260b814482;Techmode - Marketing services;2026-01-29 14:20:44.942+00;2026-02-27 20:42:05.416+00;Deliverables;5;delivered;delivered;[];02e45b7b-b03a-48aa-9971-f26c3a64fb12;Manage web (February);
;;ca141f89-32e5-42c5-8c4d-bb32dee9aef2;BioSafe - Marketing services;2026-02-24 21:38:48.656+00;2026-02-27 20:41:36.546+00;ToDos;;not_started;delivered;[];1d6d7b4c-f85e-436c-8514-e7059ca808c5;Add task to review Meta descriptions;
;;6a6c0b83-0123-431f-843a-3b961aadb352;Rezku POS - Ongoing Services - Post AGE;2026-02-05 21:42:30.606+00;2026-02-27 20:05:30.867+00;Deliverables;19;delivered;delivered;[];68d317fe-443e-491f-a7b2-3af9182f48b8;Tech stack;
;;bf57e936-b322-4b36-bf32-174d44c65e09;Verisk - Marketing services;2026-02-27 19:36:12.85+00;2026-02-27 20:03:07.356+00;ToDos;;not_started;delivered;[];0e89284d-71f3-4879-b17e-e63e33d95986;Assign edits to Episode Gina Ive;1800000
;;75b32155-1255-4d17-b437-152e300521a0;ThreatMark - Marketing services;2026-02-26 14:01:51.315+00;2026-02-27 19:51:38.733+00;Deliverables;;delivered;delivered;[];607f2df5-c7ba-4355-9c11-e2ca23683879;Update Booth Graphics V3;
;;75b32155-1255-4d17-b437-152e300521a0;ThreatMark - Marketing services;2026-02-16 20:29:38.25+00;2026-02-27 19:51:19.653+00;Deliverables;30;delivered;delivered;[];ff85f900-2769-4bdc-9576-0589428a0f4e;Develop Customer Testimonial Videos;
;;75b32155-1255-4d17-b437-152e300521a0;ThreatMark - Marketing services;2026-01-28 19:13:48.364+00;2026-02-27 19:51:13.705+00;Deliverables;5;delivered;delivered;[];5f951ae3-ee5f-4e1a-9f05-011af34992a0;Manage web - February;
;;75b32155-1255-4d17-b437-152e300521a0;ThreatMark - Marketing services;2026-01-28 19:07:57.881+00;2026-02-27 19:51:01.088+00;Deliverables;5;delivered;delivered;[];b4daeae5-5170-411b-9bc1-8e326b2fcc85;Manage performance reporting - February;
;;66a4318e-0698-422f-854d-3aeb4c4bd804;WeFixFreight - Marketing services;2026-01-28 17:37:35.813+00;2026-02-27 19:50:53.024+00;Deliverables;5;delivered;delivered;[];dd631770-4f6b-4693-96b4-f1cf84e28791;Manage performance reporting - February;
;;75b32155-1255-4d17-b437-152e300521a0;ThreatMark - Marketing services;2026-01-27 13:34:37.954+00;2026-02-27 19:50:48.359+00;Deliverables;10;delivered;delivered;[];5d14fdab-6fb5-4505-9169-787074af1c9a;Facilitate Client Meetings - February;
;;75b32155-1255-4d17-b437-152e300521a0;ThreatMark - Marketing services;2026-03-26 19:39:39.085+00;2026-02-27 19:50:48.359+00;Deliverables;10;delivered;delivered;[];f11ed2c8-c969-46c8-a326-3f3b7df67f0e;Facilitate Client Meetings - March;
;;75b32155-1255-4d17-b437-152e300521a0;ThreatMark - Marketing services;2026-01-27 13:33:48.023+00;2026-02-27 19:50:46.271+00;Deliverables;16;delivered;delivered;[];24f80b58-77d4-4483-810b-959d7c7e1422;Tech Stack - February;
;;66a4318e-0698-422f-854d-3aeb4c4bd804;WeFixFreight - Marketing services;2026-01-27 13:16:18.658+00;2026-02-27 19:50:44.282+00;Deliverables;5;delivered;delivered;[];5c382b9e-1922-4808-b65f-5cbb1daf5f1c;Manage web - February;
;;66a4318e-0698-422f-854d-3aeb4c4bd804;WeFixFreight - Marketing services;2026-01-27 13:14:28.999+00;2026-02-27 19:50:42.118+00;Deliverables;8;delivered;delivered;[];513b78ff-9f32-4912-8c77-d29aadd1c5f4;Manage paid media - February;
;;66a4318e-0698-422f-854d-3aeb4c4bd804;WeFixFreight - Marketing services;2026-01-27 13:11:49.312+00;2026-02-27 19:50:36.324+00;Deliverables;5;delivered;delivered;[];a87243eb-d8bf-4d41-b251-8ed71febc368;Facilitate Client Meetings - February;
;;66a4318e-0698-422f-854d-3aeb4c4bd804;WeFixFreight - Marketing services;2026-01-27 13:11:19.591+00;2026-02-27 19:50:33.084+00;Deliverables;5;delivered;delivered;[];1730f722-8545-4c9f-a549-c8d620403123;Tech stack - February;
;;965b21f3-8748-420c-aaf3-b3fdcaa2f504;iCorps - Marketing Services;2026-01-30 20:55:38.805+00;2026-02-27 19:15:48.625+00;Deliverables;10;delivered;delivered;[];16756a5c-5049-4181-bf90-2e60d954b0b9;Manage ABM [February];
;;059db008-bde9-43e2-b5ea-2d8080194a92;"Ponce Bank - Creative; Digital; and Website Retainer";2026-01-30 17:23:51.874+00;2026-02-27 19:07:24.448+00;Deliverables;10;delivered;delivered;[];a3fae4bf-2db9-4c16-8fd2-f24b506a02a9;Facilitate Client Meetings - February;
;;ec1251b4-8dd8-4f12-ba68-1e923a54c460;Hydrian - Marketing services;2026-02-09 22:04:07.449+00;2026-02-27 18:59:00.859+00;Deliverables;5;delivered;delivered;[];f0d225a2-d939-4544-9789-1741bd72e434;Design & Launch Newsletter - February;
;;ec1251b4-8dd8-4f12-ba68-1e923a54c460;Hydrian - Marketing services;2026-01-28 22:14:11.401+00;2026-02-27 18:58:12.513+00;Deliverables;5;delivered;delivered;[];e434d48b-029d-4276-8408-ee798cdd2748;Manage web (February);
;;ec1251b4-8dd8-4f12-ba68-1e923a54c460;Hydrian - Marketing services;2026-01-28 22:20:39.658+00;2026-02-27 18:58:06.968+00;Deliverables;8;delivered;delivered;[];6cabb540-59ee-4fd7-a26c-4254167ae587;Manage paid media (February);
;;ec1251b4-8dd8-4f12-ba68-1e923a54c460;Hydrian - Marketing services;2026-01-28 22:20:20.114+00;2026-02-27 18:57:56.854+00;Deliverables;21;delivered;delivered;[];5719f0f2-7c10-4d2a-9b99-14137e3e3fbb;Tech stack (February);
;;ec1251b4-8dd8-4f12-ba68-1e923a54c460;Hydrian - Marketing services;2026-01-28 22:14:11.021+00;2026-02-27 18:57:07.657+00;Deliverables;8;delivered;delivered;[];977b7f7f-d40c-4e30-9c4e-81faa687a9ca;Manage social (February);
;;ec1251b4-8dd8-4f12-ba68-1e923a54c460;Hydrian - Marketing services;2026-01-28 22:11:39.797+00;2026-02-27 18:56:59.258+00;Deliverables;5;delivered;delivered;[];b2f30bec-904d-4112-93b3-93c17fbb126d;Manage performance reporting (February);
;;ec1251b4-8dd8-4f12-ba68-1e923a54c460;Hydrian - Marketing services;2026-01-28 22:08:39.628+00;2026-02-27 18:56:50.578+00;Deliverables;10;delivered;delivered;[];50423bdc-063f-4a5b-a743-cbcb2f080402;Facilitate Client Meetings (February);
;;cec48bff-a24c-43d2-a56e-4da7b806daf9;Ease - Podcast Services;2026-02-23 17:48:36.291+00;2026-02-27 18:38:10.682+00;ToDos;;not_started;delivered;[];8d5d0dc0-0e0b-4cec-a468-91b8a1044ad7;Workflow Update: Blog Thumbnail Prompt Creation;3600000
;;b1f3ae44-0316-492e-aef1-bb260b814482;Techmode - Marketing services;2026-01-29 14:21:22.875+00;2026-02-27 18:24:40.474+00;Deliverables;10;delivered;delivered;[];a3610646-e333-4782-80e7-3e0005d9ecf5;Facilitate Client Meetings (February);
;;ca141f89-32e5-42c5-8c4d-bb32dee9aef2;BioSafe - Marketing services;2026-01-30 17:45:45.612+00;2026-02-27 18:15:24.364+00;Deliverables;5;delivered;delivered;[];97736781-c60c-4c93-8b82-9be179511cb3;Manage web (February) ;
;;6061d0c2-de11-40b9-8824-1ccd80a970d6;Global Shared Services - Marketing Services;2026-01-27 20:37:17.795+00;2026-02-27 17:37:35.673+00;Deliverables;5;delivered;delivered;[];d74fc25a-a366-47ad-a84c-e24a479f090d;Manage web (February);
;;3f032f15-833e-4d7d-9347-381febf6d953;PTO Exchange - Marketing Services;2026-02-26 06:10:42.728+00;2026-02-27 17:34:46.858+00;ToDos;;not_started;delivered;[];5d52c932-4250-46e4-8ffe-c8f77fdeb251;[STRATEGY] Adjust Lead Status dropdown options;900000
;;6061d0c2-de11-40b9-8824-1ccd80a970d6;Global Shared Services - Marketing Services;2026-01-27 20:38:29.317+00;2026-02-27 17:32:16.317+00;Deliverables;5;delivered;delivered;[];d000a1f1-8d94-4e87-bd1d-fbed69a9681c;Manage SEO (February);
;;6061d0c2-de11-40b9-8824-1ccd80a970d6;Global Shared Services - Marketing Services;2026-01-27 20:37:43.888+00;2026-02-27 17:29:18.66+00;Deliverables;10;delivered;delivered;[];ef7332ec-4c5a-4d71-9dc2-3e12378f9358;Facilitate Client Meetings (February);
;;6061d0c2-de11-40b9-8824-1ccd80a970d6;Global Shared Services - Marketing Services;2026-01-27 20:38:53.382+00;2026-02-27 17:27:20.133+00;Deliverables;10;delivered;delivered;[];dc370c16-05d6-455f-a98b-ab2b424762d8;Manage ABM (February);
;;ca141f89-32e5-42c5-8c4d-bb32dee9aef2;BioSafe - Marketing services;2026-01-30 17:46:08.422+00;2026-02-27 17:27:18.292+00;Deliverables;5;delivered;delivered;[];f00f735e-1e97-4160-b989-ca8fe49d04b6;Manage performance reporting (February);
;;6061d0c2-de11-40b9-8824-1ccd80a970d6;Global Shared Services - Marketing Services;2026-01-27 20:39:07.597+00;2026-02-27 17:26:10.413+00;Deliverables;17;delivered;delivered;[];352aa5b5-438a-4c4b-8c8f-15a8ad8e074d;Tech stack (February);
;;52b3ee0f-cbad-4031-a387-79ecb54874fb;Aquatic Informatics - Ongoing Marketing Services;2026-01-30 17:27:53.619+00;2026-02-27 17:24:34.942+00;Deliverables;10;delivered;delivered;[];3b0acab0-11c2-46fb-8432-eef0199b363a;Facilitate Client Meetings - February;
;;72cdc11e-fd4f-4d90-8688-1fc1484de2b0;Kersten Talent Capital - Aligned Growth Engine Ongoing Services;2026-01-23 13:40:48.535+00;2026-02-27 17:24:30.775+00;ToDos;;not_started;delivered;[];6abe7483-e5be-4a7f-87f0-ff1c998bcc7c;ABM Contact List;
;;72cdc11e-fd4f-4d90-8688-1fc1484de2b0;Kersten Talent Capital - Aligned Growth Engine Ongoing Services;2025-12-04 22:45:19.528+00;2026-02-27 17:24:02.87+00;Deliverables;10;delivered;delivered;[];bc650400-f4d4-4fcc-858d-fa6bcb9e40d0;Develop image ad creative package;
;;52b3ee0f-cbad-4031-a387-79ecb54874fb;Aquatic Informatics - Ongoing Marketing Services;2026-01-30 17:29:33.474+00;2026-02-27 17:22:16.681+00;Deliverables;6;delivered;delivered;[];4b813cde-9364-4ccc-981e-d4b91693cd17;Tech stack - February;
;;3f032f15-833e-4d7d-9347-381febf6d953;PTO Exchange - Marketing Services;2026-02-23 15:06:42.207+00;2026-02-27 16:29:30.289+00;Deliverables;5;delivered;delivered;[];aa9d5f74-ec84-4c45-a511-5904f851b51f;[STRATEGY] HubSpot ICP Segmentation;
;;ca141f89-32e5-42c5-8c4d-bb32dee9aef2;BioSafe - Marketing services;2026-02-06 15:46:53.345+00;2026-02-27 15:55:24.01+00;Deliverables;18;delivered;delivered;[];83b0a4f2-9727-4822-88b8-613ae9c427d4;Optimize SEO web page - EDS;
;;ca141f89-32e5-42c5-8c4d-bb32dee9aef2;BioSafe - Marketing services;2026-02-06 15:46:42.171+00;2026-02-27 15:55:09.618+00;Deliverables;5;delivered;delivered;[];dcd06bf3-9f7a-47c5-b993-24ed73252f9d;Optimized SEO web page - STI Medical Waste Treatment System;
;;52b3ee0f-cbad-4031-a387-79ecb54874fb;Aquatic Informatics - Ongoing Marketing Services;2025-12-19 17:06:41.522+00;2026-02-27 15:51:38.516+00;Deliverables;5;delivered;delivered;[];b8ebb710-99be-45b9-ae3d-da25df845a9b;Build priority forms (February);
;;1194e57c-a4a6-4e1e-bac3-83c4ff3c4ad7;Gallagher & Mohan - Ongoing Marketing Services - Post AGE;2026-02-10 15:09:01.868+00;2026-02-27 15:23:20.635+00;ToDos;;not_started;delivered;[];5fc0d845-86cb-4471-9edd-e1e0ea8f318f;Review ABM email sequence;
;;1194e57c-a4a6-4e1e-bac3-83c4ff3c4ad7;Gallagher & Mohan - Ongoing Marketing Services - Post AGE;2026-02-10 15:10:28.167+00;2026-02-27 15:23:20.635+00;ToDos;;not_started;delivered;[];7f29a052-3335-434f-9319-ad16e4dd386d;Review ABM playbook;
;;1194e57c-a4a6-4e1e-bac3-83c4ff3c4ad7;Gallagher & Mohan - Ongoing Marketing Services - Post AGE;2026-02-13 16:12:01.531+00;2026-02-27 15:23:20.635+00;ToDos;;not_started;delivered;[];3a52fef8-917b-4f51-9a48-6f8f57ad9443;Review ABM direct mail designs;
;;1194e57c-a4a6-4e1e-bac3-83c4ff3c4ad7;Gallagher & Mohan - Ongoing Marketing Services - Post AGE;2026-02-10 15:09:40.912+00;2026-02-27 15:23:20.635+00;ToDos;;not_started;delivered;[];b4c2ba65-eb02-44ff-bc81-e43f01fc0a44;Review ABM LinkedIn ad setup;
;;1194e57c-a4a6-4e1e-bac3-83c4ff3c4ad7;Gallagher & Mohan - Ongoing Marketing Services - Post AGE;2026-02-10 15:10:53.899+00;2026-02-27 15:23:20.635+00;ToDos;;not_started;delivered;[];7fc00056-5f20-4a51-9e7e-4fca8b9dd91f;Review ABM landing page;
;;fabe8d32-ab02-4c3b-a8f6-ff63b75dcba7;Washington Speakers Bureau - Ongoing Marketing Services;2026-02-04 22:03:07.951+00;2026-02-27 15:04:14.565+00;Deliverables;10;delivered;delivered;[];4bd01c31-2b09-4592-9720-5eb3180a9456;[Management] Facilitate Client Meetings - (February);
;;3f032f15-833e-4d7d-9347-381febf6d953;PTO Exchange - Marketing Services;2026-02-24 11:46:12.099+00;2026-02-27 14:57:18.592+00;Deliverables;8;delivered;delivered;[];1fd7b964-5308-48eb-813a-ecc3cbc3a941;Develop an infographic [Leave Sharing - Spanish];
;;72cdc11e-fd4f-4d90-8688-1fc1484de2b0;Kersten Talent Capital - Aligned Growth Engine Ongoing Services;2026-02-19 22:37:02.914+00;2026-02-27 14:29:41.291+00;Deliverables;15;delivered;delivered;[];cb04ee77-7d46-43d3-a6af-bb8076ab285c;Update slide deck or presentation;
;;fabe8d32-ab02-4c3b-a8f6-ff63b75dcba7;Washington Speakers Bureau - Ongoing Marketing Services;2026-02-18 22:44:53.652+00;2026-02-27 14:28:48.712+00;ToDos;;not_started;delivered;[];b76fbab4-4a5e-49d4-be66-f256562f22ad;Review Content Plan;
;;ca141f89-32e5-42c5-8c4d-bb32dee9aef2;BioSafe - Marketing services;2026-02-03 22:37:23.58+00;2026-02-27 14:28:16.683+00;Deliverables;10;delivered;delivered;[];1be24cf0-c68a-4b9c-ad16-2236c240be43;Facilitate Client Meetings (February);
;;ca141f89-32e5-42c5-8c4d-bb32dee9aef2;BioSafe - Marketing services;2026-01-30 17:46:57.143+00;2026-02-27 14:27:53.447+00;Deliverables;8;delivered;delivered;[];22a93f6c-4ad4-4083-9aa7-c377043f0fac;Manage paid media (February);
;;b1f3ae44-0316-492e-aef1-bb260b814482;Techmode - Marketing services;2026-01-29 14:20:09.722+00;2026-02-27 14:27:22.633+00;Deliverables;8;delivered;delivered;[];609307c8-83fc-450c-8e65-c32c39bb4139;Manage paid media (February);
;;cec48bff-a24c-43d2-a56e-4da7b806daf9;Ease - Podcast Services;2026-01-29 14:09:59.157+00;2026-02-27 14:27:16.23+00;ToDos;;not_started;delivered;[];f55aedd3-fd2a-417f-a836-3f6e026a6c99;Weekly Client Management - (February);
;;75b32155-1255-4d17-b437-152e300521a0;ThreatMark - Marketing services;2026-02-24 20:17:20.528+00;2026-02-27 14:24:34.894+00;Deliverables;;delivered;delivered;[];f04a9c8a-50ac-49db-a4ec-d4143c2ed413;Optimize LinkedIn Campaigns;
;;cec48bff-a24c-43d2-a56e-4da7b806daf9;Ease - Podcast Services;2026-01-29 14:06:14.847+00;2026-02-27 14:12:48.974+00;Deliverables;10;delivered;delivered;[];d59bfb2a-4032-4667-a083-a35d7600d1bd;Facilitate Client Meetings (February);
;;72cdc11e-fd4f-4d90-8688-1fc1484de2b0;Kersten Talent Capital - Aligned Growth Engine Ongoing Services;2025-12-29 14:39:42.527+00;2026-02-27 14:12:32.933+00;Deliverables;10;delivered;delivered;[];bd4c3866-cb06-4b8f-b4c7-fba49ee64f97;Facilitate Client Meetings - February;
;;e50afe94-037e-49d6-8f2e-8c05ac7e3294;Data Assessment Solutions - Ongoing Marketing Services;2025-09-18 11:44:33.127+00;2026-02-27 13:28:47.903+00;Deliverables;0;archived;archived;[];fd256e92-ddb3-4fbf-b161-157a307c3f33;Post-AGE Client Onboarding;
;;e50afe94-037e-49d6-8f2e-8c05ac7e3294;Data Assessment Solutions - Ongoing Marketing Services;2026-01-05 21:17:42.179+00;2026-02-27 13:28:47.903+00;Deliverables;8;archived;archived;[];b4cc130c-3a1a-4597-bd46-fcf288a4c920;Manage paid media [January];
;;e50afe94-037e-49d6-8f2e-8c05ac7e3294;Data Assessment Solutions - Ongoing Marketing Services;2025-09-17 20:03:41.962+00;2026-02-27 13:28:47.903+00;Deliverables;10;archived;archived;[];889310bd-ad76-4c6f-97b3-15fee9d8b08d;Tech stack (November);
;;e50afe94-037e-49d6-8f2e-8c05ac7e3294;Data Assessment Solutions - Ongoing Marketing Services;2025-09-17 20:04:53.554+00;2026-02-27 13:28:47.903+00;Deliverables;15;archived;archived;[];d17c4ed5-3fea-4c30-8a0d-fe30cf0e9be4;Develop slide deck or presentation;
;;4aa1e0b0-c66a-4025-b0a2-2d1b998c8d99;AutoBytes - 2026 Services;2026-01-21 22:19:31.847+00;2026-02-27 12:36:31.311+00;Deliverables;10;delivered;delivered;[];c2c3cfeb-60cb-4afa-b3a7-07c6dc88112f;Facilitate Client Meetings - February;
;;292bf658-a285-4fdd-a6e5-d352a30347c9;Sedra Solutions - Marketing services;2026-01-28 22:51:06.372+00;2026-02-27 12:36:29.105+00;Deliverables;10;delivered;delivered;[];f38882c7-b8e8-4271-923c-a7f797ce453f;Develop social content (Fahad's Page - February);
;;ff2ef389-756d-4ece-b525-93fab32170d6;Planon - Marketing Services;2026-01-31 22:51:40.884+00;2026-02-27 12:36:26.098+00;Deliverables;5;delivered;delivered;[];8588466f-4523-4f8b-8932-e7e5b6828c2e;Manage performance reporting (February);
;;ff2ef389-756d-4ece-b525-93fab32170d6;Planon - Marketing Services;2026-01-31 22:53:28.638+00;2026-02-27 12:36:23.821+00;Deliverables;10;delivered;delivered;[];478fff0c-8a69-4114-9e02-45e7c7a116f4;Facilitate Client Meetings (February);
;;ff2ef389-756d-4ece-b525-93fab32170d6;Planon - Marketing Services;2026-01-31 22:54:23.975+00;2026-02-27 12:36:21.554+00;Deliverables;19;delivered;delivered;[];e181230f-e33c-4bef-81cb-c6ab1ed59084;Tech Stack (February);
;;292bf658-a285-4fdd-a6e5-d352a30347c9;Sedra Solutions - Marketing services;2026-01-31 22:55:58.73+00;2026-02-27 12:36:16.512+00;Deliverables;10;delivered;delivered;[];3c935bad-4c5c-4932-a613-74a3d9c4e1b3;Facilitate Client Meetings (February);
;;292bf658-a285-4fdd-a6e5-d352a30347c9;Sedra Solutions - Marketing services;2026-01-31 22:57:59.921+00;2026-02-27 12:36:14.519+00;Deliverables;10;delivered;delivered;[];8a226d3a-953d-4fe3-9aae-8afd18daad76;Manage ABM (February);
;;292bf658-a285-4fdd-a6e5-d352a30347c9;Sedra Solutions - Marketing services;2026-01-31 23:01:15.215+00;2026-02-27 12:36:05.192+00;Deliverables;22;delivered;delivered;[];b980d2d5-c5b7-4e39-aa2a-84a0fc024f72;Tech Stack (February);
;;292bf658-a285-4fdd-a6e5-d352a30347c9;Sedra Solutions - Marketing services;2026-01-31 23:02:20.138+00;2026-02-27 12:36:03.582+00;Deliverables;5;delivered;delivered;[];0089e62c-39c8-4aa0-9d6e-e978846a50d2;Manage performance reporting (February);
;;292bf658-a285-4fdd-a6e5-d352a30347c9;Sedra Solutions - Marketing services;2026-01-31 23:05:04.774+00;2026-02-27 12:36:01.322+00;Deliverables;8;delivered;delivered;[];5c3ff6a6-7e4f-4390-a93f-441315218677;Manage paid media (February);
;;292bf658-a285-4fdd-a6e5-d352a30347c9;Sedra Solutions - Marketing services;2026-02-03 00:06:11.4+00;2026-02-27 12:35:40.949+00;Deliverables;10;delivered;delivered;[];65fd1f0a-4cdb-4abe-bcf4-1d3ffcb4eace;Develop social content (Sedra's Page - February);
;;e7336694-2c40-4fcf-a7ef-4d0460f053c8;"Powerhouse Gym - Creative; digital; website services";2026-02-04 14:55:52.397+00;2026-02-27 12:35:33.837+00;Deliverables;8;delivered;delivered;[];5de52941-8347-4e49-a4cb-edf563c291ff;Manage paid media - February;
;;e7336694-2c40-4fcf-a7ef-4d0460f053c8;"Powerhouse Gym - Creative; digital; website services";2026-02-04 14:59:56.939+00;2026-02-27 12:35:29.813+00;Deliverables;10;delivered;delivered;[];77bf2e03-40eb-441a-b8e9-125afe6a92b0;Facilitate Client Meetings - February;14400000
;;c8bd9166-2a8e-4824-9bbb-304f1d8ce014;Numeric - Podcast services;2026-02-04 19:14:10.51+00;2026-02-27 12:35:20.895+00;Deliverables;6;delivered;delivered;[];407dc79d-e16b-4bd9-b9d4-ccdbe4eddaa6;Update Accounting Careers Board (February);
;;292bf658-a285-4fdd-a6e5-d352a30347c9;Sedra Solutions - Marketing services;2026-02-09 14:58:25.635+00;2026-02-27 12:34:47.913+00;Deliverables;5;delivered;delivered;[];31135209-9712-4d01-a350-6d3785dbbd2c;Manage web - February;
;;e7336694-2c40-4fcf-a7ef-4d0460f053c8;"Powerhouse Gym - Creative; digital; website services";2026-02-10 22:18:30.934+00;2026-02-27 12:34:43.87+00;Deliverables;7;delivered;delivered;[];e1e409ce-8652-4f6f-a737-27c0fc4432d6;Hubspot & Paid Media Support - February;
;;e50afe94-037e-49d6-8f2e-8c05ac7e3294;Data Assessment Solutions - Ongoing Marketing Services;2026-02-27 07:20:12.858+00;2026-02-27 12:29:26.691+00;ToDos;;not_started;delivered;[];5fcb3dcd-345f-40d0-bae9-205653ba614e;Move Adroll budget to LinkedIn Campaign;1200000
;;833f1003-bf16-434b-afab-a705072e5eef;Bazaarvoice - Content marketing services;2026-01-27 15:13:34.796+00;2026-02-27 11:51:37.908+00;Deliverables;10;delivered;delivered;[];b370a050-7579-495f-b84d-172584a2a274;Design LinkedIn Carousel to promote long-form blog;
;;bf57e936-b322-4b36-bf32-174d44c65e09;Verisk - Marketing services;2026-01-28 09:18:46.243+00;2026-02-27 11:47:37.547+00;Deliverables;10;delivered;delivered;[];f3c2ee20-29b8-4d5f-bb94-d2b6d6cbfe4e;Facilitate Client Meetings (February);
;;7b7f4acf-a215-4f42-8ea4-51bb4491b01b;Acacia Advisors - Ongoing Marketing Services;2026-02-17 15:41:44.194+00;2026-02-27 11:40:08.321+00;Deliverables;5;delivered;delivered;[];acef6895-fc87-4d70-8352-f7c06558ff72;Tech stack - February;
;;766143e6-ec3b-40c7-9ced-b22b48dad907;"FoxyAI - Creative; digital; web services";2026-01-29 14:12:38.523+00;2026-02-27 11:39:42.674+00;Deliverables;5;delivered;delivered;[];2c301ed0-6d78-4a58-a1e0-a1aba2ca23e9;Manage web - February;
;;7b7f4acf-a215-4f42-8ea4-51bb4491b01b;Acacia Advisors - Ongoing Marketing Services;2026-02-17 15:41:55.354+00;2026-02-27 11:39:29.273+00;Deliverables;10;delivered;delivered;[];a0a12e8d-6be1-420a-9361-dc9267253180;Facilitate Client Meetings - February;
;;7b7f4acf-a215-4f42-8ea4-51bb4491b01b;Acacia Advisors - Ongoing Marketing Services;2026-02-17 15:41:10.143+00;2026-02-27 11:39:21.959+00;Deliverables;20;delivered;delivered;[];08c43f46-9c09-4628-9e2f-873c36adce85;Develop Performance Reporting Plan Document;
;;7b7f4acf-a215-4f42-8ea4-51bb4491b01b;Acacia Advisors - Ongoing Marketing Services;2026-02-17 15:40:27.835+00;2026-02-27 11:39:14.86+00;Deliverables;30;delivered;delivered;[];cb90719a-dba7-4d85-a3dd-e7d529276a95;Develop ABM Plan Document;
;;c8bd9166-2a8e-4824-9bbb-304f1d8ce014;Numeric - Podcast services;2026-01-29 22:34:48.922+00;2026-02-27 11:36:21.894+00;Deliverables;5;delivered;delivered;[];de25c453-f643-4959-bda7-4844be35b7a3;Manage SEO (February);
;;c8bd9166-2a8e-4824-9bbb-304f1d8ce014;Numeric - Podcast services;2026-01-29 22:35:03.271+00;2026-02-27 11:36:20.132+00;Deliverables;6;delivered;delivered;[];2b38ce4a-e656-412b-86a2-49a6c19dd00d;Tech stack (February);
;;c8bd9166-2a8e-4824-9bbb-304f1d8ce014;Numeric - Podcast services;2026-01-29 22:34:15.89+00;2026-02-27 11:36:15.244+00;Deliverables;5;delivered;delivered;[];b3c3bb9f-2052-4eff-a342-b78249ec29f5;Facilitate Bi-Weekly Meetings (February);
;;4aa1e0b0-c66a-4025-b0a2-2d1b998c8d99;AutoBytes - 2026 Services;2026-02-20 14:26:14.119+00;2026-02-27 11:35:46.382+00;Deliverables;8;delivered;delivered;[];34f67966-b0ba-48ec-ae3a-82b37337d146;Design One Pager - Therapist;
;;a3899b64-d779-4aee-afbb-d43e2125ccf8;VITAL - Marketing services;2026-01-28 09:19:11.145+00;2026-02-27 10:30:25.451+00;Deliverables;2;delivered;delivered;[];84e905af-6b51-43f1-a264-17d47737e7b1;Facilitate Client Meetings (February);
;;e1806059-d852-4791-a782-6ecb81e2343c;"Cybernetix - Creative; digital; website services";2026-02-26 22:48:23.899+00;2026-02-27 08:10:09.244+00;Deliverables;;delivered;delivered;[];2b0078e2-0b61-484f-8369-b70204f9a1eb;Update Website;1380000
;;75b32155-1255-4d17-b437-152e300521a0;ThreatMark - Marketing services;2026-02-24 19:47:55.578+00;2026-02-27 04:19:19.798+00;ToDos;;not_started;delivered;[];bf1eaa0d-e156-4038-95e1-2535415cfb64;Review and send options for Salesforce <> HubSpot integration issues;
;;75b32155-1255-4d17-b437-152e300521a0;ThreatMark - Marketing services;2026-02-24 19:47:31.803+00;2026-02-27 04:15:31.531+00;ToDos;;not_started;delivered;[];8d4b7fd9-d797-4e71-8f57-0ca44ca33d8e;Switch to hubspot cookie consent management for all pages on HubSpot CMS;
;;059db008-bde9-43e2-b5ea-2d8080194a92;"Ponce Bank - Creative; Digital; and Website Retainer";2026-02-18 18:50:55.859+00;2026-02-27 04:08:32.707+00;Deliverables;12;delivered;delivered;[];9258fb86-382f-4817-87aa-a4ea4dcf9be5;Postcard Finalization & Mailing Execution;
;;c36957d0-8661-4543-958a-f0a46cb9a54a;DocLib - ABM Growth Engine;2026-02-05 04:09:20.609+00;2026-02-26 21:26:27.381+00;Deliverables;40;delivered;delivered;[];6bf75d61-26e8-4587-b76f-f08efaca4882;Develop Marketing Roadmap Document;
;;e7336694-2c40-4fcf-a7ef-4d0460f053c8;"Powerhouse Gym - Creative; digital; website services";2026-02-10 12:09:46.057+00;2026-02-26 20:38:09.546+00;Deliverables;13;delivered;delivered;[];f69cd1d4-1e69-4878-b310-bb70e6a46b9c;Set up paid media;
;;b1f3ae44-0316-492e-aef1-bb260b814482;Techmode - Marketing services;2026-02-04 16:48:20.847+00;2026-02-26 19:22:30.504+00;Deliverables;3;delivered;delivered;[];c69096b9-4171-4a1b-9ef6-a2a6861f25e3;Configure additional paid media campaign - RingCentral;
;;965b21f3-8748-420c-aaf3-b3fdcaa2f504;iCorps - Marketing Services;2026-01-30 20:58:02.726+00;2026-02-26 19:18:35.697+00;Deliverables;5;delivered;delivered;[];d795213b-b613-49fb-a1da-bbcdb87ed6f5;Manage SEO [February];
;;e50afe94-037e-49d6-8f2e-8c05ac7e3294;Data Assessment Solutions - Ongoing Marketing Services;2026-01-30 21:00:41.812+00;2026-02-26 19:18:07.667+00;Deliverables;17;delivered;delivered;[];d0ffbe55-ace1-4490-bf20-f1661b39e0a2;Tech stack [February];
;;e50afe94-037e-49d6-8f2e-8c05ac7e3294;Data Assessment Solutions - Ongoing Marketing Services;2026-02-12 17:08:10.504+00;2026-02-26 19:18:07.667+00;Deliverables;8;delivered;delivered;[];e2eced38-2e30-4f30-a21a-156449608d7b;Manage paid media [February];
;;e50afe94-037e-49d6-8f2e-8c05ac7e3294;Data Assessment Solutions - Ongoing Marketing Services;2026-01-30 21:03:39.436+00;2026-02-26 19:18:07.667+00;Deliverables;10;delivered;delivered;[];4d7e259a-0767-4207-ab00-705d10d2a6f6;Facilitate Client Meetings [February];
;;e50afe94-037e-49d6-8f2e-8c05ac7e3294;Data Assessment Solutions - Ongoing Marketing Services;2026-01-30 21:01:26.471+00;2026-02-26 19:18:07.667+00;Deliverables;10;delivered;delivered;[];f5088469-c28c-402f-bd5a-588b446fd473;Manage ABM [February];
;;6a9f190a-9e44-4b24-8f1d-d82022950bb9;Agrippon - Marketing services;2026-01-30 18:23:11.422+00;2026-02-26 19:17:21.678+00;Deliverables;8;delivered;delivered;[];5a5f90e3-96d5-4b49-b9ad-461d738e307d;Manage paid media [February];
;;db0afec5-85bc-41b0-8c0f-79b368eb3b16;Rugged Robotics - Marketing services;2026-01-30 21:20:32.62+00;2026-02-26 19:17:21.678+00;Deliverables;8;delivered;delivered;[];0e775825-47ad-4d6e-8d78-f32a0c7f0115;Manage paid media [February];
;;6a9f190a-9e44-4b24-8f1d-d82022950bb9;Agrippon - Marketing services;2026-01-30 18:21:51.359+00;2026-02-26 19:17:21.678+00;Deliverables;10;delivered;delivered;[];3472db77-7e18-4188-a64c-695abed9baa6;Facilitate Client Meetings [February];
;;6a9f190a-9e44-4b24-8f1d-d82022950bb9;Agrippon - Marketing services;2026-01-30 18:17:47.89+00;2026-02-26 19:17:21.678+00;Deliverables;10;delivered;delivered;[];2abae4ac-d85c-4b11-b6bc-563c0f05c1da;Manage ABM [February];
;;db0afec5-85bc-41b0-8c0f-79b368eb3b16;Rugged Robotics - Marketing services;2026-01-30 21:19:08.329+00;2026-02-26 19:17:21.678+00;Deliverables;5;delivered;delivered;[];a1264d2d-a927-4899-b1ad-c5381df68505;Manage web [February];
;;1194e57c-a4a6-4e1e-bac3-83c4ff3c4ad7;Gallagher & Mohan - Ongoing Marketing Services - Post AGE;2026-01-31 19:14:21.389+00;2026-02-26 19:17:21.678+00;Deliverables;8;delivered;delivered;[];21a3eccd-a343-4d2b-a1f3-d86ac27edf55;Tech stack [February];
;;6a9f190a-9e44-4b24-8f1d-d82022950bb9;Agrippon - Marketing services;2026-01-30 18:28:39.126+00;2026-02-26 19:17:21.678+00;Deliverables;13;delivered;delivered;[];a3dc4e1e-9be0-4367-8f7f-d394119fcb8b;Tech stack [February];
;;db0afec5-85bc-41b0-8c0f-79b368eb3b16;Rugged Robotics - Marketing services;2026-01-30 21:17:32.16+00;2026-02-26 19:17:21.678+00;Deliverables;10;delivered;delivered;[];577da58e-ab63-42b4-9f36-4a3c4ec98083;Facilitate Client Meetings [February];
;;1194e57c-a4a6-4e1e-bac3-83c4ff3c4ad7;Gallagher & Mohan - Ongoing Marketing Services - Post AGE;2026-01-31 19:08:04.257+00;2026-02-26 19:17:21.678+00;Deliverables;10;delivered;delivered;[];2b4b5f18-c0fa-4d79-99b2-95c799809a8f;Facilitate Client Meetings [February];
;;db0afec5-85bc-41b0-8c0f-79b368eb3b16;Rugged Robotics - Marketing services;2026-01-30 21:11:49.628+00;2026-02-26 19:17:21.678+00;Deliverables;10;delivered;delivered;[];640f6bbb-98e9-4389-b946-aebc59fca063;Manage ABM [February];
;;db0afec5-85bc-41b0-8c0f-79b368eb3b16;Rugged Robotics - Marketing services;2026-01-30 21:18:35.677+00;2026-02-26 19:17:21.678+00;Deliverables;10;delivered;delivered;[];a4c82195-7aaf-4d3b-99c8-8efad2727792;Tech stack [February];
;;6a9f190a-9e44-4b24-8f1d-d82022950bb9;Agrippon - Marketing services;2026-01-30 18:25:33.819+00;2026-02-26 19:17:21.678+00;Deliverables;5;delivered;delivered;[];c1ae0bb9-7b9f-40af-a1ff-239b9923df18;Manage performance reporting [February];
;;965b21f3-8748-420c-aaf3-b3fdcaa2f504;iCorps - Marketing Services;2026-01-30 20:50:06.324+00;2026-02-26 19:15:17.69+00;Deliverables;5;delivered;delivered;[];36a0749b-4fa1-4da4-b0a9-a1cee692d522;Manage performance reporting [February];
;;ade9bb8a-fde3-4756-a63e-11ce7f227292;Ricoh - Marketing services;2026-01-30 21:07:38.8+00;2026-02-26 19:15:17.69+00;Deliverables;5;delivered;delivered;[];8d486429-8408-4424-8efb-9774eb1a895c;Manage web [February];
;;ade9bb8a-fde3-4756-a63e-11ce7f227292;Ricoh - Marketing services;2026-01-30 21:06:13.505+00;2026-02-26 19:15:17.69+00;Deliverables;5;delivered;delivered;[];889f5a37-db61-4e1f-b081-4ff2da64126f;Tech stack [February];
;;965b21f3-8748-420c-aaf3-b3fdcaa2f504;iCorps - Marketing Services;2026-01-30 20:47:32.678+00;2026-02-26 19:15:17.69+00;Deliverables;16;delivered;delivered;[];cf2a5201-e1c5-4220-8d56-ed02e1567f65;Tech stack [February];
;;ade9bb8a-fde3-4756-a63e-11ce7f227292;Ricoh - Marketing services;2026-01-30 21:06:43.368+00;2026-02-26 19:15:17.69+00;Deliverables;10;delivered;delivered;[];91a6cca3-5eb1-4075-843c-7f608bc1f407;Facilitate Client Meetings [February];
;;965b21f3-8748-420c-aaf3-b3fdcaa2f504;iCorps - Marketing Services;2026-01-30 20:51:21.92+00;2026-02-26 19:15:17.69+00;Deliverables;10;delivered;delivered;[];fa120f87-3636-4995-aa07-e59449630862;Facilitate Client Meetings [February];
;;965b21f3-8748-420c-aaf3-b3fdcaa2f504;iCorps - Marketing Services;2026-01-30 20:48:26.185+00;2026-02-26 19:15:17.69+00;Deliverables;5;delivered;delivered;[];849c0626-f88f-4d59-89d2-9b284af64ff9;Manage web [February];
;;3f032f15-833e-4d7d-9347-381febf6d953;PTO Exchange - Marketing Services;2026-01-28 19:02:20.879+00;2026-02-26 19:13:30.923+00;Deliverables;8;delivered;delivered;[];7e3d628b-72d6-43f2-9d6c-3e0d4533fae3;Manage paid media - February;
;;3f032f15-833e-4d7d-9347-381febf6d953;PTO Exchange - Marketing Services;2026-01-28 19:01:22.389+00;2026-02-26 19:13:23.843+00;Deliverables;21;delivered;delivered;[];01797c2b-6e0e-4de3-b188-eaf07b9666f5;Tech stack - February;
;;3f032f15-833e-4d7d-9347-381febf6d953;PTO Exchange - Marketing Services;2026-01-28 18:58:38.614+00;2026-02-26 19:13:18.896+00;Deliverables;10;delivered;delivered;[];f3fecb03-ad98-44d2-bf10-fc6c37a283ea;Facilitate Client Meetings - February;
;;3f032f15-833e-4d7d-9347-381febf6d953;PTO Exchange - Marketing Services;2026-01-28 18:55:57.287+00;2026-02-26 19:13:10.83+00;Deliverables;10;delivered;delivered;[];57bb83d8-2720-466b-83ab-74b438b22864;Manage ABM - February;
;;6a9f190a-9e44-4b24-8f1d-d82022950bb9;Agrippon - Marketing services;2026-02-12 03:37:42.719+00;2026-02-26 18:08:56.903+00;ToDos;;not_started;delivered;[];6a5dd445-8f25-43d7-86f8-46cd9f97a8c6;Redesign contact page (time-savings messaging);
;;ade9bb8a-fde3-4756-a63e-11ce7f227292;Ricoh - Marketing services;2026-02-22 08:02:13.612+00;2026-02-26 17:09:37.233+00;Deliverables;15;delivered;delivered;[];b749c1ec-c55f-4b09-8ef7-c21065aa752c;Develop Brochure [RICOH Predictive Insight];
;;3f032f15-833e-4d7d-9347-381febf6d953;PTO Exchange - Marketing Services;2026-02-23 20:06:23.29+00;2026-02-26 17:02:54.847+00;ToDos;;not_started;delivered;[];876f8abe-f992-4acc-b2b8-c35c1db790f5;[ABM] Enrich contact list for ABM 1:1 Healthcare Campaign;
;;6a9f190a-9e44-4b24-8f1d-d82022950bb9;Agrippon - Marketing services;2026-02-12 02:20:53.676+00;2026-02-26 16:54:13.129+00;Deliverables;10;delivered;delivered;[];28c55061-97c8-4f31-ab11-3f52fd98ce29;86dzrvxqh - Agrippon - Get Agrippon Claims;
;;fabe8d32-ab02-4c3b-a8f6-ff63b75dcba7;Washington Speakers Bureau - Ongoing Marketing Services;2026-02-26 15:39:11.606+00;2026-02-26 16:14:36.17+00;Deliverables;1;delivered;delivered;[];07c5e54e-7721-4b2b-bde4-8551443d16ce;[Operations] Implement Page Redirect;
;;ec1251b4-8dd8-4f12-ba68-1e923a54c460;Hydrian - Marketing services;2026-02-18 23:23:00.506+00;2026-02-26 15:49:36.466+00;Deliverables;4;delivered;delivered;[];6fa46470-67ac-4bcb-95d2-3057141043f2;Develop social content (February);
;;52b3ee0f-cbad-4031-a387-79ecb54874fb;Aquatic Informatics - Ongoing Marketing Services;2026-02-26 15:40:29.435+00;2026-02-26 15:41:13.461+00;Deliverables;5;delivered;delivered;[];a41df1a9-b1ee-43fc-a68d-4656d2221c5e;December Website Form Management;
;;1d01a92d-8acf-44a9-ba25-535d596dab53;NEACH - Content marketing services;2026-01-28 09:18:09.428+00;2026-02-26 09:48:14.974+00;Deliverables;5;delivered;delivered;[];f9e7173e-4a04-46ff-b8d7-bc37513de4ad;Facilitate Client Meetings (February);
;;68a3f3dd-323f-42cb-bade-55dd8454c49f;Inside Tracker - Podcast services;2026-01-28 09:17:56.384+00;2026-02-26 09:47:30.208+00;Deliverables;5;delivered;delivered;[];a996b8ac-1d67-4664-82ac-1bf7f1f2791b;Facilitate Client Meetings (February);
;;3f032f15-833e-4d7d-9347-381febf6d953;PTO Exchange - Marketing Services;2026-02-20 12:34:45.867+00;2026-02-26 04:54:12.006+00;Deliverables;;delivered;delivered;[];d2934fb3-a397-4fba-bd71-204c9c3aa126;Develop Custom Slide;
;;766143e6-ec3b-40c7-9ced-b22b48dad907;"FoxyAI - Creative; digital; web services";2026-02-18 18:35:36.21+00;2026-02-26 01:46:29.573+00;Deliverables;12;delivered;delivered;[];47960a1f-a859-4090-8910-e032613b4615;February Blog ;
;;3f032f15-833e-4d7d-9347-381febf6d953;PTO Exchange - Marketing Services;2026-02-23 19:40:32.979+00;2026-02-25 23:25:10.567+00;Deliverables;;delivered;delivered;[];62b2816f-9f37-4aee-aeb2-3fd6d7d81e1f;[OPS] Update automated HubSpot email: Benchmark Report;
;;75b32155-1255-4d17-b437-152e300521a0;ThreatMark - Marketing services;2026-01-13 21:12:55.237+00;2026-02-25 20:50:54.087+00;ToDos;;not_started;delivered;[];75d8234d-6920-49cc-9320-a5dd1bb4dcfe;Creative Brief for Newsletter & Bulletin;
;;75b32155-1255-4d17-b437-152e300521a0;ThreatMark - Marketing services;2026-01-13 21:11:36.967+00;2026-02-25 20:50:50.891+00;ToDos;;not_started;delivered;[];f658df83-c4ea-49da-8ace-9e8bac42668f;Sync on Central Europe Account List;
;;75b32155-1255-4d17-b437-152e300521a0;ThreatMark - Marketing services;2026-01-13 21:10:09.629+00;2026-02-25 20:50:47.698+00;ToDos;;not_started;delivered;[];3375417d-647b-4fa9-b27a-99415bb871ab;Share Events List & Requirements;
;;75b32155-1255-4d17-b437-152e300521a0;ThreatMark - Marketing services;2026-02-24 20:14:56.171+00;2026-02-25 20:45:14.552+00;Deliverables;;delivered;delivered;[];66ad7ef9-d4f4-42a5-9c0a-e792ebc36eb9;Update Testimonial Slider;
;;ade9bb8a-fde3-4756-a63e-11ce7f227292;Ricoh - Marketing services;2026-02-24 16:47:36.123+00;2026-02-25 18:00:32.937+00;Deliverables;5;delivered;delivered;[];82d4f74d-6320-442d-a219-5fd559b8adff;Develop Web Updates: Resource;
;;b1f3ae44-0316-492e-aef1-bb260b814482;Techmode - Marketing services;2026-02-25 16:25:46.595+00;2026-02-25 16:27:06.279+00;Deliverables;5;delivered;delivered;[];fbd3ce93-1945-42be-808e-93646510851a;Tech stack (February);
;;b1f3ae44-0316-492e-aef1-bb260b814482;Techmode - Marketing services;2026-02-25 16:25:16.843+00;2026-02-25 16:26:40.472+00;Deliverables;5;delivered;delivered;[];a8e61bc7-f0ab-41c5-85cd-aab7a13a302d;Tech stack (January);
;;833f1003-bf16-434b-afab-a705072e5eef;Bazaarvoice - Content marketing services;2026-02-25 14:23:10.302+00;2026-02-25 16:12:59.861+00;ToDos;;not_started;delivered;[];7f18cebd-b6b1-414f-aa37-6140bae6bcfb;Revise blog;3600000
;;cec48bff-a24c-43d2-a56e-4da7b806daf9;Ease - Podcast Services;2026-02-09 20:36:12.382+00;2026-02-25 16:00:46.301+00;Deliverables;8;delivered;delivered;[];6982e872-e58c-404f-b4db-8e3ecfeb09b9;Manage guest booking services;
;;68a3f3dd-323f-42cb-bade-55dd8454c49f;Inside Tracker - Podcast services;2026-02-23 15:53:36.71+00;2026-02-25 15:37:23.438+00;ToDos;;not_started;delivered;[];ad89aea3-901e-4580-b0f1-605d170940c7;Episode edits - Dr. Uri Alon;
;;a3991937-58e5-4d1d-b591-3be6943c6f41;Milestone Towers - Ongoing Marketing Services;2026-02-24 18:55:32.847+00;2026-02-25 13:51:04.302+00;ToDos;;not_started;delivered;[];3c00185b-3703-4918-bbc0-77abca3ad323;Kick off deck review;
;;bf57e936-b322-4b36-bf32-174d44c65e09;Verisk - Marketing services;2026-01-28 09:25:42.386+00;2026-02-25 13:12:29.667+00;Deliverables;4;delivered;delivered;[];f0083847-bfc7-481d-9ce9-bbdeca0da8c7;Manage paid media (February);
;;bf57e936-b322-4b36-bf32-174d44c65e09;Verisk - Marketing services;2026-02-18 12:38:17.081+00;2026-02-25 13:11:52.334+00;Deliverables;10;delivered;delivered;[];04b05e05-3993-460a-94dc-98c9936a31e2;86dzwc95b - Verisk - The Marketing Rapport - Gina Ive;
;;18194a27-f4fd-4f8a-b974-7e8dcaea1d46;Syncro - Content marketing services;2026-01-28 09:18:20.056+00;2026-02-25 11:40:51.514+00;Deliverables;3;delivered;delivered;[];1698191c-f732-4307-9b28-851e1ee552a2;Facilitate Client Meetings (February);
;;a3899b64-d779-4aee-afbb-d43e2125ccf8;VITAL - Marketing services;2026-02-23 11:05:35.858+00;2026-02-25 06:25:27.664+00;ToDos;;not_started;delivered;[];15aae876-da48-4f5f-b6cf-cb38e430d479;Create social posts for Episode Patrick Martinez;3600000
;;4aa1e0b0-c66a-4025-b0a2-2d1b998c8d99;AutoBytes - 2026 Services;2026-02-20 14:26:17.274+00;2026-02-25 02:56:04.659+00;Deliverables;8;delivered;delivered;[];c018aeb0-e73b-409f-865c-c37bea5a49a4;Design One Pager - Employer;7200000
;;ca141f89-32e5-42c5-8c4d-bb32dee9aef2;BioSafe - Marketing services;2026-01-30 17:46:42.274+00;2026-02-24 20:50:23.594+00;Deliverables;27;delivered;delivered;[];3965f183-c6da-44e0-9013-1c2b043fc580;Tech stack (February);
;;292bf658-a285-4fdd-a6e5-d352a30347c9;Sedra Solutions - Marketing services;2026-02-09 14:44:34.835+00;2026-02-24 19:55:07.332+00;ToDos;;not_started;delivered;[];f92b901c-deed-409a-bb0b-3aa88e818161;Troubleshoot form fills on Website & LInkedIn;
;;e7336694-2c40-4fcf-a7ef-4d0460f053c8;"Powerhouse Gym - Creative; digital; website services";2025-12-24 13:56:08.89+00;2026-02-24 19:35:03.476+00;Deliverables;;delivered;delivered;[];2d2691b2-c206-4ad4-bdc9-3161d319805a;Set up SMS campaigns in Hubspot;
;;75b32155-1255-4d17-b437-152e300521a0;ThreatMark - Marketing services;2026-02-20 13:04:02.262+00;2026-02-24 19:33:54.251+00;Deliverables;;delivered;delivered;[];12fa6be3-10d6-4f8c-9656-fcdf359767de;Update Booth Graphics;
;;fabe8d32-ab02-4c3b-a8f6-ff63b75dcba7;Washington Speakers Bureau - Ongoing Marketing Services;2026-02-23 18:59:34.411+00;2026-02-24 19:08:27.504+00;Deliverables;1;delivered;delivered;[];fa5d3cd6-b285-41ae-88e1-48daec06dc2d;[Operations] Investigate HubSpot Sequence Reporting;
;;72cdc11e-fd4f-4d90-8688-1fc1484de2b0;Kersten Talent Capital - Aligned Growth Engine Ongoing Services;2026-01-29 14:16:25.111+00;2026-02-24 16:48:04.074+00;Deliverables;6;delivered;delivered;[];d58af0d8-ee2a-49b4-82b8-670189cdc06c;Tech stack - February;
;;72cdc11e-fd4f-4d90-8688-1fc1484de2b0;Kersten Talent Capital - Aligned Growth Engine Ongoing Services;2026-02-23 19:05:35.567+00;2026-02-24 16:36:29.824+00;ToDos;;not_started;delivered;[];fbdfa196-ba90-4d26-a72a-ee1fb37bbfa0;Edit Website Footer;
;;965b21f3-8748-420c-aaf3-b3fdcaa2f504;iCorps - Marketing Services;2026-02-10 13:34:09.409+00;2026-02-24 16:33:58.127+00;ToDos;;not_started;delivered;[];b2bcb239-d036-4b66-875d-47239da87016;Review sales enablement content;
;;fabe8d32-ab02-4c3b-a8f6-ff63b75dcba7;Washington Speakers Bureau - Ongoing Marketing Services;2026-02-16 14:31:26.317+00;2026-02-24 15:51:22.707+00;Deliverables;1;delivered;delivered;[];952051ba-1bd8-4333-92e0-f98fbed4d975;[SEO/AEO/GEO] Create a Google Review Strategy;
;;ca141f89-32e5-42c5-8c4d-bb32dee9aef2;BioSafe - Marketing services;2026-01-30 17:46:27.799+00;2026-02-24 15:51:02.042+00;Deliverables;5;delivered;delivered;[];4619a842-630f-445f-9cbf-8b03b4824759;Manage SEO (February);
;;965b21f3-8748-420c-aaf3-b3fdcaa2f504;iCorps - Marketing Services;2026-02-23 14:46:01.066+00;2026-02-24 15:05:51.508+00;ToDos;;not_started;delivered;[];87f42380-6832-45ee-bfdb-3de79126944d;Website updates: Location-based pages;5400000
;;7f6de0fa-ebf7-473a-af2e-b82ac2f7b097;Ideometry;2026-02-18 22:45:59.486+00;2026-02-24 14:36:23.171+00;ToDos;;not_started;delivered;[];4a5bbc1d-eaf8-4505-947b-f65dfd9b4dbc;Update guest booking page for Market the Machines;
;;fabe8d32-ab02-4c3b-a8f6-ff63b75dcba7;Washington Speakers Bureau - Ongoing Marketing Services;2026-02-23 15:49:15.771+00;2026-02-24 14:01:13.758+00;ToDos;;not_started;delivered;[];f24a11bb-31fe-4c12-bd8a-e3b508752ac5;Watch Fireflies recording;3600000
;;3f032f15-833e-4d7d-9347-381febf6d953;PTO Exchange - Marketing Services;2026-02-23 19:53:07.541+00;2026-02-24 13:56:34.57+00;ToDos;;not_started;delivered;[];212ac1e1-11a0-4522-903c-ec48611f5b5a;[OPS] Update all website forms (require business email);4800000
;;a3899b64-d779-4aee-afbb-d43e2125ccf8;VITAL - Marketing services;2026-02-24 12:33:54.814+00;2026-02-24 13:34:01.798+00;ToDos;;not_started;delivered;[];da4b9f94-669d-4399-8b82-457f33898536;Assign edits for the latest episode with Matt and Brent;1800000
;;3f032f15-833e-4d7d-9347-381febf6d953;PTO Exchange - Marketing Services;2026-02-23 15:19:46.613+00;2026-02-24 12:33:34.305+00;ToDos;;not_started;delivered;[];bb9bf77a-2d11-47d7-8268-d2e7e4de992f;Review projects / set up tasks;
;;1d01a92d-8acf-44a9-ba25-535d596dab53;NEACH - Content marketing services;2026-02-20 17:01:37.692+00;2026-02-24 12:25:22.419+00;ToDos;;not_started;delivered;[];c783e3fd-370e-45da-9e7a-692b56f4d910;Client review design package and intro music;
;;833f1003-bf16-434b-afab-a705072e5eef;Bazaarvoice - Content marketing services;2026-02-06 10:49:33.57+00;2026-02-24 12:25:12.757+00;ToDos;;not_started;delivered;[];eaa5eb38-352e-410b-9149-db6d29f6d33b;Client review - long-form blog graphics;
;;833f1003-bf16-434b-afab-a705072e5eef;Bazaarvoice - Content marketing services;2026-02-10 18:13:21.22+00;2026-02-24 12:25:03.916+00;ToDos;;not_started;delivered;[];1e300e9b-a164-4d5c-a9c8-b169f251a6f5;Client review - LinkedIn carousel copy;
;;deb20e29-45f3-4095-ae7e-8952961b9806;Rod Miller - Content marketing services;2026-01-28 09:21:30.182+00;2026-02-24 12:24:23.529+00;Deliverables;5;delivered;delivered;[];1628b8f1-0c38-4456-bebd-37f0a0c643b7;Manage web (February);
;;8e4bcd63-cf2d-4673-9b05-78bac6fa4657;Wilburn - Content marketing services;2025-12-29 15:01:32.192+00;2026-02-24 12:24:02.823+00;Deliverables;5;delivered;delivered;[];0e0c45f4-2adc-41e7-9960-7c9b24592488;Manage web (February);
;;a3899b64-d779-4aee-afbb-d43e2125ccf8;VITAL - Marketing services;2026-01-28 09:28:06.315+00;2026-02-24 12:23:41.565+00;Deliverables;5;delivered;delivered;[];1c98a9fa-578d-4c4a-9904-060def7e0221;Manage web (February);
;;b827cc0e-5a1f-420d-8f3d-951078161099;Ponce Bank - Website design and development;2025-12-01 02:08:16.121+00;2026-02-23 23:07:33.628+00;Deliverables;285;delivered;delivered;[];0aa1572b-327d-4832-89b5-e29d4aeaf1df;Build & Integration: Design templates and content modules;
;;ec1251b4-8dd8-4f12-ba68-1e923a54c460;Hydrian - Marketing services;2026-02-10 21:22:18.859+00;2026-02-23 23:05:21.726+00;Deliverables;30;delivered;delivered;[];1da9e26a-9634-452a-b602-6a6ce8c6b060;Develop ABM Plan Document;
;;ca141f89-32e5-42c5-8c4d-bb32dee9aef2;BioSafe - Marketing services;2025-12-09 21:44:11.034+00;2026-02-23 21:59:15.855+00;ToDos;;not_started;delivered;[];f095aedb-30fb-47ef-ae65-c65c1921c168;Once GIFS are approved, repurpose content;
;;ca141f89-32e5-42c5-8c4d-bb32dee9aef2;BioSafe - Marketing services;2025-06-16 21:18:53.312+00;2026-02-23 21:59:09.07+00;ToDos;;not_started;delivered;[];0b0b9d2c-49df-4993-826b-615d65a4aab5;Backlinking opportunities;
;;ca141f89-32e5-42c5-8c4d-bb32dee9aef2;BioSafe - Marketing services;2025-06-23 22:03:56.843+00;2026-02-23 21:58:59.479+00;ToDos;;not_started;delivered;[];b0abc212-906f-4ad2-b861-ecdbd6bd1c00;Once website is launched, create task to update paid media links;
;;6061d0c2-de11-40b9-8824-1ccd80a970d6;Global Shared Services - Marketing Services;2026-02-11 04:47:43.258+00;2026-02-23 21:16:42.1+00;Deliverables;8;delivered;delivered;[];2b8f0fff-da59-404c-94eb-ed2f2016e11b;Develop interactive benchmark report;
;;e7336694-2c40-4fcf-a7ef-4d0460f053c8;"Powerhouse Gym - Creative; digital; website services";2026-02-18 12:30:56.332+00;2026-02-23 17:27:52.508+00;Deliverables;2;delivered;delivered;[];8f27373d-1884-49d8-9e4e-56b28beae3ef;Set up Corporate Partnership Lead Capture;
;;fabe8d32-ab02-4c3b-a8f6-ff63b75dcba7;Washington Speakers Bureau - Ongoing Marketing Services;2026-02-16 14:36:42.636+00;2026-02-23 16:10:01.658+00;ToDos;;not_started;delivered;[];52e35256-8fed-40ce-b182-953d3efb3c9d;Look into staying up to date with current events around the speaker + holidays;
;;deb20e29-45f3-4095-ae7e-8952961b9806;Rod Miller - Content marketing services;2026-01-28 09:21:47.084+00;2026-02-23 14:59:31.662+00;Deliverables;8;delivered;delivered;[];6df83136-ae98-4a18-980a-e656283810bb;Manage paid media (February);
;;bfd6c756-8746-4619-be60-cba08836b1a9;New North;2026-01-28 17:33:01.159+00;2026-02-23 14:46:50.006+00;ToDos;;not_started;delivered;[];9ec6af12-d999-4c75-b159-9c5cb13d16fa;Update my LinkedIn Profile;
;;965b21f3-8748-420c-aaf3-b3fdcaa2f504;iCorps - Marketing Services;2025-09-03 15:35:01.612+00;2026-02-23 14:40:12.211+00;Goals;;delivered;Closed;[];9810957a-85ab-4f66-a8f8-ffe39ed4a5b8;Generate 385 MQLs by the end of December, continuing top-of-funnel MQL generation through ABM and organic channels.;
;;68a3f3dd-323f-42cb-bade-55dd8454c49f;Inside Tracker - Podcast services;2026-02-13 12:25:11.098+00;2026-02-23 14:07:39.026+00;Deliverables;10;delivered;delivered;[];ccc3ae37-5e43-48e2-927f-82aa23dc6006;86dztppxp - Inside Tracker - Longevity by Design - Dr. Uri Alon ;
;;e1806059-d852-4791-a782-6ecb81e2343c;"Cybernetix - Creative; digital; website services";2026-02-05 18:08:05.459+00;2026-02-23 12:58:30.446+00;Deliverables;19;delivered;delivered;[];6a7d4bfd-e4a7-4483-96a8-b3d6c1d1a25d;Develop Brand Guidelines for Robotics Tech Week;
;;a3899b64-d779-4aee-afbb-d43e2125ccf8;VITAL - Marketing services;2025-12-26 12:27:07.313+00;2026-02-23 11:14:54.997+00;Deliverables;10;delivered;delivered;[];96ef9229-ff9d-4f3a-a2f3-1b4a21990498;Manage social (February);
;;e1806059-d852-4791-a782-6ecb81e2343c;"Cybernetix - Creative; digital; website services";2026-02-12 23:18:05.847+00;2026-02-23 10:59:41.783+00;Deliverables;5;delivered;delivered;[];b66481d9-fb70-4a2f-aa56-05a3fbc52208;Develop Hosts Section;
;;3f032f15-833e-4d7d-9347-381febf6d953;PTO Exchange - Marketing Services;2026-02-19 19:27:23.797+00;2026-02-23 03:29:36.945+00;ToDos;;not_started;delivered;[];ac946db8-fd1c-40fe-b190-27c6ddf787d2;Update lead scoring;
;;c36957d0-8661-4543-958a-f0a46cb9a54a;DocLib - ABM Growth Engine;2026-02-05 04:09:19.73+00;2026-02-23 02:08:35.165+00;Deliverables;20;delivered;delivered;[];86b73b0a-0dcc-42c8-b0cf-4b5a37e7a164;Develop Marketing Research Document;
;;3f032f15-833e-4d7d-9347-381febf6d953;PTO Exchange - Marketing Services;2026-02-04 05:56:06.181+00;2026-02-22 09:32:08.552+00;ToDos;;not_started;delivered;[];cd2a2134-7ccc-4b7f-a23c-28554ee7cea2;Review flyer: Retirement (Mann Eye Institute);
;;3f032f15-833e-4d7d-9347-381febf6d953;PTO Exchange - Marketing Services;2026-02-04 06:01:14.795+00;2026-02-22 09:32:08.552+00;ToDos;;not_started;delivered;[];48391cc7-8097-4a03-b43f-c1a634e69aa0;Review ABM playbook: Healthcare Burnout Prevention;
;;3f032f15-833e-4d7d-9347-381febf6d953;PTO Exchange - Marketing Services;2026-02-04 06:01:53.71+00;2026-02-22 09:32:08.552+00;ToDos;;not_started;delivered;[];776dc20c-e037-4065-9d8e-d8eacec1e104;Review ABM infographic: Multi-Generational Benefits;
;;3f032f15-833e-4d7d-9347-381febf6d953;PTO Exchange - Marketing Services;2026-02-04 05:56:55.476+00;2026-02-22 09:32:08.552+00;ToDos;;not_started;delivered;[];f01741d7-8f77-4b1f-9230-f1ec3eee2f41;Review flyer: HSA (Mann Eye Institute);
;;6a9f190a-9e44-4b24-8f1d-d82022950bb9;Agrippon - Marketing services;2026-02-12 14:12:54.473+00;2026-02-22 06:02:27.463+00;ToDos;;not_started;delivered;[];f6d8036c-9817-4027-aa05-abc7b5cb9d89;Brainstorm solutions: time objection;
;;3f032f15-833e-4d7d-9347-381febf6d953;PTO Exchange - Marketing Services;2026-02-09 05:33:40.508+00;2026-02-22 05:53:29.05+00;Deliverables;5;delivered;delivered;[];eb9a9217-b399-4d8d-bdba-bb739c6bcaa8;Develop outreach sequence [Healthcare ABM: Burnout Prevention];
;;833f1003-bf16-434b-afab-a705072e5eef;Bazaarvoice - Content marketing services;2026-02-18 11:09:04.139+00;2026-02-21 05:18:27.261+00;ToDos;;not_started;delivered;[];efbc657e-78e0-4eb4-a591-867135524094;Revise sales messaging;7200000
;;75b32155-1255-4d17-b437-152e300521a0;ThreatMark - Marketing services;2026-02-18 17:04:08.767+00;2026-02-20 18:17:26.813+00;Deliverables;;delivered;delivered;[];0753c390-eb7e-4d05-bd47-870fc7433a67;Update Testimonial Slider Refresh;
;;833f1003-bf16-434b-afab-a705072e5eef;Bazaarvoice - Content marketing services;2026-01-19 10:27:51.582+00;2026-02-20 17:20:41.725+00;Deliverables;10;delivered;delivered;[];2cc738c4-ef7a-44b4-9903-be5a1e89f147;Develop SEO blog post - Short-form: Eguide promotional blog;
;;81a43ee4-a5a5-4852-a86b-4cbaf13bfeec;Tyfone - Content marketing services;2026-01-28 09:18:36.311+00;2026-02-20 17:02:36.389+00;Deliverables;5;delivered;delivered;[];ffef6f8b-af36-4535-9b8d-5434ada5152c;Facilitate Client Meetings (February);
;;b1f3ae44-0316-492e-aef1-bb260b814482;Techmode - Marketing services;2026-01-20 22:53:31.152+00;2026-02-20 15:56:58.409+00;Deliverables;12;delivered;delivered;[];36f2ce5d-8142-44d7-9984-924821a874be;Develop blog template;
;;fabe8d32-ab02-4c3b-a8f6-ff63b75dcba7;Washington Speakers Bureau - Ongoing Marketing Services;2026-02-13 19:45:55.218+00;2026-02-20 15:56:34.327+00;Deliverables;8;delivered;delivered;[];4aea6945-3b03-4fba-ac02-52155a178ad5;[SEO/AEO/GEO] Create recommendations & designs for AEO/SEO topic pages;
;;fabe8d32-ab02-4c3b-a8f6-ff63b75dcba7;Washington Speakers Bureau - Ongoing Marketing Services;2026-02-13 18:24:19.674+00;2026-02-20 15:56:09.663+00;Deliverables;8;delivered;delivered;[];6c28a2e6-422d-436b-a03b-c78115b0f0c4;[SEO/AEO/GEO] Create recommendations for AEO/SEO speaker pages;
;;fabe8d32-ab02-4c3b-a8f6-ff63b75dcba7;Washington Speakers Bureau - Ongoing Marketing Services;2026-02-19 14:20:38.539+00;2026-02-20 15:34:25.092+00;ToDos;;not_started;delivered;[];49fb4ec2-d0d8-4f0d-9733-9b4c8c880cd9;Review WSB Agency Improvements Suggestions;3600000
;;059db008-bde9-43e2-b5ea-2d8080194a92;"Ponce Bank - Creative; Digital; and Website Retainer";2026-02-18 17:50:41.165+00;2026-02-20 15:24:48.01+00;Deliverables;2;delivered;delivered;[];9399ee99-3da5-40c8-87a9-ae884070863f;Create new Google Ads account;
;;a3899b64-d779-4aee-afbb-d43e2125ccf8;VITAL - Marketing services;2026-02-20 15:05:52.15+00;2026-02-20 15:06:40.553+00;ToDos;;not_started;delivered;[];5e43c6ef-8c65-4265-8247-8dc66ed072cd;Workflow Setup - Multi-Social Posts Grid;3600000
;;292bf658-a285-4fdd-a6e5-d352a30347c9;Sedra Solutions - Marketing services;2026-01-28 19:40:35.504+00;2026-02-20 14:52:04.035+00;Deliverables;10;delivered;delivered;[];c2549017-0a4b-4937-8cec-3120a8c4b3ab;Set Up ABM - AI Demo;
;;a3899b64-d779-4aee-afbb-d43e2125ccf8;VITAL - Marketing services;2026-02-18 11:48:27.501+00;2026-02-20 13:05:24.216+00;ToDos;;not_started;delivered;[];e2989b75-95df-46d7-90c3-0f5bfaaf7dc0;Edits to 86dzg5r8b - VITAL - The Flywheel Effect - Patrick Martinez;
;;e7336694-2c40-4fcf-a7ef-4d0460f053c8;"Powerhouse Gym - Creative; digital; website services";2026-01-29 21:52:12.462+00;2026-02-20 12:34:14.628+00;Deliverables;2;delivered;delivered;[];d12992b9-c201-4569-adf5-251501752a1d;Hubspot and Datatrak Sync;
;;766143e6-ec3b-40c7-9ced-b22b48dad907;"FoxyAI - Creative; digital; web services";2026-02-11 14:14:21.031+00;2026-02-20 03:46:02.332+00;Deliverables;120;delivered;delivered;[];13f48bc9-d0bf-4f9d-ac54-1dd05d3b94de;Update Website Content;
;;fabe8d32-ab02-4c3b-a8f6-ff63b75dcba7;Washington Speakers Bureau - Ongoing Marketing Services;2026-02-18 22:45:40.85+00;2026-02-19 23:44:08.823+00;ToDos;;not_started;delivered;[];d1eb81fb-9755-46d7-89cb-3fe165b72ac4;"Share a list of speakers ""in need"" and ""timely/relevant"" that agents are pushing.";
;;8ea12c0c-e33b-4ac7-a349-2b8a522c8b50;Engage USA - Website Project;2026-02-13 21:43:27.858+00;2026-02-19 23:21:23.202+00;Deliverables;;delivered;delivered;[];308be5d2-e156-4323-8343-66d76f10d1f9;Update Website;
;;8ea12c0c-e33b-4ac7-a349-2b8a522c8b50;Engage USA - Website Project;2026-01-23 19:24:15.261+00;2026-02-19 23:21:11.93+00;Deliverables;50;delivered;delivered;[];26de20a0-a2ac-4e39-ab05-3efeb1a9ec29;Develop Website Plan Document;
;;ca141f89-32e5-42c5-8c4d-bb32dee9aef2;BioSafe - Marketing services;2026-02-12 17:03:48.477+00;2026-02-19 22:57:51.273+00;Deliverables;10;delivered;delivered;[];a3f46f8f-73ab-4ec0-a050-c83bd5e5a61c;Create and update thumbnails on LinkedIn and YouTube;
;;7dff3524-f86a-490e-8bf6-280ac7251360;Aquatic Informatics - Additional Q4 Marketing Services Support;2026-02-19 16:25:48.653+00;2026-02-19 22:37:38.616+00;ToDos;;not_started;delivered;[];f0d9d88e-fb3b-41a0-b868-9f29178b5a29;Write up a plan for Barb;
;;fabe8d32-ab02-4c3b-a8f6-ff63b75dcba7;Washington Speakers Bureau - Ongoing Marketing Services;2026-02-19 17:36:58.831+00;2026-02-19 21:32:13.324+00;Deliverables;3;delivered;delivered;[];7a021f09-cabb-46b6-988b-ef5c75ff99d3;[SEO/AEO/GEO] Develop AEO/SEO video recommendations;
;;75b32155-1255-4d17-b437-152e300521a0;ThreatMark - Marketing services;2026-02-16 20:20:42.999+00;2026-02-19 21:31:32.694+00;ToDos;;not_started;delivered;[];42d8b81b-055e-4521-8321-a90d36d1cb79;Update Creatives PSD3 & Regulations;
;;75b32155-1255-4d17-b437-152e300521a0;ThreatMark - Marketing services;2026-02-16 20:12:57.258+00;2026-02-19 21:13:25.238+00;Deliverables;8;delivered;delivered;[];ee49dae0-0803-4bf1-b1f8-ded376267be8;Develop Booth Graphics Design;
;;75b32155-1255-4d17-b437-152e300521a0;ThreatMark - Marketing services;2026-02-06 21:44:52.213+00;2026-02-19 21:07:12.482+00;Deliverables;12;delivered;delivered;[];9937bac3-90a6-45f5-a153-a2011aa50f80;Develop web page;
;;fabe8d32-ab02-4c3b-a8f6-ff63b75dcba7;Washington Speakers Bureau - Ongoing Marketing Services;2026-02-16 14:18:04.303+00;2026-02-19 18:22:09.156+00;ToDos;;not_started;delivered;[];3719acea-e167-4e7a-ad52-f644fce64235;Look into Schema importance;
;;833f1003-bf16-434b-afab-a705072e5eef;Bazaarvoice - Content marketing services;2026-02-01 09:53:47.376+00;2026-02-19 17:41:34.923+00;Deliverables;20;delivered;delivered;[];0d19aa80-632c-4cd2-848f-54384ceb9ea1;Create short highlight videos for Bazaarvoice Summit;
;;833f1003-bf16-434b-afab-a705072e5eef;Bazaarvoice - Content marketing services;2026-02-19 15:18:18.05+00;2026-02-19 17:38:17.276+00;ToDos;;not_started;delivered;[];6b5f5566-6d1b-4708-8caa-37e58c36873e;Short videos deliverables guidance;
;;1d01a92d-8acf-44a9-ba25-535d596dab53;NEACH - Content marketing services;2026-01-28 09:20:06.813+00;2026-02-19 17:05:06.867+00;Deliverables;4;delivered;delivered;[];fb5fb39a-89f4-461c-87d7-fc84a412bfc8;Manage social (February);
;;a3899b64-d779-4aee-afbb-d43e2125ccf8;VITAL - Marketing services;2026-01-28 09:31:45.548+00;2026-02-19 15:35:27.471+00;Deliverables;;delivered;delivered;[];8a7992c0-792d-46e4-83bf-256773d34a88;Distribute blog - From Bottleneck to Breakthrough;
;;833f1003-bf16-434b-afab-a705072e5eef;Bazaarvoice - Content marketing services;2026-02-06 10:52:18.347+00;2026-02-19 15:17:23.492+00;ToDos;;not_started;delivered;[];cba77e23-c90d-480d-a5d0-2dcb5101c99e;Client review - long-form blog sales promo messaging;
;;8e4bcd63-cf2d-4673-9b05-78bac6fa4657;Wilburn - Content marketing services;2026-01-21 15:58:49.603+00;2026-02-19 15:00:20.086+00;Deliverables;10;delivered;delivered;[];cf2b2e47-5ef8-4eff-bc29-3983ac1d481a;Develop SEO blog post - Corporate office cleaning;
;;deb20e29-45f3-4095-ae7e-8952961b9806;Rod Miller - Content marketing services;2026-02-04 12:57:52.205+00;2026-02-19 15:00:12.693+00;Deliverables;10;delivered;delivered;[];4d65fbdb-6033-4efa-887b-6778fc560255;Develop thought leadership blog post - HVAC surge protection;
;;6a6c0b83-0123-431f-843a-3b961aadb352;Rezku POS - Ongoing Services - Post AGE;2026-02-18 15:55:25.551+00;2026-02-19 13:26:11.534+00;ToDos;;not_started;delivered;[];8e75e36c-e5aa-44b9-bc65-b340a3e507a7;Prepare Agenda for ABM Planning Workshop;
;;72cdc11e-fd4f-4d90-8688-1fc1484de2b0;Kersten Talent Capital - Aligned Growth Engine Ongoing Services;2026-02-12 04:43:30.576+00;2026-02-19 05:21:38.86+00;ToDos;;not_started;delivered;[];0d1a8e31-dbb0-4289-8f55-cae0de07255f;Review website feedback;
;;a3899b64-d779-4aee-afbb-d43e2125ccf8;VITAL - Marketing services;2026-02-12 17:07:42.799+00;2026-02-19 04:56:38.891+00;ToDos;;not_started;delivered;[];d5b8a68e-305e-499b-a586-3e4c8bfccbd6;Create social posts for Episode Matt Bernath;3600000
;;6a6c0b83-0123-431f-843a-3b961aadb352;Rezku POS - Ongoing Services - Post AGE;2026-02-12 17:38:25.44+00;2026-02-19 04:44:18.733+00;ToDos;;not_started;delivered;[];d9b638dd-9ac0-4329-b8b9-bfff00cbbf1f;Review owner.com for SMS+Website marketing plan;
;;6a9f190a-9e44-4b24-8f1d-d82022950bb9;Agrippon - Marketing services;2026-02-18 01:39:25.686+00;2026-02-19 04:23:15.474+00;ToDos;;not_started;delivered;[];9fcb9b8c-257c-4a3b-b474-b8cfaf33f3bf;Prep ideas for weekly meeting;
;;75b32155-1255-4d17-b437-152e300521a0;ThreatMark - Marketing services;2026-02-18 14:31:08.163+00;2026-02-19 03:07:55.627+00;ToDos;;not_started;delivered;[];61d2fcba-19b3-45ea-b398-bfeb56ed4bbc;ThreatMark HubSpot issue;
;;c36957d0-8661-4543-958a-f0a46cb9a54a;DocLib - ABM Growth Engine;2026-02-05 04:09:19.066+00;2026-02-19 02:58:07.022+00;Deliverables;;delivered;delivered;[];c243e989-15b2-4a60-8244-b4c8f6b9c824;Conduct Alignment Meeting;
;;fabe8d32-ab02-4c3b-a8f6-ff63b75dcba7;Washington Speakers Bureau - Ongoing Marketing Services;2026-02-17 15:58:26.668+00;2026-02-19 02:47:56.502+00;ToDos;;not_started;delivered;[];8b55ac4a-1cfa-4f4b-9219-5c902699bd37;Add Graham and Marck to the Slack Channel;
;;ca141f89-32e5-42c5-8c4d-bb32dee9aef2;BioSafe - Marketing services;2026-01-09 19:15:44.165+00;2026-02-18 23:29:06.023+00;Deliverables;20;delivered;delivered;[];3034c273-243c-4236-8a1a-ddacf4dd616b;Develop Video Plan Document (Short-Form, General, STI, EDS);
;;fabe8d32-ab02-4c3b-a8f6-ff63b75dcba7;Washington Speakers Bureau - Ongoing Marketing Services;2026-02-16 14:52:25.865+00;2026-02-18 22:46:58.639+00;Deliverables;8;delivered;delivered;[];3b6b5011-b30d-4083-93d6-2a4b34136026;[Content] Redesign blog page with categories;
;;fabe8d32-ab02-4c3b-a8f6-ff63b75dcba7;Washington Speakers Bureau - Ongoing Marketing Services;2026-02-03 22:54:39.294+00;2026-02-18 22:42:37.855+00;Deliverables;25;delivered;delivered;[];d469cdd8-4486-4233-bcf5-8b6ef5564e8d;[SEO/AEO/GEO] Develop SEO/AEO/GEO Audit & Plan Document;
;;fabe8d32-ab02-4c3b-a8f6-ff63b75dcba7;Washington Speakers Bureau - Ongoing Marketing Services;2026-02-03 22:55:03.782+00;2026-02-18 22:41:31.466+00;Deliverables;30;delivered;delivered;[];3b627150-964e-4b86-9ae9-310bbc02f44e;[Content] Develop Content Plan Document;
;;fabe8d32-ab02-4c3b-a8f6-ff63b75dcba7;Washington Speakers Bureau - Ongoing Marketing Services;2026-02-06 15:49:45.312+00;2026-02-18 22:18:40.943+00;ToDos;;not_started;delivered;[];0e0cc205-f5c6-4909-9857-0726f860e3fe;Get access to Paid Media;
;;75b32155-1255-4d17-b437-152e300521a0;ThreatMark - Marketing services;2026-02-15 18:20:07.688+00;2026-02-18 21:08:59.199+00;Deliverables;5;delivered;delivered;[];c3e8bcc2-239b-4205-849d-5686a9d72fba;Set up ABM template;
;;fabe8d32-ab02-4c3b-a8f6-ff63b75dcba7;Washington Speakers Bureau - Ongoing Marketing Services;2026-02-18 19:53:45.268+00;2026-02-18 20:26:53.647+00;ToDos;;not_started;delivered;[];acc4fe39-c2e9-40d0-a645-69ab63bf4672;WSB - SEO Thought Leadership Articles Grid  Setup;1800000
;;75b32155-1255-4d17-b437-152e300521a0;ThreatMark - Marketing services;2026-02-18 16:59:49.897+00;2026-02-18 20:21:43.335+00;Deliverables;;delivered;delivered;[];3bcd4359-0ab9-4f37-a7de-d221561215fb;Update Website;
;;fabe8d32-ab02-4c3b-a8f6-ff63b75dcba7;Washington Speakers Bureau - Ongoing Marketing Services;2026-02-18 19:53:16.606+00;2026-02-18 20:03:22.178+00;ToDos;;not_started;delivered;[];78ebcc56-3879-42fc-bca6-d7ab4c9d43f8;WSB - Show Notes Grid Setup;1800000
;;6061d0c2-de11-40b9-8824-1ccd80a970d6;Global Shared Services - Marketing Services;2026-02-04 18:13:20.748+00;2026-02-18 19:45:38.205+00;Deliverables;12;delivered;delivered;[];72c58d42-1eea-4b91-894f-a9763917509b;Develop thought leadership blog post - Myths of outsourcing accounting;
;;75b32155-1255-4d17-b437-152e300521a0;ThreatMark - Marketing services;2026-02-10 20:06:13.091+00;2026-02-18 17:19:39.631+00;Deliverables;;delivered;delivered;[];ae96ab2f-bafc-48bb-b8f4-d5fd77c55aaf;Update Newsletter creative;
;;b1f3ae44-0316-492e-aef1-bb260b814482;Techmode - Marketing services;2026-02-04 18:53:36.179+00;2026-02-18 17:08:16.866+00;Deliverables;;delivered;delivered;[];f8735f62-3e28-45e3-9733-db1e11d4a238;Price Offer Landing Page;
;;75b32155-1255-4d17-b437-152e300521a0;ThreatMark - Marketing services;2026-01-13 20:06:14.605+00;2026-02-18 16:37:54.053+00;Deliverables;35;delivered;delivered;[];00e2e2fe-f389-4d48-8a0c-390df074b38f;Migrate bankingfraudsummit.com to HubSpot CMS;
;;a3899b64-d779-4aee-afbb-d43e2125ccf8;VITAL - Marketing services;2026-02-18 07:52:36.451+00;2026-02-18 15:05:11.054+00;ToDos;;not_started;delivered;[];8dde9a58-95c9-4a47-a699-7a7eb1dbc7a8;Patrick Martinez episode page;1800000
;;cec48bff-a24c-43d2-a56e-4da7b806daf9;Ease - Podcast Services;2026-02-05 21:16:50.647+00;2026-02-18 13:09:05.484+00;Deliverables;;delivered;delivered;[];632c5273-b92b-4d32-961d-e541c1140d18;Podcast Page Updates;
;;bf57e936-b322-4b36-bf32-174d44c65e09;Verisk - Marketing services;2026-02-18 11:02:39.349+00;2026-02-18 12:53:00.322+00;ToDos;;not_started;delivered;[];73e4fc81-414d-41a9-b7c0-efa7a968ec90;Instructions for Episode Gina Ive;
;;a3899b64-d779-4aee-afbb-d43e2125ccf8;VITAL - Marketing services;2026-02-18 08:09:23.082+00;2026-02-18 12:09:12.571+00;ToDos;;not_started;delivered;[];7aad1b25-3485-4b28-9e4c-b2c385e3ed4a;Assign Patrick Martinez assets revision;1800000
;;a3899b64-d779-4aee-afbb-d43e2125ccf8;VITAL - Marketing services;2026-02-16 16:36:40.845+00;2026-02-18 11:29:29.159+00;ToDos;;not_started;delivered;[];b4e18017-96e1-4e4a-af4c-d4b7e5d4cc31;Create tasks to develop event posts;
;;bf57e936-b322-4b36-bf32-174d44c65e09;Verisk - Marketing services;2026-02-11 13:31:42.614+00;2026-02-18 10:57:54.735+00;Deliverables;3;delivered;delivered;[];0365fe93-0825-4aa0-9a45-8c00789f6832;Distribute episode - CES;
;;68a3f3dd-323f-42cb-bade-55dd8454c49f;Inside Tracker - Podcast services;2026-01-29 12:33:16.071+00;2026-02-18 09:48:39.741+00;Deliverables;10;delivered;delivered;[];8c3ce237-c2e8-49e1-808e-9be5b026af5a;86dzgwepv - Inside Tracker - Longevity by Design - Dr. Paola Sebastiani;
;;bf57e936-b322-4b36-bf32-174d44c65e09;Verisk - Marketing services;2026-02-11 17:06:43.289+00;2026-02-18 08:26:46.467+00;Deliverables;8;delivered;delivered;[];9aca736e-4271-4477-9271-bf21dc7d2817;Develop Messaging Plan Document - Batch Attribute Append Campaign;
;;3f032f15-833e-4d7d-9347-381febf6d953;PTO Exchange - Marketing Services;2026-02-12 19:35:22.153+00;2026-02-18 03:37:35.614+00;ToDos;;not_started;delivered;[];9b67aff8-93c7-4d50-aba7-589e96aa7dfb;Analysis of HubSpot workflows;
;;3f032f15-833e-4d7d-9347-381febf6d953;PTO Exchange - Marketing Services;2026-02-17 03:36:01.827+00;2026-02-18 02:34:21.339+00;ToDos;;not_started;delivered;[];86f58120-d7c5-4fce-8b95-29bc4e8953d7;Review audit feedback;
;;75b32155-1255-4d17-b437-152e300521a0;ThreatMark - Marketing services;2026-02-16 21:19:57.594+00;2026-02-18 00:43:31.63+00;ToDos;;not_started;delivered;[];561d3d63-eb54-4653-8e56-c2498401b23a;Sales Training Hubspot (Setup workshop with Threatmark);
;;cec48bff-a24c-43d2-a56e-4da7b806daf9;Ease - Podcast Services;2026-02-05 13:44:37.33+00;2026-02-17 16:16:10.529+00;Deliverables;12;delivered;delivered;[];3dafadcd-e2ba-4251-94fc-f543566f198a;Develop blog post - executive leadership themes;
;;bf57e936-b322-4b36-bf32-174d44c65e09;Verisk - Marketing services;2026-02-13 18:31:05.334+00;2026-02-17 15:12:40.498+00;ToDos;;not_started;delivered;[];8aed0573-ead6-42f2-a235-24eecfbf5feb;CES Episode Revision;
;;059db008-bde9-43e2-b5ea-2d8080194a92;"Ponce Bank - Creative; Digital; and Website Retainer";2026-02-13 15:54:06.238+00;2026-02-17 03:27:03.319+00;ToDos;;not_started;delivered;[];85b7ccd2-e496-446a-b0b7-820734b652e6;Review collateral feedback and update postcard;
;;e50afe94-037e-49d6-8f2e-8c05ac7e3294;Data Assessment Solutions - Ongoing Marketing Services;2026-02-13 14:27:42.018+00;2026-02-17 03:22:31.095+00;ToDos;;not_started;delivered;[];f95ba5e5-3c76-4851-af1a-3b1c3a3cda1c;Meeting follow-up;
;;b1f3ae44-0316-492e-aef1-bb260b814482;Techmode - Marketing services;2026-02-11 13:41:34.786+00;2026-02-17 03:12:15.505+00;ToDos;;not_started;delivered;[];07e24f56-2cdf-45b9-9878-20f462c982db;Implement Feedback to RingCentral Page;
;;52b3ee0f-cbad-4031-a387-79ecb54874fb;Aquatic Informatics - Ongoing Marketing Services;2025-10-30 03:05:28.974+00;2026-02-16 22:04:45.747+00;Deliverables;100;delivered;delivered;[];cb01a3f7-2e6a-440b-a48f-4a4e0120c0be;Launch parallel operations;
;;059db008-bde9-43e2-b5ea-2d8080194a92;"Ponce Bank - Creative; Digital; and Website Retainer";2026-01-27 00:15:07.604+00;2026-02-16 18:28:16.078+00;Deliverables;10;delivered;delivered;[];cfba7288-7d2c-4d3a-861e-c22ece520cd2;Edits to 207 postcard v2;
;;4cf099a8-6df8-4d70-a3eb-053cb48f9f1f;Encamp - Brand activation project;2026-02-10 21:31:41.162+00;2026-02-16 14:33:09.258+00;Deliverables;;delivered;delivered;[];c71aad96-7739-4c9f-979e-d9351fb84bc5;Restore Password-protected Pages;
;;4cf099a8-6df8-4d70-a3eb-053cb48f9f1f;Encamp - Brand activation project;2026-02-13 22:02:10.588+00;2026-02-16 13:47:55.165+00;Deliverables;;delivered;delivered;[];4bdc4459-c215-47df-8a59-23c05ebdacf6;Update button on career page;1800000
;;833f1003-bf16-434b-afab-a705072e5eef;Bazaarvoice - Content marketing services;2026-02-10 18:14:38.76+00;2026-02-14 03:00:55.889+00;ToDos;;not_started;delivered;[];bebee4de-1075-4bc6-b8e8-31211fde3dcd;Edit blog post based on feedback;7200000
;;7f6de0fa-ebf7-473a-af2e-b82ac2f7b097;Ideometry;2026-02-05 18:49:54.899+00;2026-02-13 22:39:14.161+00;Deliverables;;delivered;delivered;[];4c194bdb-0298-41b3-b1b6-c761d9631e2e;Add ABM Competitive Intelligence Report and Demand Gen to Ideometry Website;
;;e1806059-d852-4791-a782-6ecb81e2343c;"Cybernetix - Creative; digital; website services";2026-02-05 17:19:13.847+00;2026-02-13 22:10:14.263+00;Deliverables;34;delivered;delivered;[];520114ea-76e3-4c95-8e12-53c97fd52598;Create updated brand kit for Robotics Invest 2026;
;;75b32155-1255-4d17-b437-152e300521a0;ThreatMark - Marketing services;2026-02-06 21:44:25.983+00;2026-02-13 21:47:18.84+00;Deliverables;10;delivered;delivered;[];6d1edb02-bf88-4159-98fd-b0039f0b3bb7;Develop image ad creative package;
;;ca141f89-32e5-42c5-8c4d-bb32dee9aef2;BioSafe - Marketing services;2026-02-11 17:43:14.04+00;2026-02-13 21:29:37.765+00;ToDos;;not_started;delivered;[];d3904453-c0e1-450a-ae7a-6bd221cffa38;Create tasks for custom thumbnails for LinkedIn content;
;;bf57e936-b322-4b36-bf32-174d44c65e09;Verisk - Marketing services;2026-02-13 10:24:53.379+00;2026-02-13 18:30:58.254+00;ToDos;;not_started;delivered;[];5640c4c5-3ded-49f4-af09-e357c85f17a4;Client feedback - Pat Sullivan blog angle/approach;
;;bf57e936-b322-4b36-bf32-174d44c65e09;Verisk - Marketing services;2026-02-13 10:24:29.793+00;2026-02-13 18:30:55.045+00;ToDos;;not_started;delivered;[];65b5c46f-aa1d-47e1-a334-72bae207a1c2;Client feedback CES Episode;
;;e50afe94-037e-49d6-8f2e-8c05ac7e3294;Data Assessment Solutions - Ongoing Marketing Services;2026-02-05 15:29:26.867+00;2026-02-13 18:13:27.938+00;Deliverables;3;delivered;delivered;[];e98fc31e-a0c7-474d-96c2-a832c28478e8;Configure additional paid media campaign;
;;ae79e392-17c6-477b-8c36-88db208d3b12;Milestone Towers - Aligned Growth Engine;2026-02-12 15:59:51.705+00;2026-02-13 18:01:48.357+00;ToDos;;not_started;delivered;[];f247e16d-0eac-4d1c-8805-a7c4e05f1e55;Double check points plan;
;;bf57e936-b322-4b36-bf32-174d44c65e09;Verisk - Marketing services;2026-02-02 15:21:17.408+00;2026-02-13 17:22:55.492+00;Deliverables;10;delivered;delivered;[];cc07a9e0-187f-4299-92d7-70afd6e97da9;Develop LinkedIn carousel - Checklist from HR 2808 Guide;
;;fabe8d32-ab02-4c3b-a8f6-ff63b75dcba7;Washington Speakers Bureau - Ongoing Marketing Services;2026-02-13 00:44:46.254+00;2026-02-13 17:08:16.938+00;ToDos;;not_started;delivered;[];cd5c69d1-f932-4f1f-90df-54540069e95a;Fix Hubspot to Salesforce errors;1500000
;;1194e57c-a4a6-4e1e-bac3-83c4ff3c4ad7;Gallagher & Mohan - Ongoing Marketing Services - Post AGE;2026-02-09 18:24:30.228+00;2026-02-13 16:10:07.831+00;ToDos;;not_started;delivered;[];f4452349-5ea9-4865-be0b-26cbd23b5bc6;Click2Mail: Direct Mail Design Concepts;
;;3f032f15-833e-4d7d-9347-381febf6d953;PTO Exchange - Marketing Services;2026-02-12 21:00:58.224+00;2026-02-13 15:54:49.655+00;ToDos;;not_started;delivered;[];c209ec46-2c94-42c3-8df6-28cd1313f6ba;Review agenda for tomorrow;
;;7dff3524-f86a-490e-8bf6-280ac7251360;Aquatic Informatics - Additional Q4 Marketing Services Support;2026-02-12 14:22:30.22+00;2026-02-13 15:54:29.299+00;ToDos;;not_started;delivered;[];75c9d0a7-45c5-4da4-bea6-f3094ecc7aec;Create agenda for salesforce meeting;
;;059db008-bde9-43e2-b5ea-2d8080194a92;"Ponce Bank - Creative; Digital; and Website Retainer";2026-02-12 04:15:33.392+00;2026-02-13 15:53:53.843+00;ToDos;;not_started;delivered;[];afcf7e89-3d82-4941-b6a9-3df8bbcf4f7b;HubSpot Meeting notes;
;;c8bd9166-2a8e-4824-9bbb-304f1d8ce014;Numeric - Podcast services;2026-02-11 12:49:39.397+00;2026-02-13 12:52:18.373+00;Deliverables;8;delivered;delivered;[];217e14fc-7990-427b-bc80-152e7165d7d6;Transfer Podcast Templates to Canva & Create Social Designs;
;;1d01a92d-8acf-44a9-ba25-535d596dab53;NEACH - Content marketing services;2026-01-28 07:55:39.088+00;2026-02-13 11:57:00.636+00;ToDos;;not_started;delivered;[];67d960a0-5503-4c57-bd84-6de8cea0b0cc;Client review Payments on Tap Content Plan;
;;1d01a92d-8acf-44a9-ba25-535d596dab53;NEACH - Content marketing services;2026-01-28 09:20:34.36+00;2026-02-13 11:56:38.852+00;Deliverables;8;delivered;delivered;[];a58aed35-5b08-4026-bdfc-8bcb89eac3b6;Develop social content (February);
;;833f1003-bf16-434b-afab-a705072e5eef;Bazaarvoice - Content marketing services;2026-01-13 19:07:16.44+00;2026-02-13 11:54:13.412+00;Deliverables;0;delivered;delivered;[];b5ba0af3-b0a3-488a-b8a0-54aa415fdc28;Develop infographics for Bazaarvoice Summit (deprioritized);
;;a3899b64-d779-4aee-afbb-d43e2125ccf8;VITAL - Marketing services;2026-02-03 10:45:57.621+00;2026-02-13 11:33:53.068+00;Deliverables;0;delivered;delivered;[];bf014ecf-017a-4e1e-88d2-c82b338d197a;Distribute Episode - Patrick Martinez;
;;833f1003-bf16-434b-afab-a705072e5eef;Bazaarvoice - Content marketing services;2026-01-19 09:55:08.07+00;2026-02-13 11:33:07.857+00;Deliverables;7;delivered;delivered;[];d6f3201e-b1b2-4982-8203-b23dd8cc1a3a;Develop outreach sequence to promote Bazaarvoice thought leadership blog;
;;766143e6-ec3b-40c7-9ced-b22b48dad907;"FoxyAI - Creative; digital; web services";2026-02-12 15:13:42.935+00;2026-02-13 05:41:27.978+00;ToDos;;not_started;delivered;[];b6a45d82-be34-47f5-bedf-f6710bc3c197;Review website tasks;
;;c36957d0-8661-4543-958a-f0a46cb9a54a;DocLib - ABM Growth Engine;2026-02-12 21:08:20.863+00;2026-02-13 05:33:04.63+00;ToDos;;not_started;delivered;[];356dcffa-85d7-4361-818b-c66cddbe0096;Invite client to slack;
;;6a6c0b83-0123-431f-843a-3b961aadb352;Rezku POS - Ongoing Services - Post AGE;2026-02-12 17:38:02.989+00;2026-02-13 05:31:29.304+00;ToDos;;not_started;delivered;[];104642d8-2474-4c86-9b64-9551087c4161;Invite Rezku to slack & ask about NDA;
;;e1806059-d852-4791-a782-6ecb81e2343c;"Cybernetix - Creative; digital; website services";2026-01-27 14:18:48.876+00;2026-02-12 23:17:50.645+00;Deliverables;18;delivered;delivered;[];fb2e353b-91c4-4544-9f14-dcf146d9e57d;Develop Robotics Tech Week Webpage;
;;c36957d0-8661-4543-958a-f0a46cb9a54a;DocLib - ABM Growth Engine;2026-02-05 04:09:18.582+00;2026-02-12 21:08:10.98+00;Deliverables;0;delivered;delivered;[];09c81325-fd66-4eef-98ac-149756fb5586;Conduct kickoff;
;;1194e57c-a4a6-4e1e-bac3-83c4ff3c4ad7;Gallagher & Mohan - Ongoing Marketing Services - Post AGE;2025-12-18 03:16:45.034+00;2026-02-12 18:20:38.576+00;Deliverables;10;delivered;delivered;[];6a668706-14a2-4707-9acc-959a048c059a;Design web page [ABM Solution Page - Retail Firms];
;;965b21f3-8748-420c-aaf3-b3fdcaa2f504;iCorps - Marketing Services;2026-01-30 20:52:23.523+00;2026-02-12 17:00:10.182+00;Deliverables;8;archived;archived;[];91c720fc-9106-4705-a582-aab70401e0f8;Manage paid media [January];
;;1194e57c-a4a6-4e1e-bac3-83c4ff3c4ad7;Gallagher & Mohan - Ongoing Marketing Services - Post AGE;2025-12-18 03:18:42.54+00;2026-02-12 16:40:16.558+00;Deliverables;10;delivered;delivered;[];6a65dc4c-29b7-48e4-9f23-74d4d3aa4828;Design web page [Gated Content Page];
;;bf57e936-b322-4b36-bf32-174d44c65e09;Verisk - Marketing services;2026-02-11 17:15:20.053+00;2026-02-12 16:28:45.07+00;ToDos;;not_started;delivered;[];83ea5958-4848-42b9-875a-dd0338c83f1c;Set Up Project Request Submission – Other – MID20252047;
;;bf57e936-b322-4b36-bf32-174d44c65e09;Verisk - Marketing services;2026-02-05 12:40:26.638+00;2026-02-12 16:15:33.842+00;Deliverables;16;delivered;delivered;[];e0ec76e1-a64e-4596-9935-e9f7880a8cd2;86dzn04wf - Verisk - The Marketing Rapport - CES episode;
;;1d01a92d-8acf-44a9-ba25-535d596dab53;NEACH - Content marketing services;2026-02-04 14:57:45.789+00;2026-02-12 16:09:44.183+00;Deliverables;10;delivered;delivered;[];6367615d-f57a-4c32-9f75-c8149b106eca;86dzm9ud4 - NEACH - Wrestling Payments - William Sullivan;
;;965b21f3-8748-420c-aaf3-b3fdcaa2f504;iCorps - Marketing Services;2026-02-12 13:48:37.291+00;2026-02-12 15:52:34.882+00;Deliverables;;delivered;delivered;[];d2afb4c2-0dcb-4de6-9723-094208624820;Create Campaign Configuration Guide;4333780
;;bf57e936-b322-4b36-bf32-174d44c65e09;Verisk - Marketing services;2026-01-30 12:38:15.381+00;2026-02-12 14:20:15.108+00;Deliverables;10;delivered;delivered;[];09759760-77b1-45bd-a5a5-110520fc2858;Develop image ad creative package - HR 2808 MOFU creatives refresh;
;;bf57e936-b322-4b36-bf32-174d44c65e09;Verisk - Marketing services;2026-01-29 15:45:00.9+00;2026-02-12 14:14:17.627+00;Deliverables;18;delivered;delivered;[];8085f051-523d-4180-8ce7-4245323e5100;Develop image ad creative package - HR 2808 TOFU creatives refresh;
;;e1806059-d852-4791-a782-6ecb81e2343c;"Cybernetix - Creative; digital; website services";2026-02-11 20:09:36.033+00;2026-02-12 14:07:19.58+00;Deliverables;1;delivered;delivered;[];65b365b7-ccca-4257-9969-b8c594673a3e;Website Edits;3600000
;;81a43ee4-a5a5-4852-a86b-4cbaf13bfeec;Tyfone - Content marketing services;2026-02-02 19:54:04.555+00;2026-02-12 13:20:00.106+00;Deliverables;14;delivered;delivered;[];c2864d5d-654d-4040-b948-130c3b8d71d9;86dzk54hg - Tyfone - Digital Banking Podcast - Monica Parks;
;;68a3f3dd-323f-42cb-bade-55dd8454c49f;Inside Tracker - Podcast services;2026-01-26 16:28:41.568+00;2026-02-12 11:35:27.045+00;Deliverables;10;delivered;delivered;[];8200971f-76c1-43e9-88c3-09c799613d43;86dzew0ja - Inside Tracker - Longevity by Design - Dr. Louise Hecker;
;;3f032f15-833e-4d7d-9347-381febf6d953;PTO Exchange - Marketing Services;2026-02-06 16:40:03.177+00;2026-02-12 06:54:21.869+00;ToDos;;not_started;delivered;[];e66fff4d-90b9-4055-b2d7-e366860ab75d;Prepare SEO proposal;
;;3f032f15-833e-4d7d-9347-381febf6d953;PTO Exchange - Marketing Services;2026-02-09 17:52:15.142+00;2026-02-12 06:36:26.47+00;ToDos;;not_started;delivered;[];0fd4e57e-c0fb-4d0d-8860-2e204d6d0e67;Develop content reconciliation;
;;ade9bb8a-fde3-4756-a63e-11ce7f227292;Ricoh - Marketing services;2026-02-09 04:46:57.155+00;2026-02-12 04:40:03.995+00;ToDos;;not_started;delivered;[];f83df265-296f-4431-84bf-5455423cd6b9;Research video styles: animated video;
;;6a9f190a-9e44-4b24-8f1d-d82022950bb9;Agrippon - Marketing services;2026-02-09 04:34:13.565+00;2026-02-12 03:35:54.532+00;ToDos;;not_started;delivered;[];594046f4-281e-44e5-a2c0-47c4c4cc2b41;Research SaaS landing pages;
;;766143e6-ec3b-40c7-9ced-b22b48dad907;"FoxyAI - Creative; digital; web services";2026-02-11 21:37:13.494+00;2026-02-11 21:37:25.656+00;Deliverables;10;delivered;delivered;[];6ed9e7b6-4eb1-4b65-945a-64eb024f9778;Develop Databox Dashboard;
;;afed095f-4924-4108-bca6-41dd146a5a45;AJ Nash - Podcast services;2026-02-05 14:07:35.138+00;2026-02-11 21:10:55.737+00;Deliverables;12;delivered;delivered;[];2431946e-e89c-4eb6-ae77-908fcaa33c6f;"86dzn0yu4 - Unspoken Security - Unspoken Security - Bob Fabien ""BZ"" Zinga";
;;4cf099a8-6df8-4d70-a3eb-053cb48f9f1f;Encamp - Brand activation project;2026-02-10 21:40:18.809+00;2026-02-11 20:14:18.103+00;Deliverables;;delivered;delivered;[];ff332fbd-9901-4acd-94ec-fbc6ba32763e;Website Issues & Regression Report (Feb 10);
;;4cf099a8-6df8-4d70-a3eb-053cb48f9f1f;Encamp - Brand activation project;2026-02-06 19:27:59.049+00;2026-02-11 20:14:01.452+00;Deliverables;;delivered;delivered;[];46d819cb-423f-4385-863c-a13a9c9f68a7;Encamp Hand Off;
;;4cf099a8-6df8-4d70-a3eb-053cb48f9f1f;Encamp - Brand activation project;2026-02-10 16:00:15.012+00;2026-02-11 20:13:48.517+00;Deliverables;;delivered;delivered;[];7d7caaef-65fa-42cb-bb65-34825a7900bf;Update Website;
;;766143e6-ec3b-40c7-9ced-b22b48dad907;"FoxyAI - Creative; digital; web services";2026-01-21 17:21:54.495+00;2026-02-11 18:43:06.488+00;Deliverables;;delivered;delivered;[];1511e8b2-461b-449e-8ce0-29ce3c7cd9eb;Develop Social Posts - MBA Servicing Conference ;
;;bf57e936-b322-4b36-bf32-174d44c65e09;Verisk - Marketing services;2026-02-09 20:18:33.54+00;2026-02-11 18:39:32.909+00;ToDos;;not_started;delivered;[];a23924a2-22cc-4bdd-b6f5-5ccae3515d34;Batch Attribute Append campaign;
;;766143e6-ec3b-40c7-9ced-b22b48dad907;"FoxyAI - Creative; digital; web services";2025-08-29 12:40:18.702+00;2026-02-11 17:00:13.21+00;ToDos;;not_started;delivered;[];bfda0381-9f6e-4d42-9276-30f848841de8;Approve Model Library page copy;
;;a3899b64-d779-4aee-afbb-d43e2125ccf8;VITAL - Marketing services;2026-01-28 09:28:35.972+00;2026-02-11 13:29:19.773+00;Deliverables;20;delivered;delivered;[];ac3345cf-d76a-45b7-8542-715ff3e7bce3;Develop social content (February);
;;a3899b64-d779-4aee-afbb-d43e2125ccf8;VITAL - Marketing services;2026-01-28 09:32:13.087+00;2026-02-11 13:28:56.01+00;Deliverables;;delivered;delivered;[];7a8d2782-29d8-44c0-84d5-0b4329f593ee;Distribute blog - The Leadership Trap: When Growth Becomes a Grind;
;;a3899b64-d779-4aee-afbb-d43e2125ccf8;VITAL - Marketing services;2026-02-02 20:04:39.4+00;2026-02-11 13:28:24.025+00;Deliverables;10;delivered;delivered;[];f4560211-cfa0-4fb4-a4a4-2582a0813738;"86dzk5e08 - VITAL - The Flywheel Effect - Book Session - Calms and Highs: Lessons from ""The Long Way"" for Business Owners";
;;292bf658-a285-4fdd-a6e5-d352a30347c9;Sedra Solutions - Marketing services;2026-01-23 20:48:38.228+00;2026-02-11 04:38:43.709+00;Deliverables;15;delivered;delivered;[];5ed8580b-d67e-4933-8026-d0a5d7a51123;Develop video ad creative package (Procurement Video);
;;e1806059-d852-4791-a782-6ecb81e2343c;"Cybernetix - Creative; digital; website services";2026-02-10 19:39:25.579+00;2026-02-11 04:26:32.536+00;ToDos;;not_started;delivered;[];2f6ce39a-10bf-42f7-8f48-770a52a3c112;Invite Margaux back to the slack channel;
;;3f032f15-833e-4d7d-9347-381febf6d953;PTO Exchange - Marketing Services;2026-02-09 05:16:57.325+00;2026-02-11 04:20:17.481+00;ToDos;;not_started;delivered;[];4f47150b-95a0-4381-8553-b3a9ac79df6f;HubSpot Audit: Export properties sheet with new fields;
;;fabe8d32-ab02-4c3b-a8f6-ff63b75dcba7;Washington Speakers Bureau - Ongoing Marketing Services;2026-02-09 21:22:27.975+00;2026-02-11 01:39:12.608+00;ToDos;;not_started;delivered;[];accbdc52-2ba4-44af-98f3-af907c15940a;Review Goals and Points Plan;
;;72cdc11e-fd4f-4d90-8688-1fc1484de2b0;Kersten Talent Capital - Aligned Growth Engine Ongoing Services;2025-11-18 13:16:43.929+00;2026-02-10 21:25:39.711+00;Deliverables;200;delivered;delivered;[];380ac0d2-156d-48c5-8ab8-6ba6c7113ae2;Develop new website (port over existing website content and integrate within Hubspot COS);
;;b827cc0e-5a1f-420d-8f3d-951078161099;Ponce Bank - Website design and development;2025-12-01 02:08:13.931+00;2026-02-10 21:24:32.711+00;Deliverables;60;delivered;delivered;[];bb35d9f2-23f2-4ff0-bcd3-9ba80eeaef90;Content Strategy & Design: Define page templates and modules;
;;b827cc0e-5a1f-420d-8f3d-951078161099;Ponce Bank - Website design and development;2025-12-02 20:06:40.178+00;2026-02-10 21:24:32.711+00;Deliverables;80;delivered;delivered;[];694b699c-464b-4278-a4b5-ce02d9b25a36;Content Strategy & Design: Build new HubSpot email templates;
;;6a9f190a-9e44-4b24-8f1d-d82022950bb9;Agrippon - Marketing services;2026-02-09 04:42:08.866+00;2026-02-10 21:06:23.403+00;ToDos;;not_started;delivered;[];1d8e4fd6-dd7e-4e3b-b90c-caf6ec7ffa93;Compile list of historic 3+ email clicks;4800000
;;3f032f15-833e-4d7d-9347-381febf6d953;PTO Exchange - Marketing Services;2026-02-09 05:44:23.965+00;2026-02-10 20:10:36.557+00;ToDos;;not_started;delivered;[];078f4832-0dba-4ca7-bcca-191923ece9d3;Publish playbook to website;1800000
;;e50afe94-037e-49d6-8f2e-8c05ac7e3294;Data Assessment Solutions - Ongoing Marketing Services;2026-01-30 18:10:29.112+00;2026-02-10 18:33:52.311+00;Deliverables;8;delivered;delivered;[];a873f713-6f7f-4620-8ebb-fe8edb09c7cc;Develop benchmark report template;
;;a3899b64-d779-4aee-afbb-d43e2125ccf8;VITAL - Marketing services;2026-02-10 15:58:57.679+00;2026-02-10 18:16:23.667+00;ToDos;;not_started;delivered;[];4233ccf5-2068-4365-b563-61567c63f1f4;Create social posts for Episode Patrick Martinez;7200000
;;833f1003-bf16-434b-afab-a705072e5eef;Bazaarvoice - Content marketing services;2026-02-06 10:50:22.563+00;2026-02-10 18:12:31.44+00;ToDos;;not_started;delivered;[];cf5f5ca6-d471-463b-81ed-c332721bc1d7;Client review - full-length videos;
;;1d01a92d-8acf-44a9-ba25-535d596dab53;NEACH - Content marketing services;2025-12-19 13:07:10.028+00;2026-02-10 18:08:18.06+00;Deliverables;15;delivered;delivered;[];99418659-e3c3-4b1c-9096-f310fec51746;Develop Content Plan Document - Payments on Tap Podcast;
;;833f1003-bf16-434b-afab-a705072e5eef;Bazaarvoice - Content marketing services;2026-01-25 17:08:12.194+00;2026-02-10 18:04:13.915+00;Deliverables;10;delivered;delivered;[];5867e0ab-511d-421f-95b0-3daf60634905;Create full length video(s) for Bazaarvoice Summit;
;;a3899b64-d779-4aee-afbb-d43e2125ccf8;VITAL - Marketing services;2026-02-03 19:48:09.073+00;2026-02-10 18:03:57.205+00;ToDos;;not_started;delivered;[];5e743210-5ca8-4e06-a8c7-0337a7fed000;AirOps workflow development - Multi social posts 2;14400000
;;833f1003-bf16-434b-afab-a705072e5eef;Bazaarvoice - Content marketing services;2026-01-19 09:53:32.204+00;2026-02-10 18:02:28.775+00;Deliverables;15;delivered;delivered;[];2c674f5a-01db-41f0-a586-836805a6e147;Develop SEO blog post - Long-form: Thought leadership blog + sales messaging;
;;e50afe94-037e-49d6-8f2e-8c05ac7e3294;Data Assessment Solutions - Ongoing Marketing Services;2026-01-20 20:29:41.45+00;2026-02-10 17:40:28.034+00;ToDos;;not_started;delivered;[];0b8fd78a-4157-45d7-9023-9808f7f52818;Translate ABM landing page;
;;e50afe94-037e-49d6-8f2e-8c05ac7e3294;Data Assessment Solutions - Ongoing Marketing Services;2026-01-20 20:05:09.743+00;2026-02-10 17:40:28.034+00;ToDos;;not_started;delivered;[];d51cfa06-f67d-43ea-88af-5a7166c71739;Enrich for salutations: Google NotebookLM;
;;e50afe94-037e-49d6-8f2e-8c05ac7e3294;Data Assessment Solutions - Ongoing Marketing Services;2026-01-20 20:04:44.337+00;2026-02-10 17:40:28.034+00;ToDos;;not_started;delivered;[];89e07caa-445c-44c8-9a41-66ba52d84cbe;Translate LinkedIn ads;
;;cec48bff-a24c-43d2-a56e-4da7b806daf9;Ease - Podcast Services;2026-01-30 18:45:22.571+00;2026-02-10 15:16:22.525+00;Deliverables;3;delivered;delivered;[];390e7de1-c8a2-4269-9499-e7b659b9c196;Distribute Podcast Episode - Anne Trobaugh;
;;1194e57c-a4a6-4e1e-bac3-83c4ff3c4ad7;Gallagher & Mohan - Ongoing Marketing Services - Post AGE;2026-01-23 18:40:21.658+00;2026-02-10 15:15:13.674+00;Deliverables;10;delivered;delivered;[];84744df6-1b42-4e05-a105-ffe8fd7eb798;Develop image ad creative package [ABM];
;;965b21f3-8748-420c-aaf3-b3fdcaa2f504;iCorps - Marketing Services;2026-02-02 14:46:30.372+00;2026-02-10 13:31:59.993+00;ToDos;;not_started;delivered;[];f1d73231-add0-4a3f-b48e-7f9ce371abe4;SEO and Organic Content Analysis;
;;3f032f15-833e-4d7d-9347-381febf6d953;PTO Exchange - Marketing Services;2026-02-06 15:56:33.042+00;2026-02-10 03:36:06.743+00;ToDos;;not_started;delivered;[];955c320f-be84-415e-8d8f-d147828e1f24;Define HubSpot framework for ABM Enterprise tracking;
;;ae79e392-17c6-477b-8c36-88db208d3b12;Milestone Towers - Aligned Growth Engine;2026-02-05 14:48:24.408+00;2026-02-10 03:03:49.048+00;ToDos;;not_started;delivered;[];b36f22fe-6a28-4590-a501-e45f848b2737;Redo points plan & Respond to email;
;;6061d0c2-de11-40b9-8824-1ccd80a970d6;Global Shared Services - Marketing Services;2026-01-27 20:15:14.94+00;2026-02-09 22:26:34.862+00;Deliverables;5;delivered;delivered;[];03fc6650-28a0-462e-86a5-4b0431e268f8;Develop outreach sequence - Accounting Services & New CFO Services;
;;fc929bc1-8e6d-4718-8058-6510ab343d75;Acacia Advisors - Aligned Growth Engine Launch;2026-01-22 04:49:33.089+00;2026-02-09 22:05:20.563+00;Deliverables;40;delivered;delivered;[];4718489f-959c-4565-9b81-5347f1bdaab0;Develop Marketing Roadmap Document;
;;965b21f3-8748-420c-aaf3-b3fdcaa2f504;iCorps - Marketing Services;2026-02-04 04:44:12.535+00;2026-02-09 21:18:39.276+00;ToDos;;not_started;delivered;[];2d71b414-9cff-4c94-9ce5-b69b4683a102;Look into Google Search Console Performance: Impression Drop;3600000
;;cec48bff-a24c-43d2-a56e-4da7b806daf9;Ease - Podcast Services;2026-01-29 13:59:24.698+00;2026-02-09 20:26:48.001+00;Deliverables;8;delivered;delivered;[];e4f80ac3-bb39-4174-9771-bbe6d9e84a8b;Set up guest booking outreach (February) - Retargeting Campaign;
;;b1f3ae44-0316-492e-aef1-bb260b814482;Techmode - Marketing services;2026-01-20 22:35:07.09+00;2026-02-09 20:13:14.236+00;Deliverables;12;delivered;delivered;[];a2b41481-aaa0-456b-82b0-5d6ef23cae9f;Develop web page - RingCentral;
;;4cf099a8-6df8-4d70-a3eb-053cb48f9f1f;Encamp - Brand activation project;2026-02-06 17:31:58.923+00;2026-02-09 19:59:39.122+00;ToDos;;not_started;delivered;[];dd1e9a1c-8bdc-430e-8e6a-5c82bdaddc3a;Develop template - Accounts;
;;1194e57c-a4a6-4e1e-bac3-83c4ff3c4ad7;Gallagher & Mohan - Ongoing Marketing Services - Post AGE;2026-01-23 13:36:31.215+00;2026-02-09 19:35:43.353+00;Deliverables;5;delivered;delivered;[];6193a82f-8326-4a66-b2d4-6c8a164229ff;Develop outreach sequence [ABM];
;;6a9f190a-9e44-4b24-8f1d-d82022950bb9;Agrippon - Marketing services;2026-02-09 04:26:13.415+00;2026-02-09 19:14:42.761+00;ToDos;;not_started;delivered;[];8eff2ace-9960-438d-93bc-0b0705c06761;Analyze contact page & develop recommendations;
;;965b21f3-8748-420c-aaf3-b3fdcaa2f504;iCorps - Marketing Services;2026-02-04 16:40:32.959+00;2026-02-09 16:25:19.872+00;ToDos;;not_started;delivered;[];86b58490-327f-468d-a1c9-b86a11ebef53;Research competitor websites: Locations;
;;965b21f3-8748-420c-aaf3-b3fdcaa2f504;iCorps - Marketing Services;2026-01-31 19:31:53.756+00;2026-02-09 16:04:28.899+00;ToDos;;not_started;delivered;[];8231e4b5-3816-4853-923f-cb30de8d4399;2025 Funnel Analysis: MQL > Customer Drop-off;
;;db0afec5-85bc-41b0-8c0f-79b368eb3b16;Rugged Robotics - Marketing services;2026-02-04 16:20:42.818+00;2026-02-09 15:48:21.371+00;ToDos;;not_started;delivered;[];647cc1c1-8619-4748-9b39-da935abd9ebc;Update HubSpot form notifications;900000
;;db0afec5-85bc-41b0-8c0f-79b368eb3b16;Rugged Robotics - Marketing services;2026-02-04 16:10:38.459+00;2026-02-09 15:48:00.464+00;ToDos;;not_started;delivered;[];57f6acfa-db55-43d0-9656-2004111b96f5;Update staging site footer navigation;1800000
;;81a43ee4-a5a5-4852-a86b-4cbaf13bfeec;Tyfone - Content marketing services;2026-01-29 11:51:40.131+00;2026-02-09 15:42:22.345+00;Deliverables;14;delivered;delivered;[];74ef2f47-bc06-4efb-8114-66f096e024ff;86dzgw75n- Tyfone - Digital Banking Podcast - Keith Smith;
;;1194e57c-a4a6-4e1e-bac3-83c4ff3c4ad7;Gallagher & Mohan - Ongoing Marketing Services - Post AGE;2026-02-04 20:08:00.075+00;2026-02-09 15:19:58.494+00;ToDos;;not_started;delivered;[];9f053fd6-c768-49fb-ba76-02174c06e4d1;Gather information for direct mail;
;;a3899b64-d779-4aee-afbb-d43e2125ccf8;VITAL - Marketing services;2026-02-05 13:13:59.048+00;2026-02-09 15:14:24.774+00;ToDos;;not_started;delivered;[];d4912eea-2050-41dd-92c4-345ac2e977c2;Edits to 86dzg5r8b - VITAL - The Flywheel Effect - Patrick Martinez;
;;e50afe94-037e-49d6-8f2e-8c05ac7e3294;Data Assessment Solutions - Ongoing Marketing Services;2026-02-06 15:00:51.354+00;2026-02-09 12:29:07.441+00;ToDos;;not_started;delivered;[];1bd10e44-6166-4a3d-b6fe-fdfb4cfa5a7b;Update landing page;1800000
;;1194e57c-a4a6-4e1e-bac3-83c4ff3c4ad7;Gallagher & Mohan - Ongoing Marketing Services - Post AGE;2026-01-26 19:01:34.182+00;2026-02-09 07:16:25.722+00;ToDos;;not_started;delivered;[];f57a74ed-99a3-419d-8112-b3d23dfabaa9;Create SEO content calendar;
;;3f032f15-833e-4d7d-9347-381febf6d953;PTO Exchange - Marketing Services;2026-02-02 19:30:15.985+00;2026-02-09 05:12:36.731+00;Deliverables;8;delivered;delivered;[];eb67132d-8a5c-4068-8b76-db926b0cf087;Develop flyer - Mann Eye Institute [Charitable Giving];
;;1194e57c-a4a6-4e1e-bac3-83c4ff3c4ad7;Gallagher & Mohan - Ongoing Marketing Services - Post AGE;2026-01-23 14:40:49.659+00;2026-02-09 04:53:13.624+00;ToDos;;not_started;delivered;[];6fb91fd3-c085-43b1-aba4-0cd9483e818c;Review ABM contact list;
;;1194e57c-a4a6-4e1e-bac3-83c4ff3c4ad7;Gallagher & Mohan - Ongoing Marketing Services - Post AGE;2026-01-23 14:40:24.845+00;2026-02-09 04:53:11.421+00;ToDos;;not_started;delivered;[];cd33e531-f142-4e8b-8907-0b536bc69abe;Review ABM Plan;
;;6a9f190a-9e44-4b24-8f1d-d82022950bb9;Agrippon - Marketing services;2026-01-20 18:29:46.929+00;2026-02-09 04:26:02.839+00;ToDos;;not_started;delivered;[];a2593d02-ec18-4c0a-bd30-f1bf77472e50;Review updated landing pages (onboarding support);
;;cec48bff-a24c-43d2-a56e-4da7b806daf9;Ease - Podcast Services;2026-02-05 13:07:01.877+00;2026-02-06 21:27:39.74+00;Deliverables;;delivered;delivered;[];7a892ace-8690-4cad-9662-3a20346affc3;EASE - Shop Floor, Top Floor Talk Show - Anne Trobaugh (Part 2);
;;81a43ee4-a5a5-4852-a86b-4cbaf13bfeec;Tyfone - Content marketing services;2026-01-23 16:58:36.292+00;2026-02-06 20:40:03.103+00;ToDos;;not_started;delivered;[];6f4f7afb-fe12-437d-8266-7a184d9299f5;Review Tyfone and FIsionaries podcasts;
;;766143e6-ec3b-40c7-9ced-b22b48dad907;"FoxyAI - Creative; digital; web services";2025-08-29 12:40:26.716+00;2026-02-06 20:14:25.3+00;ToDos;;not_started;delivered;[];cc1d4fd7-9e75-4cd2-88b1-851265311c15;Approve Advanced Search page copy;
;;db0afec5-85bc-41b0-8c0f-79b368eb3b16;Rugged Robotics - Marketing services;2026-01-12 18:47:15.352+00;2026-02-06 19:00:58.921+00;Deliverables;12;delivered;delivered;[];58088d35-350b-455e-9931-373a2d3d6346;Develop web page [Case study template];
;;1194e57c-a4a6-4e1e-bac3-83c4ff3c4ad7;Gallagher & Mohan - Ongoing Marketing Services - Post AGE;2026-02-04 19:35:05.945+00;2026-02-06 18:29:59.179+00;Deliverables;8;delivered;delivered;[];bad3c564-aeaf-4924-a5f2-3c0307919530;Develop a playbook [ABM: Real Estate Scaling Without Headcount];
;;3f032f15-833e-4d7d-9347-381febf6d953;PTO Exchange - Marketing Services;2026-02-02 19:29:15.056+00;2026-02-06 18:12:16.934+00;Deliverables;8;delivered;delivered;[];bfc86384-f21a-4620-b29a-f825c7566d8b;Develop flyer - Mann Eye Institute [Cash Out];
;;766143e6-ec3b-40c7-9ced-b22b48dad907;"FoxyAI - Creative; digital; web services";2025-08-29 12:40:09.145+00;2026-02-06 17:04:16.878+00;Deliverables;12;delivered;delivered;[];5abe0cda-c702-426f-a598-b376870a961b;Develop 360 PV web page;
;;766143e6-ec3b-40c7-9ced-b22b48dad907;"FoxyAI - Creative; digital; web services";2025-08-29 12:40:18.174+00;2026-02-06 17:04:01.058+00;Deliverables;12;delivered;delivered;[];746488fa-baa9-4faa-b6ab-9bf99ae0d797;Develop Model Library web page;
;;766143e6-ec3b-40c7-9ced-b22b48dad907;"FoxyAI - Creative; digital; web services";2025-08-29 12:40:26.135+00;2026-02-06 17:04:01.058+00;Deliverables;12;delivered;delivered;[];a05fde88-dd14-452e-8758-5c6a722da354;Develop Advanced Search web page;
;;766143e6-ec3b-40c7-9ced-b22b48dad907;"FoxyAI - Creative; digital; web services";2025-08-28 16:18:13.225+00;2026-02-06 17:04:01.058+00;Deliverables;12;delivered;delivered;[];0354c03b-08f2-49ea-a7fb-c5f42c12d02e;Develop Agentic Solutions web page;
;;cec48bff-a24c-43d2-a56e-4da7b806daf9;Ease - Podcast Services;2026-01-30 18:45:22.998+00;2026-02-06 15:04:25.947+00;Deliverables;8;delivered;delivered;[];0896c083-95e9-45a7-8622-ca1e88aadf30;Develop blog post from podcast episode - Anne Trobaugh;
;;cec48bff-a24c-43d2-a56e-4da7b806daf9;Ease - Podcast Services;2026-01-30 22:28:07.332+00;2026-02-06 13:48:54.383+00;Deliverables;10;delivered;delivered;[];4b2d6efc-e099-46fb-9aa4-d743c5a3a0a8;86dzhxzkb - EASE - Episode 16 - Anne Trobaugh (Part 1);
;;c8bd9166-2a8e-4824-9bbb-304f1d8ce014;Numeric - Podcast services;2026-02-03 14:24:35.34+00;2026-02-06 13:04:03.014+00;ToDos;;not_started;delivered;[];a5dc4716-5335-4e5e-899d-93bb0957c0b2;Edits to 86dy0u229 - Numeric - Incoming Statements - Lynne Dimmick;
;;cec48bff-a24c-43d2-a56e-4da7b806daf9;Ease - Podcast Services;2026-01-29 14:06:35.525+00;2026-02-06 13:01:48.513+00;Deliverables;10;delivered;delivered;[];0f93f321-ad34-4af3-87ca-8ae9dd9cb808;Tech stack (February);
;;c8bd9166-2a8e-4824-9bbb-304f1d8ce014;Numeric - Podcast services;2026-02-03 14:32:15.425+00;2026-02-06 12:58:01.405+00;ToDos;;not_started;delivered;[];5bdc1e20-873e-41a9-bcba-912a5034d5b3;Edits to 86dyc76bg - Numeric - Incoming Statements - Kevin Moore;
;;4cf099a8-6df8-4d70-a3eb-053cb48f9f1f;Encamp - Brand activation project;2026-02-03 11:48:22.531+00;2026-02-06 12:42:56.444+00;Deliverables;;delivered;delivered;[];e61ca220-9d43-4743-8412-4f64a5b62cd4;Post-Launch Support & QA;
;;c8bd9166-2a8e-4824-9bbb-304f1d8ce014;Numeric - Podcast services;2026-02-03 13:37:52.917+00;2026-02-06 12:42:23.879+00;ToDos;;not_started;delivered;[];7689781f-7ebc-422a-9a18-35193b59e9cf;Edits to 86dzdav9f - Numeric - Incoming Statements - Allen Shim;
;;7f6de0fa-ebf7-473a-af2e-b82ac2f7b097;Ideometry;2026-02-02 16:57:19.609+00;2026-02-06 09:27:32.419+00;Deliverables;;delivered;delivered;[];330bbe25-c1cd-461c-b988-2076a4c77d26;Create Data Box Dashboards for ABM Campaign;9000000
;;e50afe94-037e-49d6-8f2e-8c05ac7e3294;Data Assessment Solutions - Ongoing Marketing Services;2025-12-16 15:13:46.312+00;2026-02-06 07:27:13.005+00;Deliverables;10;delivered;delivered;[];d3bf98d0-182f-4dc8-849f-f4faed660c37;Set Up ABM - DACH;
;;e50afe94-037e-49d6-8f2e-8c05ac7e3294;Data Assessment Solutions - Ongoing Marketing Services;2026-02-05 15:32:10.531+00;2026-02-06 04:29:42.735+00;ToDos;;not_started;delivered;[];f81906a9-2186-4a89-b8e7-9c61e3bbf0c0;Update ABM email campaign;
;;e7336694-2c40-4fcf-a7ef-4d0460f053c8;"Powerhouse Gym - Creative; digital; website services";2026-01-29 21:43:22.704+00;2026-02-05 22:13:44.778+00;Deliverables;2;delivered;delivered;[];3530b4c8-3c06-417a-ad69-2aa5eb827017; SMS Compliance & Privacy Page Setup;
;;fabe8d32-ab02-4c3b-a8f6-ff63b75dcba7;Washington Speakers Bureau - Ongoing Marketing Services;2026-02-02 15:32:56.317+00;2026-02-05 20:23:58.066+00;Deliverables;10;delivered;delivered;[];26dd88ca-7429-4e34-86d8-ac288f33618c;Client Onboarding & Kickoff;
;;c8bd9166-2a8e-4824-9bbb-304f1d8ce014;Numeric - Podcast services;2026-02-03 14:06:27.385+00;2026-02-05 19:13:07.685+00;ToDos;;not_started;delivered;[];dab667c2-9142-46be-a130-fbc9e9755efc;Edits to 86dyc70zd - Numeric - Incoming Statements - Heather Planishek;
;;6061d0c2-de11-40b9-8824-1ccd80a970d6;Global Shared Services - Marketing Services;2026-01-27 17:34:05.162+00;2026-02-05 16:30:39.226+00;Deliverables;;delivered;delivered;[];ba5fcdd6-c59c-4276-930e-6f6b9557f677;Promote ebook;
;;db0afec5-85bc-41b0-8c0f-79b368eb3b16;Rugged Robotics - Marketing services;2026-02-04 16:30:11.782+00;2026-02-05 14:35:06.355+00;ToDos;;not_started;delivered;[];eb96f157-bdbb-40e0-8085-db85e162b991;"Add ""do not contact"" list to outreach tools";1020000
;;bf57e936-b322-4b36-bf32-174d44c65e09;Verisk - Marketing services;2026-01-20 13:04:28.708+00;2026-02-05 13:05:11.561+00;ToDos;;not_started;delivered;[];ce97018d-160e-4d45-af04-6195cb437d45;Instructions for CES episode;7200000
;;a3899b64-d779-4aee-afbb-d43e2125ccf8;VITAL - Marketing services;2026-01-28 09:31:02.559+00;2026-02-05 12:59:45.877+00;Deliverables;;delivered;delivered;[];e901d4e7-2454-4222-b980-524d73cf7bcd;Distribute blog - Why the Best Leaders Start the Year Learning;
;;81a43ee4-a5a5-4852-a86b-4cbaf13bfeec;Tyfone - Content marketing services;2026-01-26 10:21:33.725+00;2026-02-05 11:58:40.169+00;ToDos;;not_started;delivered;[];32ac15e5-de75-42ca-b739-852158af70f8;Client review Episode Derrick Aguilar;
;;81a43ee4-a5a5-4852-a86b-4cbaf13bfeec;Tyfone - Content marketing services;2026-01-23 15:09:23.433+00;2026-02-05 11:58:38.461+00;ToDos;;not_started;delivered;[];14dfa686-adc9-47a3-87cc-14b190183cbe;Client review Episode Kosta Scholiadis;
;;e1806059-d852-4791-a782-6ecb81e2343c;"Cybernetix - Creative; digital; website services";2026-02-05 00:53:20.608+00;2026-02-05 03:45:29.773+00;ToDos;;not_started;delivered;[];3dc7806d-47f9-4f58-a8c0-006cbcb368bc;Invite margaux@cybernetix.vc to external Slack channel;
;;fabe8d32-ab02-4c3b-a8f6-ff63b75dcba7;Washington Speakers Bureau - Ongoing Marketing Services;2026-02-03 22:49:58.972+00;2026-02-05 02:59:03.783+00;ToDos;;not_started;delivered;[];db493325-065a-4a73-b8e8-a7c30596eeac;Invite everyone to external Slack channel;
;;7f6de0fa-ebf7-473a-af2e-b82ac2f7b097;Ideometry;2026-01-26 17:33:54.03+00;2026-02-05 00:51:44.199+00;Deliverables;5;delivered;delivered;[];351e4730-3637-4a7e-8f70-30fa158a15de;Set up paid media - Robotics ABM;
;;52b3ee0f-cbad-4031-a387-79ecb54874fb;Aquatic Informatics - Ongoing Marketing Services;2025-10-30 03:05:05.179+00;2026-02-04 23:09:19.81+00;Deliverables;40;delivered;delivered;[];e81e609f-1bc5-4299-b43c-0cada60b5067;Salesforce data cleanup;
;;3f032f15-833e-4d7d-9347-381febf6d953;PTO Exchange - Marketing Services;2026-01-30 20:36:18.223+00;2026-02-04 21:21:01.2+00;ToDos;;not_started;delivered;[];bff81ca6-6669-4677-9e1a-e2e9bad72062;HubSpot Audit: Outlined Steps;
;;1194e57c-a4a6-4e1e-bac3-83c4ff3c4ad7;Gallagher & Mohan - Ongoing Marketing Services - Post AGE;2025-12-18 03:12:25.83+00;2026-02-04 19:23:37.207+00;Deliverables;30;delivered;delivered;[];9b3f203e-849d-415d-8ede-adbf86c45442;Develop Content Plan Document;
;;e1806059-d852-4791-a782-6ecb81e2343c;"Cybernetix - Creative; digital; website services";2026-02-03 00:28:34.476+00;2026-02-04 19:22:50.912+00;ToDos;;not_started;delivered;[];12868af6-09a9-4e1c-870b-006eeba6cd76;Prep for meeting;
;;66a4318e-0698-422f-854d-3aeb4c4bd804;WeFixFreight - Marketing services;2025-10-06 17:00:23.778+00;2026-02-04 15:45:14.805+00;Deliverables;0;delivered;delivered;[];b549ff05-133c-436a-9790-07d66149cee0;Create print-ready design - Swag for Women's Logistics Conference (deprioritized);
;;bf57e936-b322-4b36-bf32-174d44c65e09;Verisk - Marketing services;2025-12-18 13:38:34.453+00;2026-02-04 14:13:21.257+00;ToDos;;not_started;delivered;[];65c55cb0-513a-4bd2-9392-3615bb50affb;Client recordings for TMR compilation;
;;ae79e392-17c6-477b-8c36-88db208d3b12;Milestone Towers - Aligned Growth Engine;2026-01-08 04:50:01.495+00;2026-02-04 13:58:09.543+00;Deliverables;60;delivered;delivered;[];3cc0d6d1-122f-4d5e-b188-e8c1ac48ef41;Develop Marketing Roadmap Document;
;;a3899b64-d779-4aee-afbb-d43e2125ccf8;VITAL - Marketing services;2026-01-28 11:22:04.103+00;2026-02-04 12:04:19.95+00;Deliverables;10;delivered;delivered;[];12542d2e-6010-4e37-8e57-13a99c0d0435;86dzg5r8b - VITAL - The Flywheel Effect - Patrick Martinez;
;;e50afe94-037e-49d6-8f2e-8c05ac7e3294;Data Assessment Solutions - Ongoing Marketing Services;2026-01-14 20:21:40.487+00;2026-02-04 06:27:03.205+00;Deliverables;12;delivered;delivered;[];ae8a8e6c-439a-4450-b2a3-aac05cf85691;Develop web page [ABM];
;;6a9f190a-9e44-4b24-8f1d-d82022950bb9;Agrippon - Marketing services;2026-02-02 20:59:39.059+00;2026-02-04 06:23:45.911+00;ToDos;;not_started;delivered;[];965778ba-5276-4172-80e4-237d347f4b3d;Set up new ABM list + sequence;
;;3f032f15-833e-4d7d-9347-381febf6d953;PTO Exchange - Marketing Services;2026-02-02 19:28:39.769+00;2026-02-04 05:51:46.606+00;Deliverables;8;delivered;delivered;[];6d0cc53d-5f74-40f5-94fd-9b0c944b1675;Develop flyer - Mann Eye Institute [HSA];
;;3f032f15-833e-4d7d-9347-381febf6d953;PTO Exchange - Marketing Services;2026-02-02 18:15:43.868+00;2026-02-04 05:48:04.189+00;Deliverables;8;delivered;delivered;[];cec67bb5-574d-4a2d-b438-b2f83f77a7f4;Develop flyer - Mann Eye Institute [Retirement];
;;ec1251b4-8dd8-4f12-ba68-1e923a54c460;Hydrian - Marketing services;2026-01-30 16:32:47.293+00;2026-02-04 04:38:29.18+00;ToDos;;not_started;delivered;[];cb68f050-c5e3-4efc-b4bf-a8adcb3c13a9;Build Roadmap;
;;ca141f89-32e5-42c5-8c4d-bb32dee9aef2;BioSafe - Marketing services;2025-10-20 21:22:38.983+00;2026-02-03 22:42:06.946+00;ToDos;;not_started;delivered;[];ac637298-63aa-4ac8-aff1-447b4ecc7395;Review ABM audience - companies spreadsheet;
;;ca141f89-32e5-42c5-8c4d-bb32dee9aef2;BioSafe - Marketing services;2025-10-01 18:24:52.197+00;2026-02-03 22:42:01.619+00;ToDos;;not_started;delivered;[];1d71c9ce-856f-4794-a753-851751e6d3be;Review ABM outreach sequence;
;;ca141f89-32e5-42c5-8c4d-bb32dee9aef2;BioSafe - Marketing services;2025-09-13 01:36:58.432+00;2026-02-03 22:41:59.341+00;ToDos;;not_started;delivered;[];b1eeb587-4d31-4284-b531-8b4e6fdecf3a;Provide feedback on ABM Life Sciences Image Ads;
;;ca141f89-32e5-42c5-8c4d-bb32dee9aef2;BioSafe - Marketing services;2025-09-09 01:17:18.271+00;2026-02-03 22:41:57.349+00;ToDos;;not_started;delivered;[];220188df-adb3-41f5-8053-b5421c20afcb;Provide feedback on ABM survey questions;
;;ca141f89-32e5-42c5-8c4d-bb32dee9aef2;BioSafe - Marketing services;2025-09-05 18:54:15.429+00;2026-02-03 22:41:54.668+00;ToDos;;not_started;delivered;[];b9a211b3-545a-4e88-be1a-950804825f5c;Review ABM $10K offer web page;
;;e7336694-2c40-4fcf-a7ef-4d0460f053c8;"Powerhouse Gym - Creative; digital; website services";2026-01-29 21:46:12.823+00;2026-02-03 22:27:07.033+00;Deliverables;12;delivered;delivered;[];3e457b48-b718-4850-bb2c-811adc9b1a28;Develop Privacy Policy Page;
;;ec1251b4-8dd8-4f12-ba68-1e923a54c460;Hydrian - Marketing services;2026-01-27 19:04:17.809+00;2026-02-03 21:54:17.715+00;ToDos;;not_started;delivered;[];6f6cabb2-8a29-471c-80bc-cd861bcfab1c;Provide feedback on brochure;
;;ec1251b4-8dd8-4f12-ba68-1e923a54c460;Hydrian - Marketing services;2026-01-30 18:43:41.301+00;2026-02-03 21:54:14.819+00;ToDos;;not_started;delivered;[];e9cbf185-9aaa-4c3c-b0ee-6d690e6c7f20;Provide feedback on LinkedIn Carousel;
;;ca141f89-32e5-42c5-8c4d-bb32dee9aef2;BioSafe - Marketing services;2025-12-31 17:33:07.53+00;2026-02-03 20:04:41.28+00;Deliverables;10;delivered;delivered;[];decbca36-d3f4-4471-916b-5fd081b62520;Manage content (January);
;;a3899b64-d779-4aee-afbb-d43e2125ccf8;VITAL - Marketing services;2026-01-26 18:02:46.886+00;2026-02-03 19:48:25.861+00;ToDos;;not_started;delivered;[];5fe0dd9b-1571-44d6-b360-fcf686599529;AirOps workflow development - Multi social posts 2;18000000
;;db0afec5-85bc-41b0-8c0f-79b368eb3b16;Rugged Robotics - Marketing services;2026-01-28 22:30:47.277+00;2026-02-03 19:28:56.317+00;ToDos;;not_started;delivered;[];cfb2b0c6-6109-423b-9c24-478d9f499efd;Update staging site based on feedback;5400000
;;ca141f89-32e5-42c5-8c4d-bb32dee9aef2;BioSafe - Marketing services;2025-08-27 03:05:58.062+00;2026-02-03 19:24:03.755+00;ToDos;;not_started;delivered;[];ba021c8f-57f8-41f5-ad7e-ce1c1ab25a07;Review and provide feedback on ad copy for ABM Campaign (Life Science);
;;18194a27-f4fd-4f8a-b974-7e8dcaea1d46;Syncro - Content marketing services;2026-01-28 09:15:25.383+00;2026-02-03 16:58:30.877+00;Deliverables;11;delivered;delivered;[];5e5396d0-2c6e-4e54-a7a3-60eebbe8f2f6;Tech stack (February);
;;4cf099a8-6df8-4d70-a3eb-053cb48f9f1f;Encamp - Brand activation project;2026-02-03 13:44:28.845+00;2026-02-03 16:54:50.871+00;ToDos;;not_started;delivered;[];20c5bf02-2abe-4d28-90f1-e8bc0f308a88;Create a dynamic Custom Field for Blog Hero images;3600000
;;8ea12c0c-e33b-4ac7-a349-2b8a522c8b50;Engage USA - Website Project;2026-02-02 15:07:16.771+00;2026-02-03 16:49:26.885+00;ToDos;;not_started;delivered;[];f072b3af-561c-4419-99a4-b149fd198e92;Check Website Hosting;900000
;;ec1251b4-8dd8-4f12-ba68-1e923a54c460;Hydrian - Marketing services;2026-01-16 20:15:41.281+00;2026-02-03 14:49:55.363+00;Deliverables;6;delivered;delivered;[];fc6c9870-9188-4693-892a-43aabff23dde;Design LinkedIn Carousel (Hydrian Recap Posts);
;;833f1003-bf16-434b-afab-a705072e5eef;Bazaarvoice - Content marketing services;2026-01-19 09:51:30.417+00;2026-02-03 13:36:29.653+00;Deliverables;0;archived;archived;[];dfcba709-29eb-4621-b6ac-eefd75770982;Create compilation video(s) for Bazaarvoice Summit;
;;a3899b64-d779-4aee-afbb-d43e2125ccf8;VITAL - Marketing services;2026-01-29 18:26:16.459+00;2026-02-03 10:03:20.653+00;Deliverables;0;delivered;delivered;[];31360274-54ff-4f1d-bdbf-672d85621db6;Distribute Episode - Ronald Beckner;
;;afed095f-4924-4108-bca6-41dd146a5a45;AJ Nash - Podcast services;2026-01-28 11:13:59.962+00;2026-02-03 03:12:00.148+00;Deliverables;12;delivered;delivered;[];85b53373-3ea7-4e5e-b6ea-152287ef0c96;86dzg5pz7 - Unspoken Security - Galya Westler;
;;c8bd9166-2a8e-4824-9bbb-304f1d8ce014;Numeric - Podcast services;2026-01-22 21:44:37.326+00;2026-02-03 02:04:09.437+00;Deliverables;15;delivered;delivered;[];32648572-74c5-4433-8241-f4e28d69e284;86dzdav9f - Numeric  - Incoming Statements - Allen Shim;
;;292bf658-a285-4fdd-a6e5-d352a30347c9;Sedra Solutions - Marketing services;2025-12-31 18:11:15.102+00;2026-02-03 02:03:51.756+00;Deliverables;10;delivered;delivered;[];0e02c5ce-19a6-400d-8b55-5744337949a3;Manage ABM (January);
;;4cf099a8-6df8-4d70-a3eb-053cb48f9f1f;Encamp - Brand activation project;2026-01-30 21:25:04.43+00;2026-02-03 00:01:40.063+00;ToDos;;not_started;delivered;[];82af414c-3e8b-4bb2-8469-5f1099c1fdd5;Develop template pages that can be copied from existing ones;21600000
;;7f6de0fa-ebf7-473a-af2e-b82ac2f7b097;Ideometry;2026-01-29 20:18:46.145+00;2026-02-02 22:20:03.865+00;Deliverables;10;delivered;delivered;[];53c2d750-e801-4881-a063-b4e0a3706306;Develop image ad creative package - Robotics ABM (updated);
;;7f6de0fa-ebf7-473a-af2e-b82ac2f7b097;Ideometry;2025-11-12 20:32:41.877+00;2026-02-02 22:19:17.832+00;Deliverables;10;delivered;delivered;[];7ee56363-f379-4076-9d58-fd6a4575b047;Set Up ABM;
;;4cf099a8-6df8-4d70-a3eb-053cb48f9f1f;Encamp - Brand activation project;2026-01-30 21:25:35.671+00;2026-02-02 22:04:31.858+00;ToDos;;not_started;delivered;[];99970a3d-5211-4cb1-b77e-109401c631ef;Develop pages from new designs;21600000
;;6a9f190a-9e44-4b24-8f1d-d82022950bb9;Agrippon - Marketing services;2026-02-02 13:55:31.084+00;2026-02-02 21:12:37.803+00;ToDos;;not_started;delivered;[];98e51e65-bf2f-4b56-849b-238afd3d493b;Create ABM lists (ABM v4);
;;e7336694-2c40-4fcf-a7ef-4d0460f053c8;"Powerhouse Gym - Creative; digital; website services";2026-01-29 22:01:22.728+00;2026-02-02 19:48:33.67+00;Deliverables;2;delivered;delivered;[];33e61356-ce1e-4c5b-a4e2-5bb2c18e543c;Update Trial Campaign;
;;b1f3ae44-0316-492e-aef1-bb260b814482;Techmode - Marketing services;2025-12-29 14:53:10.264+00;2026-02-02 19:12:14.309+00;Deliverables;8;delivered;delivered;[];9fbf28b7-1b31-4e0c-a4f8-c3e72f37d6da;Manage paid media (January);
;;fc929bc1-8e6d-4718-8058-6510ab343d75;Acacia Advisors - Aligned Growth Engine Launch;2026-01-22 04:49:31.772+00;2026-02-02 18:00:39.733+00;Deliverables;;delivered;delivered;[];6ccc888d-fb2b-458f-9f09-0c80f2dcc191;Conduct Alignment Meeting;
;;4cf099a8-6df8-4d70-a3eb-053cb48f9f1f;Encamp - Brand activation project;2026-01-30 21:24:03.362+00;2026-02-02 16:46:37.863+00;ToDos;;not_started;delivered;[];f0c9cc2a-7e51-4336-aee8-64d2ea07087a;Implement Carousel on Waste page product images;3600000
;;4cf099a8-6df8-4d70-a3eb-053cb48f9f1f;Encamp - Brand activation project;2026-02-01 15:59:01.433+00;2026-02-02 16:46:29.666+00;ToDos;;not_started;delivered;[];5fd2cf1f-29c7-4e51-b499-83d0c2a461ad;Implement navigation bar;3600000
;;deb20e29-45f3-4095-ae7e-8952961b9806;Rod Miller - Content marketing services;2026-01-31 07:00:20.904+00;2026-02-02 15:54:47.037+00;ToDos;;not_started;delivered;[];22bea0de-cf8a-4ca0-96e1-10158b0f8ae1;Replace blog images;720000
;;fc929bc1-8e6d-4718-8058-6510ab343d75;Acacia Advisors - Aligned Growth Engine Launch;2026-01-22 04:49:32.343+00;2026-02-02 11:42:50.982+00;Deliverables;20;delivered;delivered;[];cfbfb771-a6e1-43c4-b6ab-fbcd35b8277d;Develop Marketing Research Document;
;;8e4bcd63-cf2d-4673-9b05-78bac6fa4657;Wilburn - Content marketing services;2026-01-28 09:36:18.997+00;2026-02-02 09:52:02.922+00;Deliverables;2;delivered;delivered;[];e61a8a23-27db-4363-8ef5-8d8fa4718116;Website Hosting (February);
;;a3899b64-d779-4aee-afbb-d43e2125ccf8;VITAL - Marketing services;2026-01-28 09:16:05.786+00;2026-02-02 09:51:52.166+00;Deliverables;8;delivered;delivered;[];49dbcd80-6d42-44d4-b365-15f38e9aadd5;Tech stack (February);
;;bf57e936-b322-4b36-bf32-174d44c65e09;Verisk - Marketing services;2026-01-28 09:15:49.844+00;2026-02-02 09:50:46.383+00;Deliverables;5;delivered;delivered;[];93d0fdc0-a5d5-4efe-92a5-bbe61d175ff2;Tech stack (February);
;;81a43ee4-a5a5-4852-a86b-4cbaf13bfeec;Tyfone - Content marketing services;2026-01-28 09:15:39.948+00;2026-02-02 09:50:32.77+00;Deliverables;5;delivered;delivered;[];911e0df5-8ea2-4af1-9d68-e48f5a5b2f28;Tech stack (February);
;;deb20e29-45f3-4095-ae7e-8952961b9806;Rod Miller - Content marketing services;2026-01-28 09:22:49.684+00;2026-02-02 09:49:19.523+00;Deliverables;2;delivered;delivered;[];5be5000b-715b-4094-a0ca-bd8ccbf35818;Website Hosting (February);
;;1d01a92d-8acf-44a9-ba25-535d596dab53;NEACH - Content marketing services;2026-01-28 09:15:08.784+00;2026-02-02 09:48:53.077+00;Deliverables;5;delivered;delivered;[];336ae801-880b-415b-ad4d-e42d44c70f66;Tech stack (February);
;;68a3f3dd-323f-42cb-bade-55dd8454c49f;Inside Tracker - Podcast services;2026-01-28 09:14:56.233+00;2026-02-02 09:48:42.557+00;Deliverables;5;delivered;delivered;[];3e190fe4-e496-4761-8645-5a26db7678ba;Tech stack (February);
;;833f1003-bf16-434b-afab-a705072e5eef;Bazaarvoice - Content marketing services;2026-01-28 09:12:05.097+00;2026-02-02 09:48:15.683+00;Deliverables;5;delivered;delivered;[];e3cca48f-ea6d-4532-af48-55a67d84e7a6;Tech stack (February);
;;e50afe94-037e-49d6-8f2e-8c05ac7e3294;Data Assessment Solutions - Ongoing Marketing Services;2026-01-30 17:05:06.501+00;2026-02-02 04:35:50.445+00;ToDos;;not_started;delivered;[];c7357468-1d86-42c5-b810-01d1dd78c2bc;Send test emails to Max, Axel, and Bettina;
;;766143e6-ec3b-40c7-9ced-b22b48dad907;"FoxyAI - Creative; digital; web services";2026-01-26 14:52:25.967+00;2026-02-02 03:35:49.679+00;ToDos;;not_started;delivered;[];8490d670-8a90-4af4-bd5e-7a2e5fb8ead8;Write out AI Content strategy;
;;75b32155-1255-4d17-b437-152e300521a0;ThreatMark - Marketing services;2025-12-29 16:00:12.582+00;2026-02-01 15:57:22.937+00;Deliverables;10;delivered;delivered;[];636b9bd9-9b3e-480c-b570-fc2381230ea9;Facilitate Client Meetings - January;
;;75b32155-1255-4d17-b437-152e300521a0;ThreatMark - Marketing services;2025-12-29 13:28:52.295+00;2026-02-01 15:57:13.55+00;Deliverables;8;delivered;delivered;[];58160539-b3e3-453e-8f5c-399a1dc04c8f;Manage paid media - January;
;;75b32155-1255-4d17-b437-152e300521a0;ThreatMark - Marketing services;2025-12-29 13:37:20.468+00;2026-02-01 15:57:11.745+00;Deliverables;16;delivered;delivered;[];61a20ce3-e628-4ae2-a8e0-92f8f8db5e9e;Tech Stack - January;
;;75b32155-1255-4d17-b437-152e300521a0;ThreatMark - Marketing services;2025-12-29 15:49:22.959+00;2026-02-01 15:57:09.352+00;Deliverables;5;delivered;delivered;[];bd7a6e18-1e64-46a9-b1b9-20b5a993358e;Manage web - January;
;;75b32155-1255-4d17-b437-152e300521a0;ThreatMark - Marketing services;2025-12-29 15:54:52.699+00;2026-02-01 15:57:05.569+00;Deliverables;5;delivered;delivered;[];16e69a2f-2489-4a24-b32b-f7af0eb4ff86;Manage performance reporting - January;
;;4cf099a8-6df8-4d70-a3eb-053cb48f9f1f;Encamp - Brand activation project;2026-01-30 21:23:12.825+00;2026-02-01 15:57:02.273+00;ToDos;;not_started;delivered;[];03ce16ff-df85-49de-a20c-13decc3c44ef;Create template page design;
;;e7336694-2c40-4fcf-a7ef-4d0460f053c8;"Powerhouse Gym - Creative; digital; website services";2026-01-26 20:08:29.869+00;2026-02-01 15:56:31.703+00;Deliverables;2;delivered;delivered;[];9f0c7da8-6c62-4a8b-91ca-d321d247502c;Updating Hubspot;
;;4cf099a8-6df8-4d70-a3eb-053cb48f9f1f;Encamp - Brand activation project;2026-01-30 17:34:47.883+00;2026-02-01 15:56:27.121+00;Deliverables;;delivered;delivered;[];1e49b8a7-eb5d-45c9-9bb8-172b7885cb9f;Update Migration - January pages;
;;292bf658-a285-4fdd-a6e5-d352a30347c9;Sedra Solutions - Marketing services;2025-11-26 22:02:56.544+00;2026-01-31 23:07:15.386+00;Deliverables;10;delivered;delivered;[];e7141fbb-ac00-4b82-8b57-18506d47f6a9;Develop social content (Fahad's Page - February);
;;292bf658-a285-4fdd-a6e5-d352a30347c9;Sedra Solutions - Marketing services;2025-12-31 18:11:26.716+00;2026-01-31 23:05:19.471+00;Deliverables;8;delivered;delivered;[];dd6d3034-2cc3-48a4-9e7d-9f99d57270b8;Manage paid media (January);
;;292bf658-a285-4fdd-a6e5-d352a30347c9;Sedra Solutions - Marketing services;2025-12-31 18:10:37.958+00;2026-01-31 23:04:03.034+00;Deliverables;5;delivered;delivered;[];0785d55d-4e08-4e63-ab64-0ce25aa23e24;Manage performance reporting (January);
;;292bf658-a285-4fdd-a6e5-d352a30347c9;Sedra Solutions - Marketing services;2025-12-31 18:10:45.385+00;2026-01-31 23:02:37.43+00;Deliverables;5;delivered;delivered;[];27414569-f516-4f6e-9006-784e17b4fbcc;Manage web (January);
;;292bf658-a285-4fdd-a6e5-d352a30347c9;Sedra Solutions - Marketing services;2025-12-31 18:11:42.48+00;2026-01-31 23:01:36.75+00;Deliverables;20;delivered;delivered;[];f234d513-7566-4fe7-906b-603f95619c75;Tech Stack (January);
;;292bf658-a285-4fdd-a6e5-d352a30347c9;Sedra Solutions - Marketing services;2026-01-30 19:34:09.782+00;2026-01-31 22:58:14.458+00;Deliverables;10;delivered;delivered;[];67c4a67c-3cd4-466b-bacf-92d54ab304c4;Manage ABM (January);
;;292bf658-a285-4fdd-a6e5-d352a30347c9;Sedra Solutions - Marketing services;2025-12-31 18:10:29.31+00;2026-01-31 22:56:39.433+00;Deliverables;10;delivered;delivered;[];c4264893-fc07-41e5-8397-fc6b4635551b;Facilitate Client Meetings (January);
;;ff2ef389-756d-4ece-b525-93fab32170d6;Planon - Marketing Services;2025-12-31 18:40:28.401+00;2026-01-31 22:55:09.698+00;Deliverables;5;delivered;delivered;[];75737da6-1843-42ed-8238-49ec793b2176;Manage performance reporting (January);
;;ff2ef389-756d-4ece-b525-93fab32170d6;Planon - Marketing Services;2025-12-31 18:40:17.275+00;2026-01-31 22:55:04.328+00;Deliverables;10;delivered;delivered;[];0b1b53d1-071b-4331-8fd5-87bb9623c217;Facilitate Client Meetings (January);
;;ff2ef389-756d-4ece-b525-93fab32170d6;Planon - Marketing Services;2025-12-31 18:24:45.806+00;2026-01-31 22:55:02.33+00;Deliverables;19;delivered;delivered;[];e9c8f1c7-8ac0-4393-830b-5cbf267ee39d;Tech Stack (January);
;;965b21f3-8748-420c-aaf3-b3fdcaa2f504;iCorps - Marketing Services;2026-01-05 19:57:12.17+00;2026-01-31 19:20:53.873+00;Deliverables;5;delivered;delivered;[];7432fa02-9239-444c-8c85-4ea72b8008c5;Manage SEO [January];
;;81a43ee4-a5a5-4852-a86b-4cbaf13bfeec;Tyfone - Content marketing services;2026-01-30 17:24:57.853+00;2026-01-31 07:12:23.443+00;Deliverables;0;archived;archived;[];c7fed122-3c28-4b99-be92-cd5969b21e16;Create speaking highlight video - Josh's NACUMA AI Presentation ;
;;bf57e936-b322-4b36-bf32-174d44c65e09;Verisk - Marketing services;2025-12-08 12:25:13.831+00;2026-01-31 05:52:01.941+00;Deliverables;5;delivered;delivered;[];16fc4113-b984-4fc6-b49f-dd6291655ecf;The Marketing Rapport - Compilation Episode (Deprioritized);
;;766143e6-ec3b-40c7-9ced-b22b48dad907;"FoxyAI - Creative; digital; web services";2026-01-31 00:11:05.629+00;2026-01-31 00:12:20.004+00;Deliverables;10.5;delivered;delivered;[];c472b1e9-2087-426b-ae7e-1ed7ce52fc14;Draft AIO Content Plan;
;;766143e6-ec3b-40c7-9ced-b22b48dad907;"FoxyAI - Creative; digital; web services";2026-01-31 00:10:08.714+00;2026-01-31 00:10:57.18+00;Deliverables;7;delivered;delivered;[];b453c70f-c780-45e2-8021-2da8ecd288ea;January Blog;
;;7f6de0fa-ebf7-473a-af2e-b82ac2f7b097;Ideometry;2026-01-26 16:53:47.769+00;2026-01-30 23:20:25.557+00;Deliverables;12;delivered;delivered;[];5fa05209-5f4b-4beb-8c6b-8e937eadc80a;Develop backend automation for ABM marketing survey ;
;;7f6de0fa-ebf7-473a-af2e-b82ac2f7b097;Ideometry;2025-12-27 23:58:37.783+00;2026-01-30 23:18:27.328+00;Deliverables;12;delivered;delivered;[];8d2a9cde-d350-4791-a4fa-c2e165da7d09;Develop web page - Marketing Assessment (ABM);
;;4cf099a8-6df8-4d70-a3eb-053cb48f9f1f;Encamp - Brand activation project;2026-01-30 16:44:04.673+00;2026-01-30 21:23:15.266+00;ToDos;;not_started;delivered;[];a44dcd97-a6cf-4950-936b-b0829681216a;Encamp Go-Live Punchlist;
;;766143e6-ec3b-40c7-9ced-b22b48dad907;"FoxyAI - Creative; digital; web services";2025-12-29 14:29:27.543+00;2026-01-30 20:09:45.095+00;Deliverables;5;delivered;delivered;[];6abaeb23-8c7e-43b8-b37e-c830086edcc6;Manage web - January;
;;cec48bff-a24c-43d2-a56e-4da7b806daf9;Ease - Podcast Services;2025-12-29 14:23:02.304+00;2026-01-30 20:09:33.44+00;ToDos;;not_started;delivered;[];19f4d83c-1513-427d-9307-e1acf9765f96;Weekly Client Management - (January);
;;ca141f89-32e5-42c5-8c4d-bb32dee9aef2;BioSafe - Marketing services;2026-01-27 21:33:30.931+00;2026-01-30 19:03:16.013+00;ToDos;;not_started;delivered;[];cb343135-17db-428b-9bbf-260ba0b71cc4;Get Familiar with client - Add Management tasks for February;
;;6a9f190a-9e44-4b24-8f1d-d82022950bb9;Agrippon - Marketing services;2026-01-05 20:11:49.555+00;2026-01-30 18:28:56.607+00;Deliverables;14;delivered;delivered;[];96cbbd19-767b-4c65-94df-13009f43eb00;Tech stack (January);
;;ca141f89-32e5-42c5-8c4d-bb32dee9aef2;BioSafe - Marketing services;2025-12-31 17:34:02.398+00;2026-01-30 17:44:15.583+00;Deliverables;8;delivered;delivered;[];a1c96cc9-7c86-406a-aa0d-cbacb2f2f888;Manage paid media (January);
;;ca141f89-32e5-42c5-8c4d-bb32dee9aef2;BioSafe - Marketing services;2025-12-31 17:42:58.294+00;2026-01-30 17:44:04.68+00;Deliverables;22;delivered;delivered;[];b13512a7-609b-41c5-a6eb-c31b9f5d00e7;Tech Stack (January);
;;ca141f89-32e5-42c5-8c4d-bb32dee9aef2;BioSafe - Marketing services;2025-12-31 17:39:54.439+00;2026-01-30 17:43:46.649+00;Deliverables;5;delivered;delivered;[];88d2c70a-3261-4e4f-bb39-8787b7428eb0;Manage SEO (January);
;;ca141f89-32e5-42c5-8c4d-bb32dee9aef2;BioSafe - Marketing services;2025-12-31 17:37:42.063+00;2026-01-30 17:43:24.411+00;Deliverables;5;delivered;delivered;[];936a73aa-0aac-443d-82e6-49902ba81133;Manage performance reporting (January);
;;ca141f89-32e5-42c5-8c4d-bb32dee9aef2;BioSafe - Marketing services;2025-12-31 17:35:44.257+00;2026-01-30 17:43:14.151+00;Deliverables;5;delivered;delivered;[];cef2b66f-a797-415b-8083-a26be6b9fe57;Manage web (January);
;;b1f3ae44-0316-492e-aef1-bb260b814482;Techmode - Marketing services;2026-01-13 21:55:04.37+00;2026-01-30 17:38:41.109+00;Deliverables;12;delivered;delivered;[];19abd666-ed77-426b-b511-2dc0de0f3e70;Develop web page - SMB;
;;52b3ee0f-cbad-4031-a387-79ecb54874fb;Aquatic Informatics - Ongoing Marketing Services;2025-12-29 19:58:25.651+00;2026-01-30 17:29:50.769+00;Deliverables;6;delivered;delivered;[];80b266f4-6f8d-4bb3-91d8-9bab0019213d;Tech stack - January;
;;52b3ee0f-cbad-4031-a387-79ecb54874fb;Aquatic Informatics - Ongoing Marketing Services;2026-01-02 15:25:07.386+00;2026-01-30 17:29:08.082+00;Deliverables;10;delivered;delivered;[];b1a6aca6-fe57-4dc3-bb18-f1110e294ad6;Facilitate Client Meetings - January;
;;6061d0c2-de11-40b9-8824-1ccd80a970d6;Global Shared Services - Marketing Services;2025-12-29 17:16:39.639+00;2026-01-30 17:26:37.352+00;Deliverables;5;delivered;delivered;[];03417303-6529-4196-b042-34c0fb0c0b1e;Manage SEO (January);
;;059db008-bde9-43e2-b5ea-2d8080194a92;"Ponce Bank - Creative; Digital; and Website Retainer";2025-12-30 15:38:27.677+00;2026-01-30 17:25:33.555+00;Deliverables;10;delivered;delivered;[];b29752b0-bf53-4044-9b58-e545e0f5f191;Facilitate Client Meetings - January;
;;292bf658-a285-4fdd-a6e5-d352a30347c9;Sedra Solutions - Marketing services;2026-01-12 22:44:56.341+00;2026-01-30 17:13:05.898+00;Deliverables;8;delivered;delivered;[];cf352b47-cd2d-49be-a566-4ee18feba1a1;Develop refreshed outreach sequence for ABM ;
;;6061d0c2-de11-40b9-8824-1ccd80a970d6;Global Shared Services - Marketing Services;2025-12-29 17:17:18.016+00;2026-01-30 17:05:15.13+00;Deliverables;10;delivered;delivered;[];21c91938-7b5e-4c61-8920-66b1048def05;Facilitate Client Meetings (January);
;;6061d0c2-de11-40b9-8824-1ccd80a970d6;Global Shared Services - Marketing Services;2025-12-29 17:16:02.013+00;2026-01-30 17:05:12.515+00;Deliverables;10;delivered;delivered;[];7a4dcc6d-3f7f-4c25-9b8f-38c5fdc2d98e;Manage ABM (January);
;;66a4318e-0698-422f-854d-3aeb4c4bd804;WeFixFreight - Marketing services;2025-12-30 13:43:31.701+00;2026-01-30 16:41:32.358+00;Deliverables;5;delivered;delivered;[];1ad5ba0b-fa3d-45a8-95e3-f9c8b7d9dfc5;Manage web - January;
;;3f032f15-833e-4d7d-9347-381febf6d953;PTO Exchange - Marketing Services;2025-12-29 16:22:30.181+00;2026-01-30 16:40:42.804+00;Deliverables;10;delivered;delivered;[];ad094f6e-d818-407d-8de7-879b624a4355;Facilitate Client Meetings - January;
;;3f032f15-833e-4d7d-9347-381febf6d953;PTO Exchange - Marketing Services;2025-12-29 16:02:06.875+00;2026-01-30 16:40:39.984+00;Deliverables;10;delivered;delivered;[];4073b7c0-4e7e-4b59-b419-80a0d584dac4;Manage ABM - January;
;;3f032f15-833e-4d7d-9347-381febf6d953;PTO Exchange - Marketing Services;2025-12-29 16:05:52.851+00;2026-01-30 16:40:37.412+00;Deliverables;8;delivered;delivered;[];fa106474-ffce-4f11-93a0-e8a2b2984a03;Manage paid media - January;
;;3f032f15-833e-4d7d-9347-381febf6d953;PTO Exchange - Marketing Services;2025-12-29 16:13:17.755+00;2026-01-30 16:40:26.265+00;Deliverables;21;delivered;delivered;[];8720b788-6afc-4bc1-b0ab-b9ce9014d66a;Tech stack - January;
;;66a4318e-0698-422f-854d-3aeb4c4bd804;WeFixFreight - Marketing services;2025-12-30 13:37:05.219+00;2026-01-30 16:40:21.697+00;Deliverables;5;delivered;delivered;[];b069dc1e-1f42-4f92-8eeb-46d5dc61727c;Tech stack - January;
;;66a4318e-0698-422f-854d-3aeb4c4bd804;WeFixFreight - Marketing services;2025-12-30 13:39:04.222+00;2026-01-30 16:40:18.732+00;Deliverables;8;delivered;delivered;[];c276e271-ab04-4aab-a8b8-ce512df936cb;Manage paid media - January;
;;66a4318e-0698-422f-854d-3aeb4c4bd804;WeFixFreight - Marketing services;2025-12-30 13:47:34.219+00;2026-01-30 16:40:16.517+00;Deliverables;5;delivered;delivered;[];387e5779-3b64-4290-bc18-447e7d5e90b3;Facilitate Client Meetings - January;
;;e7336694-2c40-4fcf-a7ef-4d0460f053c8;"Powerhouse Gym - Creative; digital; website services";2026-01-16 18:38:59.961+00;2026-01-30 16:40:04.87+00;Deliverables;4;delivered;delivered;[];3476310b-8b80-4a2f-a6f2-011b05c3b650;Manage paid media;
;;e7336694-2c40-4fcf-a7ef-4d0460f053c8;"Powerhouse Gym - Creative; digital; website services";2025-12-29 13:26:32.469+00;2026-01-30 16:39:53.125+00;Deliverables;2;delivered;delivered;[];01ce398b-b119-40e1-9e72-0e02d777b3f1;Facilitate Client Meetings - January;
;;66a4318e-0698-422f-854d-3aeb4c4bd804;WeFixFreight - Marketing services;2026-01-28 15:38:50.466+00;2026-01-30 16:39:45.621+00;Deliverables;5;delivered;delivered;[];1dba0c0d-d7ee-43f0-8573-50ccd3850ace;Manage performance reporting (January);
;;ec1251b4-8dd8-4f12-ba68-1e923a54c460;Hydrian - Marketing services;2025-08-29 00:07:49.826+00;2026-01-30 16:33:07.435+00;ToDos;;not_started;delivered;[];1f699fdd-4735-4b9f-b567-ae812b022afa;Provide feedback on email blast survey ideas;
;;ec1251b4-8dd8-4f12-ba68-1e923a54c460;Hydrian - Marketing services;2025-08-21 13:47:33.631+00;2026-01-30 16:33:03.156+00;ToDos;;not_started;delivered;[];858c4933-7b8f-44b2-b97d-e4fffb8f0b77;Provide feedback on September newsletter for non-clients (list + platform);
;;6061d0c2-de11-40b9-8824-1ccd80a970d6;Global Shared Services - Marketing Services;2025-12-29 17:45:05.612+00;2026-01-30 14:37:25.199+00;Deliverables;15;delivered;delivered;[];463d5f01-9868-4470-bc77-4cac1448ce53;Tech stack (January);
;;6061d0c2-de11-40b9-8824-1ccd80a970d6;Global Shared Services - Marketing Services;2025-12-29 17:19:29.621+00;2026-01-30 14:36:05.8+00;Deliverables;5;delivered;delivered;[];2b73783d-6a17-4e06-abae-fe2bef86af6b;Manage web (January);
;;059db008-bde9-43e2-b5ea-2d8080194a92;"Ponce Bank - Creative; Digital; and Website Retainer";2025-12-01 02:08:15.639+00;2026-01-30 14:35:32.115+00;Deliverables;21;delivered;delivered;[];d948e0a4-7ace-4b9b-adc5-963be7da3c15;Build & Integration: Develop data model and custom fields;
;;ec1251b4-8dd8-4f12-ba68-1e923a54c460;Hydrian - Marketing services;2025-12-31 17:44:50.849+00;2026-01-30 14:35:01.923+00;Deliverables;8;delivered;delivered;[];b5f50f40-a68f-4dac-a080-20fd01f22e1d;Manage paid media (January);
;;a3899b64-d779-4aee-afbb-d43e2125ccf8;VITAL - Marketing services;2026-01-26 16:18:26.227+00;2026-01-30 14:24:07.698+00;Deliverables;10;delivered;delivered;[];0e81c258-c8f0-400f-be46-b1c7ab4b8063;86dzevp7q - VITAL - The Flywheel Effect - Ronald Beckner;
;;db0afec5-85bc-41b0-8c0f-79b368eb3b16;Rugged Robotics - Marketing services;2026-01-28 23:15:00.842+00;2026-01-30 14:17:50.83+00;ToDos;;not_started;delivered;[];4a41ec81-d531-4d59-9f41-1e12022ba090;Compile list of all marketing leads;1800000
;;bf57e936-b322-4b36-bf32-174d44c65e09;Verisk - Marketing services;2025-12-26 11:57:42.884+00;2026-01-30 14:16:50.27+00;Deliverables;10;delivered;delivered;[];b6494681-4e9a-43f5-9b03-dc051b3a8bf5;Facilitate Client Meetings (January);
;;b1f3ae44-0316-492e-aef1-bb260b814482;Techmode - Marketing services;2025-12-29 14:53:10.672+00;2026-01-30 13:52:34.637+00;Deliverables;5;delivered;delivered;[];7d7a03ff-d24c-4ffa-a74e-2034a3b9e6d5;Manage web (January);
;;72cdc11e-fd4f-4d90-8688-1fc1484de2b0;Kersten Talent Capital - Aligned Growth Engine Ongoing Services;2025-12-04 22:47:21.895+00;2026-01-30 13:51:15.417+00;Deliverables;10;delivered;delivered;[];5757301d-2a50-4bdc-8538-0a9410734da0;Facilitate Client Meetings - January;
;;c8bd9166-2a8e-4824-9bbb-304f1d8ce014;Numeric - Podcast services;2025-12-31 18:00:18.932+00;2026-01-30 13:50:59.617+00;Deliverables;6;delivered;delivered;[];7991327d-956f-4088-97e9-8d3463e3ca69;Update Accounting Careers Board (January);
;;1194e57c-a4a6-4e1e-bac3-83c4ff3c4ad7;Gallagher & Mohan - Ongoing Marketing Services - Post AGE;2026-01-05 20:43:21.176+00;2026-01-30 03:36:32.084+00;Deliverables;7;delivered;delivered;[];f923366a-4002-4b78-a4a4-279971a40e9f;Tech stack [January];
;;e50afe94-037e-49d6-8f2e-8c05ac7e3294;Data Assessment Solutions - Ongoing Marketing Services;2026-01-05 21:19:52.444+00;2026-01-30 03:11:25.173+00;Deliverables;10;delivered;delivered;[];4e7cd7ea-8cb1-430a-8e19-f7994a109dec;Facilitate Client Meetings [January];
;;e50afe94-037e-49d6-8f2e-8c05ac7e3294;Data Assessment Solutions - Ongoing Marketing Services;2026-01-05 21:14:34.168+00;2026-01-30 03:11:18.956+00;Deliverables;10;delivered;delivered;[];25789360-3a5d-4a22-a0d1-cf0f1f2a3b16;Manage ABM [January];
;;e50afe94-037e-49d6-8f2e-8c05ac7e3294;Data Assessment Solutions - Ongoing Marketing Services;2026-01-05 21:13:47.823+00;2026-01-30 03:11:13.877+00;Deliverables;16;delivered;delivered;[];ddf7ffd8-8410-4390-99eb-c948aed27195;Tech stack [January];
;;6a9f190a-9e44-4b24-8f1d-d82022950bb9;Agrippon - Marketing services;2026-01-05 20:24:04.277+00;2026-01-30 03:10:47.203+00;Deliverables;5;delivered;delivered;[];f7a30d8a-7ac2-4707-8fd3-721d08c0f5f9;Manage performance reporting (January);
;;6a9f190a-9e44-4b24-8f1d-d82022950bb9;Agrippon - Marketing services;2026-01-05 20:21:22.446+00;2026-01-30 03:10:40.861+00;Deliverables;8;delivered;delivered;[];0a2df66c-4567-445c-9b6a-c1f9f3f20543;Manage paid media (January);
;;6a9f190a-9e44-4b24-8f1d-d82022950bb9;Agrippon - Marketing services;2026-01-05 20:20:29.084+00;2026-01-30 03:10:34.325+00;Deliverables;10;delivered;delivered;[];9db9ef4d-d391-46cc-b371-8e12e0d8bd94;Facilitate Client Meetings (January);
;;6a9f190a-9e44-4b24-8f1d-d82022950bb9;Agrippon - Marketing services;2026-01-05 20:12:28.358+00;2026-01-30 03:10:26.688+00;Deliverables;10;delivered;delivered;[];82259604-1d78-4e35-bf12-1d516b160395;Manage ABM (January);
;;db0afec5-85bc-41b0-8c0f-79b368eb3b16;Rugged Robotics - Marketing services;2026-01-05 21:07:13.072+00;2026-01-30 03:09:54.575+00;Deliverables;8;delivered;delivered;[];19f0ce59-fb84-4fca-a546-ce770f47a441;Manage paid media [January];
;;db0afec5-85bc-41b0-8c0f-79b368eb3b16;Rugged Robotics - Marketing services;2026-01-05 21:05:19.887+00;2026-01-30 03:09:46.459+00;Deliverables;5;delivered;delivered;[];351563a0-6614-463c-9b39-94e84a8fabbe;Manage web [January];
;;db0afec5-85bc-41b0-8c0f-79b368eb3b16;Rugged Robotics - Marketing services;2026-01-05 21:04:16.698+00;2026-01-30 03:09:37.942+00;Deliverables;10;delivered;delivered;[];46287159-8659-46c4-aa71-f87dedbee497;Tech stack [January];
;;1194e57c-a4a6-4e1e-bac3-83c4ff3c4ad7;Gallagher & Mohan - Ongoing Marketing Services - Post AGE;2025-12-18 03:22:28.713+00;2026-01-30 03:09:23.618+00;Deliverables;10;delivered;delivered;[];ca9e654e-2dd1-4814-ad2f-bffbd1d296e7;Facilitate Client Meetings [January];
;;ade9bb8a-fde3-4756-a63e-11ce7f227292;Ricoh - Marketing services;2026-01-05 20:08:01.636+00;2026-01-30 03:09:01.027+00;Deliverables;5;delivered;delivered;[];318183ca-bf39-4b6a-98ff-d2a7f6d92ff9;Manage web [January];
;;ade9bb8a-fde3-4756-a63e-11ce7f227292;Ricoh - Marketing services;2026-01-05 20:06:38.657+00;2026-01-30 03:08:46.563+00;Deliverables;10;delivered;delivered;[];5832a2e2-7e82-4567-8893-08a5a97bb092;Facilitate Client Meetings [January];
;;ade9bb8a-fde3-4756-a63e-11ce7f227292;Ricoh - Marketing services;2026-01-05 20:05:58.851+00;2026-01-30 03:08:40.839+00;Deliverables;5;delivered;delivered;[];d54c0c36-5a2a-450e-92be-5ed6aff3d0be;Tech stack [January];
;;965b21f3-8748-420c-aaf3-b3fdcaa2f504;iCorps - Marketing Services;2026-01-05 20:00:43.911+00;2026-01-30 03:08:35.534+00;Deliverables;10;delivered;delivered;[];6db0989c-4927-4789-9fda-2cea5cfce505;Manage ABM [January];
;;965b21f3-8748-420c-aaf3-b3fdcaa2f504;iCorps - Marketing Services;2026-01-05 19:58:55.245+00;2026-01-30 03:08:25.54+00;Deliverables;8;delivered;delivered;[];f1c7a99a-cc90-4b2f-805b-37b7d70ee0be;Manage paid media [January];
;;965b21f3-8748-420c-aaf3-b3fdcaa2f504;iCorps - Marketing Services;2026-01-05 19:56:17.785+00;2026-01-30 03:08:13.31+00;Deliverables;10;delivered;delivered;[];d14587ff-fcc1-489e-9360-efd80f7ca6f0;Facilitate Client Meetings [January];
;;965b21f3-8748-420c-aaf3-b3fdcaa2f504;iCorps - Marketing Services;2026-01-05 19:53:53.75+00;2026-01-30 03:08:07.749+00;Deliverables;5;delivered;delivered;[];92bcb73a-9a26-491d-9128-ce2ee7ccbc33;Manage performance reporting [January];
;;965b21f3-8748-420c-aaf3-b3fdcaa2f504;iCorps - Marketing Services;2026-01-05 19:50:42.338+00;2026-01-30 03:08:01.205+00;Deliverables;5;delivered;delivered;[];09d8d826-3c0c-4d47-a4d9-da80a736a508;Manage web [January];
;;965b21f3-8748-420c-aaf3-b3fdcaa2f504;iCorps - Marketing Services;2026-01-05 19:50:00.525+00;2026-01-30 03:07:50.862+00;Deliverables;16;delivered;delivered;[];4a28d960-33c8-4729-b78b-455cd5000b6b;Tech stack [January];
;;db0afec5-85bc-41b0-8c0f-79b368eb3b16;Rugged Robotics - Marketing services;2026-01-07 12:30:09.286+00;2026-01-30 03:07:37.073+00;Deliverables;10;delivered;delivered;[];10f4bbda-1e6a-4ea2-8bbd-fbbcf1dd8319;Facilitate Client Meetings [January];
;;db0afec5-85bc-41b0-8c0f-79b368eb3b16;Rugged Robotics - Marketing services;2026-01-07 12:29:39.008+00;2026-01-30 03:07:23.695+00;Deliverables;5;delivered;delivered;[];c0c08676-2d44-49ec-86d5-464463cb329b;Manage performance reporting [January];
;;db0afec5-85bc-41b0-8c0f-79b368eb3b16;Rugged Robotics - Marketing services;2026-01-07 12:29:12.521+00;2026-01-30 03:07:12.986+00;Deliverables;10;delivered;delivered;[];696ef70a-9b5b-47e5-80b3-f993147b168a;Manage ABM [January];
;;3f032f15-833e-4d7d-9347-381febf6d953;PTO Exchange - Marketing Services;2026-01-29 22:30:54.821+00;2026-01-30 02:57:50.76+00;ToDos;;not_started;delivered;[];e0989712-c3a6-4427-a5ad-8caafb88a46c;Create proposed website sitemap / navigation;
;;059db008-bde9-43e2-b5ea-2d8080194a92;"Ponce Bank - Creative; Digital; and Website Retainer";2026-01-26 14:52:58.884+00;2026-01-30 01:49:30.355+00;ToDos;;not_started;delivered;[];662c0749-ff96-4854-8e44-d00c41766d25;Follow up on google ads issue;
;;c8bd9166-2a8e-4824-9bbb-304f1d8ce014;Numeric - Podcast services;2026-01-27 21:34:11.362+00;2026-01-29 22:47:00.86+00;ToDos;;not_started;delivered;[];bc621f72-6516-461a-9398-119302671b26;Get Familiar with client;
;;72cdc11e-fd4f-4d90-8688-1fc1484de2b0;Kersten Talent Capital - Aligned Growth Engine Ongoing Services;2026-01-23 13:41:52.354+00;2026-01-29 22:46:51.57+00;ToDos;;not_started;delivered;[];e4987afe-53ac-4b84-ab81-e7855c1dce7f;Voiceover options for the show;
;;72cdc11e-fd4f-4d90-8688-1fc1484de2b0;Kersten Talent Capital - Aligned Growth Engine Ongoing Services;2026-01-23 13:41:18.63+00;2026-01-29 22:46:49.279+00;ToDos;;not_started;delivered;[];2145454b-b2bd-4909-8689-fa36ba8d32bb;Background music for the show;
;;c8bd9166-2a8e-4824-9bbb-304f1d8ce014;Numeric - Podcast services;2025-12-31 18:00:39.302+00;2026-01-29 22:43:58.532+00;Deliverables;6;delivered;delivered;[];b0434bfb-9882-4830-8e49-d032a8d0c4c8;Tech Stack (January);
;;4cf099a8-6df8-4d70-a3eb-053cb48f9f1f;Encamp - Brand activation project;2026-01-22 19:17:48.994+00;2026-01-29 22:42:41.782+00;Deliverables;;delivered;delivered;[];d8150b1c-6351-4822-83b5-371d12f18bf3;Resolve All Feedback and QA;
;;c8bd9166-2a8e-4824-9bbb-304f1d8ce014;Numeric - Podcast services;2026-01-12 22:20:42.6+00;2026-01-29 22:33:25.129+00;Deliverables;5;delivered;delivered;[];25e57d9f-4fb2-4106-8457-e1c935df4864;Facilitate Bi-Weekly Meetings;
;;c8bd9166-2a8e-4824-9bbb-304f1d8ce014;Numeric - Podcast services;2025-12-31 17:58:59.616+00;2026-01-29 22:32:35.438+00;Deliverables;5;delivered;delivered;[];927fd616-4461-4152-924c-4d6c21c1ef79;Manage SEO (January);
;;4cf099a8-6df8-4d70-a3eb-053cb48f9f1f;Encamp - Brand activation project;2026-01-16 15:08:49.561+00;2026-01-29 21:41:30.22+00;Deliverables;12;delivered;delivered;[];a38a4c7a-aabe-4ee7-a0b0-060a97e9973f;Develop web page - 404 Page;
;;3f032f15-833e-4d7d-9347-381febf6d953;PTO Exchange - Marketing Services;2026-01-29 21:38:43.044+00;2026-01-29 21:38:57.914+00;ToDos;;not_started;delivered;[];e9ffcaba-ab07-4f07-8285-acca15954fe7;HubSpot vs Other CMS: Recommendation Summary;
;;33d9714a-29e6-4a57-b278-871924fd7d36;Magnalign - Video Project Bundle;2026-01-27 21:31:20.923+00;2026-01-29 19:08:46.522+00;ToDos;;not_started;delivered;[];5f32fae0-951b-4367-adb6-d7590a6d7e3f;Prep a recap before call with client;
;;e1806059-d852-4791-a782-6ecb81e2343c;"Cybernetix - Creative; digital; website services";2026-01-22 22:57:26.15+00;2026-01-29 18:44:49.044+00;Deliverables;10;delivered;delivered;[];10123b52-fc05-4ab6-877f-fe46fd7a9eca;Update Robotics Invest Website (Placeholders & Dates);
;;68a3f3dd-323f-42cb-bade-55dd8454c49f;Inside Tracker - Podcast services;2025-12-29 14:33:53.951+00;2026-01-29 18:40:10.851+00;Deliverables;5;delivered;delivered;[];bf37da99-b931-407f-a7f3-77dd5740f94f;Facilitate Client Meetings - (January);
;;1d01a92d-8acf-44a9-ba25-535d596dab53;NEACH - Content marketing services;2025-12-26 11:58:24.266+00;2026-01-29 18:35:05.457+00;Deliverables;5;delivered;delivered;[];ea123ad0-5990-4c8d-a40f-07f1cebd274c;Facilitate Client Meetings (January);
;;bf57e936-b322-4b36-bf32-174d44c65e09;Verisk - Marketing services;2025-12-24 18:48:52.857+00;2026-01-29 18:24:37.178+00;Deliverables;3;delivered;delivered;[];d6bd1f6b-bc0d-47ce-baf6-2f390c0dc559;Distribute episode - Pat Sullivan;
;;ec1251b4-8dd8-4f12-ba68-1e923a54c460;Hydrian - Marketing services;2025-12-10 16:47:27.006+00;2026-01-29 18:00:11.877+00;Deliverables;5;delivered;delivered;[];448336a4-4098-4eea-b0d7-4b5099632db0;Develop & launch January newsletter;
;;833f1003-bf16-434b-afab-a705072e5eef;Bazaarvoice - Content marketing services;2026-01-29 14:42:31.11+00;2026-01-29 17:43:28.298+00;ToDos;;not_started;delivered;[];aebde7bf-72ea-40b0-8d29-29130cd974c2;Grid use case for email sequences;7200000
;;6061d0c2-de11-40b9-8824-1ccd80a970d6;Global Shared Services - Marketing Services;2025-12-29 17:17:48.722+00;2026-01-29 17:43:24.383+00;Deliverables;8;delivered;delivered;[];f377464f-17e8-480f-85f3-eaaaa50c7e74;Create & send newsletter - The Restaurants’ Cash Playbook 2026;
;;965b21f3-8748-420c-aaf3-b3fdcaa2f504;iCorps - Marketing Services;2026-01-27 18:13:06.123+00;2026-01-29 16:37:34.732+00;ToDos;;not_started;delivered;[];ac860a80-3c1f-4ab3-af44-a9143ed06f9f;Update landing page: Microsoft Copilot Consulting;2580000
;;ec1251b4-8dd8-4f12-ba68-1e923a54c460;Hydrian - Marketing services;2025-12-31 17:45:02.379+00;2026-01-29 15:31:22.672+00;Deliverables;5;delivered;delivered;[];bdc9c081-8332-4cea-895d-774b4ed04139;Manage web (January);
;;7f6de0fa-ebf7-473a-af2e-b82ac2f7b097;Ideometry;2025-12-30 03:47:59.798+00;2026-01-29 15:30:55.592+00;Deliverables;15;delivered;delivered;[];73562a33-515e-47ab-9ae3-2af87b88cf4e;Launch website - Ideometry;
;;3f032f15-833e-4d7d-9347-381febf6d953;PTO Exchange - Marketing Services;2026-01-21 00:03:24.323+00;2026-01-29 14:46:25.731+00;Deliverables;8;delivered;delivered;[];150fedce-b264-41a3-aac4-fa7f746e4bee;Develop an infographic [ABM: Healthcare – Burnout Prevention];
;;3f032f15-833e-4d7d-9347-381febf6d953;PTO Exchange - Marketing Services;2026-01-20 23:56:38.756+00;2026-01-29 14:46:16.037+00;Deliverables;8;delivered;delivered;[];4ab38157-f173-46ac-bc08-5f2022a2fce5;Develop an infographic [ABM: The Multi-Generational Benefits Gap Map];
;;72cdc11e-fd4f-4d90-8688-1fc1484de2b0;Kersten Talent Capital - Aligned Growth Engine Ongoing Services;2026-01-13 19:44:51.926+00;2026-01-29 14:16:59.132+00;Deliverables;5;delivered;delivered;[];67a37d71-f73b-43db-b445-1ddb1cfd7b11;Michael's Linkedin Profile;
;;cec48bff-a24c-43d2-a56e-4da7b806daf9;Ease - Podcast Services;2026-01-14 13:40:20.487+00;2026-01-29 14:05:06.1+00;Deliverables;8;delivered;delivered;[];e99b9a4a-ccaa-41d8-a146-e27f6c3789bf;Manage guest booking services (January);
;;cec48bff-a24c-43d2-a56e-4da7b806daf9;Ease - Podcast Services;2025-12-29 14:18:41.274+00;2026-01-29 14:05:01.62+00;Deliverables;10;delivered;delivered;[];9928aaad-a9b7-4e55-b2c6-ea016d580be1;Facilitate Client Meetings - (January);
;;8e4bcd63-cf2d-4673-9b05-78bac6fa4657;Wilburn - Content marketing services;2025-11-28 15:23:29.3+00;2026-01-29 13:57:43.781+00;Deliverables;5;delivered;delivered;[];a16662ef-3017-4135-8229-c9245d085825;Manage web (January);
;;deb20e29-45f3-4095-ae7e-8952961b9806;Rod Miller - Content marketing services;2025-12-29 14:44:29.164+00;2026-01-29 13:56:42.6+00;Deliverables;5;delivered;delivered;[];bee52d43-d213-4e57-87a9-7ee30cb76c61;Manage web (January);
;;6a9f190a-9e44-4b24-8f1d-d82022950bb9;Agrippon - Marketing services;2026-01-26 14:40:26.842+00;2026-01-29 13:24:13.778+00;ToDos;;not_started;delivered;[];383f5113-5054-4c2e-852c-55aca271f14b;Update website landing pages (Tier Offers);4500000
;;3b39d1e2-cf4e-41b0-942a-7cb3d536b84b;Rezku POS - Aligned Growth Engine Launch;2026-01-21 03:31:44.228+00;2026-01-29 04:14:11.837+00;ToDos;;not_started;delivered;[];6cb8a43f-43ba-4c71-87e0-55cb04b61997;Review Rezku export;
;;1194e57c-a4a6-4e1e-bac3-83c4ff3c4ad7;Gallagher & Mohan - Ongoing Marketing Services - Post AGE;2025-12-18 03:06:13.717+00;2026-01-29 04:09:29.134+00;Deliverables;30;delivered;delivered;[];0ec48fc1-92cc-45da-aa57-29fe2791a8f4;Develop ABM Plan Document;
;;3b39d1e2-cf4e-41b0-942a-7cb3d536b84b;Rezku POS - Aligned Growth Engine Launch;2026-01-08 05:08:18.313+00;2026-01-29 03:39:25.043+00;Deliverables;40;delivered;delivered;[];4a07a5e5-5d93-4638-a8a1-be1ccc68a0d7;Develop Marketing Roadmap Document;
;;e50afe94-037e-49d6-8f2e-8c05ac7e3294;Data Assessment Solutions - Ongoing Marketing Services;2026-01-20 20:38:45.406+00;2026-01-29 03:38:57.861+00;ToDos;;not_started;delivered;[];ff52e734-28d7-4d05-8387-3b1c5515378b;ABM Offer: Create structure of 'Industry Benchmark';
;;766143e6-ec3b-40c7-9ced-b22b48dad907;"FoxyAI - Creative; digital; web services";2026-01-14 18:07:59.783+00;2026-01-29 03:30:19.537+00;ToDos;;not_started;delivered;[];1d11e9e0-e02c-4ac4-834e-fd8972639d23;Spec out and update designs/contract/events;
;;bfd6c756-8746-4619-be60-cba08836b1a9;New North;2025-11-25 16:51:40.921+00;2026-01-28 22:54:02.59+00;Deliverables;5;delivered;delivered;[];1c07bd47-e0af-4f2d-9541-483766d4a163;Manage web (January);
;;bfd6c756-8746-4619-be60-cba08836b1a9;New North;2025-12-23 11:55:18.964+00;2026-01-28 22:53:56.47+00;Deliverables;8;delivered;delivered;[];95f80aa4-6ccc-4806-80df-d09297d11178;Manage paid media (January);
;;ec1251b4-8dd8-4f12-ba68-1e923a54c460;Hydrian - Marketing services;2025-12-31 17:56:15.602+00;2026-01-28 22:22:22.737+00;Deliverables;24;delivered;delivered;[];4160a2f3-dedb-432e-a4d5-589a45f29a70;Tech Stack (January);
;;ec1251b4-8dd8-4f12-ba68-1e923a54c460;Hydrian - Marketing services;2025-12-31 17:44:39.642+00;2026-01-28 22:19:45.922+00;Deliverables;8;delivered;delivered;[];557d2919-c32b-46b4-afd6-172d5d7fb8d5;Manage social (January);
;;ec1251b4-8dd8-4f12-ba68-1e923a54c460;Hydrian - Marketing services;2025-12-31 17:44:24.971+00;2026-01-28 22:13:28.174+00;Deliverables;5;delivered;delivered;[];0fbff5ad-698b-4107-8993-9ba0e415ee23;Manage performance reporting (January);
;;ec1251b4-8dd8-4f12-ba68-1e923a54c460;Hydrian - Marketing services;2025-12-31 17:44:15.984+00;2026-01-28 22:10:26.416+00;Deliverables;10;delivered;delivered;[];d832c080-53cb-4402-a7a3-c5b4078b6f01;Facilitate Client Meetings (January);
;;db0afec5-85bc-41b0-8c0f-79b368eb3b16;Rugged Robotics - Marketing services;2026-01-21 19:56:36.648+00;2026-01-28 22:03:47.647+00;ToDos;;not_started;delivered;[];33cc2da1-c502-4966-adcc-af9b0218ba54;Review updated design: case study landing page;
;;db0afec5-85bc-41b0-8c0f-79b368eb3b16;Rugged Robotics - Marketing services;2025-12-17 03:45:36.788+00;2026-01-28 21:45:46.7+00;ToDos;;not_started;delivered;[];1ccf2f7a-4cf9-48d9-9199-e52233765f19;Finalize ABM Configuration Guide;2921444
;;4cf099a8-6df8-4d70-a3eb-053cb48f9f1f;Encamp - Brand activation project;2026-01-16 18:01:38.698+00;2026-01-28 21:23:19.365+00;Deliverables;;delivered;delivered;[];8f45b30f-1b7a-4965-b184-285837d76dac;Redesign Background;
;;4cf099a8-6df8-4d70-a3eb-053cb48f9f1f;Encamp - Brand activation project;2026-01-16 15:17:50.743+00;2026-01-28 21:22:54.621+00;Deliverables;;delivered;delivered;[];88d54f7b-032b-42d1-9879-d3effe47226a;Update Webpages;
;;a3899b64-d779-4aee-afbb-d43e2125ccf8;VITAL - Marketing services;2025-12-18 14:16:06.949+00;2026-01-28 19:40:59.11+00;Deliverables;8;delivered;delivered;[];5839f8ec-1072-4a82-bf0e-57d5a8e66c4e;Manage social (January);
;;7dff3524-f86a-490e-8bf6-280ac7251360;Aquatic Informatics - Additional Q4 Marketing Services Support;2026-01-14 19:12:34.934+00;2026-01-28 18:09:18.353+00;Deliverables;12;delivered;delivered;[];02b79e7f-8c9b-4eec-b560-0e3c2ea100cc;HubSpot lead scoring;
;;52b3ee0f-cbad-4031-a387-79ecb54874fb;Aquatic Informatics - Ongoing Marketing Services;2025-10-30 03:05:12.432+00;2026-01-28 18:09:00.924+00;Deliverables;40;delivered;delivered;[];6f66e381-ebc8-4c80-90d4-1d6d4dcf57de;Set up SFDC sync;
;;ade9bb8a-fde3-4756-a63e-11ce7f227292;Ricoh - Marketing services;2026-01-09 19:31:38.904+00;2026-01-28 17:09:24.5+00;Deliverables;10;delivered;delivered;[];4f5e0c6a-b98a-4f3f-b095-fa34ddb73839;Develop designs [Inkjet Designs];
;;bfd6c756-8746-4619-be60-cba08836b1a9;New North;2026-01-28 12:59:46.574+00;2026-01-28 15:38:10.961+00;ToDos;;not_started;delivered;[];a01fb3c3-8c48-4eef-878e-ca8322d822fc;Fix Header in NN Website;600000
;;833f1003-bf16-434b-afab-a705072e5eef;Bazaarvoice - Content marketing services;2026-01-27 15:00:47.339+00;2026-01-28 15:16:42.944+00;Deliverables;0;archived;archived;[];8ac9bcc9-1470-4881-956d-c8f313d135b3;Develop web page - Landing page for Bazaarvoice Summit playbook;
;;8e4bcd63-cf2d-4673-9b05-78bac6fa4657;Wilburn - Content marketing services;2026-01-28 09:29:43.697+00;2026-01-28 09:37:14.136+00;Deliverables;2;delivered;delivered;[];6b18034a-15f5-41ad-8860-f47fbe3841bb;Website Hosting (January);
;;81a43ee4-a5a5-4852-a86b-4cbaf13bfeec;Tyfone - Content marketing services;2025-12-26 11:58:04.732+00;2026-01-28 09:24:45.608+00;Deliverables;5;delivered;delivered;[];7105ad8a-d441-48d9-ae49-faac680902b9;Facilitate Client Meetings;
;;1d01a92d-8acf-44a9-ba25-535d596dab53;NEACH - Content marketing services;2025-07-15 19:35:33.974+00;2026-01-28 08:42:49.01+00;Deliverables;0;archived;archived;[];d66a6fb7-3fcb-4bd2-a337-b42e9862d43c;NEACH - Wrestling Payments - video podcast episode [Place Holder];
;;1d01a92d-8acf-44a9-ba25-535d596dab53;NEACH - Content marketing services;2025-07-15 19:34:50.205+00;2026-01-28 08:42:47.161+00;Deliverables;0;archived;archived;[];dbccb7cd-9b26-4c67-a6f0-40ba1e50a3ec;NEACH - Wrestling Payments - video podcast episode [Place Holder];
;;18194a27-f4fd-4f8a-b974-7e8dcaea1d46;Syncro - Content marketing services;2025-05-19 20:46:58.485+00;2026-01-28 08:41:50.647+00;Deliverables;0;archived;archived;[];30365a3d-ab3c-4934-b5ac-e3e0eef865e8;Develop episode for a series [Place Holder];
;;18194a27-f4fd-4f8a-b974-7e8dcaea1d46;Syncro - Content marketing services;2025-07-01 20:35:29.757+00;2026-01-28 08:41:48.56+00;Deliverables;0;archived;archived;[];972f43af-2c4d-407e-bb12-5388922a9a6c;Develop episode for a series [Place Holder];
;;81a43ee4-a5a5-4852-a86b-4cbaf13bfeec;Tyfone - Content marketing services;2025-07-01 20:36:01.489+00;2026-01-28 08:40:56.978+00;Deliverables;0;archived;archived;[];3c4b1779-ddbe-4faf-9da8-96ed8edc4187;Develop episode for a series [Placeholder];
;;81a43ee4-a5a5-4852-a86b-4cbaf13bfeec;Tyfone - Content marketing services;2025-05-28 17:25:00.364+00;2026-01-28 08:40:54.934+00;Deliverables;0;archived;archived;[];e2ad0c10-bd00-4c57-bb5b-605196b0574d;Develop episode for a series [Placeholder];
;;bf57e936-b322-4b36-bf32-174d44c65e09;Verisk - Marketing services;2025-06-23 20:51:37.514+00;2026-01-28 08:39:31.031+00;Deliverables;0;archived;archived;[];c1fe86cf-bbdb-459f-b2e6-c7cd769934d1;Develop Episode for Podcast (Placeholder);
;;bf57e936-b322-4b36-bf32-174d44c65e09;Verisk - Marketing services;2025-05-28 21:12:13.401+00;2026-01-28 08:39:29.026+00;Deliverables;0;archived;archived;[];af3e01b4-e28f-4acb-bf40-4d90b9266ae3;Develop Episode for Podcast (Placeholder);
;;a3899b64-d779-4aee-afbb-d43e2125ccf8;VITAL - Marketing services;2025-05-28 21:14:08.89+00;2026-01-28 08:38:57.03+00;Deliverables;0;archived;archived;[];d69a4f2e-a4df-4e8d-830c-7511db6591f3;Develop Episode for Podcast [Placeholder];
;;a3899b64-d779-4aee-afbb-d43e2125ccf8;VITAL - Marketing services;2025-05-28 21:13:58.758+00;2026-01-28 08:38:54.327+00;Deliverables;0;archived;archived;[];cdbf6553-9821-48d8-90f1-9ad6d2436db1;Develop Episode for Podcast [Placeholder];
;;68a3f3dd-323f-42cb-bade-55dd8454c49f;Inside Tracker - Podcast services;2025-06-02 20:31:02.485+00;2026-01-28 08:38:12.094+00;Deliverables;0;archived;archived;[];e5f58fe1-7423-44fa-b350-c65ac550363d;InsideTracker - Longevity by Design - video podcast episode [PLACEHOLDER];
;;8e4bcd63-cf2d-4673-9b05-78bac6fa4657;Wilburn - Content marketing services;2026-01-18 10:29:31.78+00;2026-01-28 08:34:19.369+00;Deliverables;0;delivered;delivered;[];76922851-b0eb-4ea8-989a-d21884d3c6e0;Develop SEO blog post - Government Building Cleaning (deprioritized);
;;bf57e936-b322-4b36-bf32-174d44c65e09;Verisk - Marketing services;2025-12-26 12:26:48.079+00;2026-01-28 08:23:07.497+00;Deliverables;8;delivered;delivered;[];09a1820c-bf47-421c-a582-c88d6cc244e5;Manage paid media (January);
;;a3899b64-d779-4aee-afbb-d43e2125ccf8;VITAL - Marketing services;2025-12-26 12:27:45.646+00;2026-01-28 06:57:18.932+00;Deliverables;5;delivered;delivered;[];58706c83-11d1-4da6-a6c4-54bf54921779;Manage web (January);
;;75b32155-1255-4d17-b437-152e300521a0;ThreatMark - Marketing services;2026-01-27 17:38:45.342+00;2026-01-28 05:03:24.139+00;ToDos;;not_started;delivered;[];a2e8ed44-b85b-4e4a-8325-312582442afd;Hubspot elements for FDE whitepaper;
;;1194e57c-a4a6-4e1e-bac3-83c4ff3c4ad7;Gallagher & Mohan - Ongoing Marketing Services - Post AGE;2026-01-26 19:04:16.206+00;2026-01-28 01:54:44.693+00;ToDos;;not_started;delivered;[];9d184fec-ceb7-47c2-9d37-d81fe23e5f37;Develop ABM Offer Ideas;
;;b1f3ae44-0316-492e-aef1-bb260b814482;Techmode - Marketing services;2025-12-29 14:53:32.053+00;2026-01-27 22:30:38.417+00;Deliverables;10;delivered;delivered;[];e29d5af8-abe3-4da1-866f-d8acc098d034;Facilitate Client Meetings (January);
;;75b32155-1255-4d17-b437-152e300521a0;ThreatMark - Marketing services;2026-01-22 20:10:55.107+00;2026-01-27 20:38:52.088+00;Deliverables;5;delivered;delivered;[];cb7802e3-667b-4c3e-a78d-a71fdf32b001;Develop simple newsletter template;
;;ca141f89-32e5-42c5-8c4d-bb32dee9aef2;BioSafe - Marketing services;2025-09-03 22:23:56.048+00;2026-01-27 18:29:18.229+00;ToDos;;not_started;delivered;[];afbfc919-c138-471a-a22a-c0b27da2daca;Provide feedback on new social designs;
;;ca141f89-32e5-42c5-8c4d-bb32dee9aef2;BioSafe - Marketing services;2025-09-05 18:54:37.958+00;2026-01-27 18:29:10.978+00;ToDos;;not_started;delivered;[];2b3d18ca-7217-4bcb-b1f1-958a53f2d658;Review updated deployable EDS case study;
;;ca141f89-32e5-42c5-8c4d-bb32dee9aef2;BioSafe - Marketing services;2025-09-05 18:55:43.068+00;2026-01-27 18:29:07.409+00;ToDos;;not_started;delivered;[];9f43cf61-f8d9-4a0a-91e9-9bdd33fec404;Provide ideas on tissue digester case study for ABM;
;;ca141f89-32e5-42c5-8c4d-bb32dee9aef2;BioSafe - Marketing services;2025-11-10 17:14:29.917+00;2026-01-27 18:28:19.449+00;ToDos;;not_started;delivered;[];ed478632-f15b-46b2-8d92-53c72f4db257;Review AI & Automation Wastewise episode;
;;ca141f89-32e5-42c5-8c4d-bb32dee9aef2;BioSafe - Marketing services;2025-11-10 17:16:19.505+00;2026-01-27 18:27:06.789+00;ToDos;;not_started;delivered;[];def15742-4ab8-4b42-90fb-cb2d5e473dc8;Review November organic social posts;
;;ca141f89-32e5-42c5-8c4d-bb32dee9aef2;BioSafe - Marketing services;2025-12-31 17:38:46.137+00;2026-01-27 18:25:24.47+00;Deliverables;10;delivered;delivered;[];01b23850-e74a-4236-8c29-3ac01f053b6e;Facilitate Client Meetings (January);
;;ca141f89-32e5-42c5-8c4d-bb32dee9aef2;BioSafe - Marketing services;2026-01-16 21:16:06.999+00;2026-01-27 18:25:09.973+00;Deliverables;3;delivered;delivered;[];1dc0a82e-509d-44b5-8e1b-58ae9a471aba;Distribute episode (How Alkaline Hydrolysis Simplifies Safe Medical Waste Disposal);
;;6061d0c2-de11-40b9-8824-1ccd80a970d6;Global Shared Services - Marketing Services;2026-01-07 17:42:33.756+00;2026-01-27 17:30:07.762+00;Deliverables;30;delivered;delivered;[];a7e7adff-27e1-4b76-89e0-af3b101c93ca;Develop ebook w/ design;
;;52b3ee0f-cbad-4031-a387-79ecb54874fb;Aquatic Informatics - Ongoing Marketing Services;2025-12-18 22:38:00.691+00;2026-01-27 17:29:53.652+00;Deliverables;5;delivered;delivered;[];7cbbb2b3-1a71-4b79-893c-b61de951c5e8;Set up integrations;
;;b1f3ae44-0316-492e-aef1-bb260b814482;Techmode - Marketing services;2026-01-27 16:50:24.59+00;2026-01-27 16:51:13.437+00;Deliverables;5;delivered;delivered;[];fccce2b2-bfd8-4b0a-9a9d-35cb13e0f41d;Website Reset - 1.27.2026;
;;a3899b64-d779-4aee-afbb-d43e2125ccf8;VITAL - Marketing services;2025-12-26 11:57:33.366+00;2026-01-27 16:11:12.828+00;Deliverables;2;delivered;delivered;[];f2ee52b9-3118-42de-8a15-75c17c6afc94;Facilitate Client Meetings (January);
;;a3899b64-d779-4aee-afbb-d43e2125ccf8;VITAL - Marketing services;2025-12-26 12:28:10.234+00;2026-01-27 16:11:07.213+00;Deliverables;20;delivered;delivered;[];1f00bcf3-e61e-4e60-b7fb-33bee029a6bd;Develop social content (January);
;;965b21f3-8748-420c-aaf3-b3fdcaa2f504;iCorps - Marketing Services;2026-01-22 20:15:49.206+00;2026-01-27 16:07:39.789+00;ToDos;;not_started;delivered;[];b4fadb4d-0e15-447a-bffe-403518fbade6;Update executive dashboard;3600000
;;1d01a92d-8acf-44a9-ba25-535d596dab53;NEACH - Content marketing services;2025-12-26 12:28:22.263+00;2026-01-27 15:53:22.554+00;Deliverables;8;delivered;delivered;[];731a5ecf-c618-4126-8ce6-c79522f2c4c3;Develop social content (January);
;;deb20e29-45f3-4095-ae7e-8952961b9806;Rod Miller - Content marketing services;2025-12-29 14:44:13.832+00;2026-01-27 12:50:12.229+00;Deliverables;8;delivered;delivered;[];0b59b946-1fb7-4723-9db5-9b7cd633b3cd;Manage paid media (January);
;;18194a27-f4fd-4f8a-b974-7e8dcaea1d46;Syncro - Content marketing services;2025-12-26 12:33:32.651+00;2026-01-27 12:47:49.108+00;Deliverables;8;delivered;delivered;[];d2813708-9c87-4902-bdf8-b17fb722fe8d;Manage guest booking services (January);
;;18194a27-f4fd-4f8a-b974-7e8dcaea1d46;Syncro - Content marketing services;2025-12-26 11:58:15.151+00;2026-01-27 12:42:22.315+00;Deliverables;2;delivered;delivered;[];45bf8136-b30d-45c0-a05c-5a63351153e9;Facilitate Client Meetings (January);
;;ae79e392-17c6-477b-8c36-88db208d3b12;Milestone Towers - Aligned Growth Engine;2026-01-08 04:50:00.623+00;2026-01-27 03:57:44.481+00;Deliverables;20;delivered;delivered;[];3771dced-7d30-4f48-bc31-9b3428af127e;Develop Marketing Research Document;
;;75b32155-1255-4d17-b437-152e300521a0;ThreatMark - Marketing services;2026-01-23 17:32:30.407+00;2026-01-27 02:20:43.584+00;ToDos;;not_started;delivered;[];5b016cbd-1917-4be0-8ef2-29b12e96757c;Migrating LinkedIn Campaign to USD;
;;ec1251b4-8dd8-4f12-ba68-1e923a54c460;Hydrian - Marketing services;2026-01-26 19:40:35.974+00;2026-01-26 22:14:43.774+00;ToDos;;not_started;delivered;[];2d4ba529-6968-4d49-acd1-854ca069c709;Review Annual Strategy Meeting Deck;
;;7f6de0fa-ebf7-473a-af2e-b82ac2f7b097;Ideometry;2026-01-05 17:46:36.013+00;2026-01-26 21:52:08.828+00;Deliverables;12;delivered;delivered;[];0c64eeaa-1959-4478-a0b5-42021df6c9af;Develop web page - Portfolio;
;;a3899b64-d779-4aee-afbb-d43e2125ccf8;VITAL - Marketing services;2026-01-20 16:17:27.258+00;2026-01-26 20:26:44.322+00;ToDos;;not_started;delivered;[];185f9cf2-c112-4677-9a40-b6e54931f135;AirOps workflow development - Multi social posts 1;14400000
;;75b32155-1255-4d17-b437-152e300521a0;ThreatMark - Marketing services;2026-01-21 13:05:02.898+00;2026-01-26 19:34:02.042+00;Deliverables;5;delivered;delivered;[];b5b18c0b-360c-4303-bedd-4622d3824521;Set up paid media - Central Europe (CE) Campaign;
;;766143e6-ec3b-40c7-9ced-b22b48dad907;"FoxyAI - Creative; digital; web services";2026-01-21 17:11:37.328+00;2026-01-26 18:38:08.683+00;Deliverables;;delivered;delivered;[];001460f6-70ae-4672-b11d-d25db7ea8dd2;Develop Social Posts - Inman Connect New York 2026;
;;ca141f89-32e5-42c5-8c4d-bb32dee9aef2;BioSafe - Marketing services;2025-10-31 21:13:15.201+00;2026-01-26 17:35:45.093+00;Deliverables;15;delivered;delivered;[];7a5c74ac-bd8e-4127-a097-3d0479768578;Launch website;
;;ca141f89-32e5-42c5-8c4d-bb32dee9aef2;BioSafe - Marketing services;2025-11-26 22:22:20.569+00;2026-01-26 17:34:05.282+00;Deliverables;10;delivered;delivered;[];68b52572-1600-4703-a43c-3d513caa0b0a;Develop social content (February);
;;059db008-bde9-43e2-b5ea-2d8080194a92;"Ponce Bank - Creative; Digital; and Website Retainer";2025-12-03 13:36:19.931+00;2026-01-26 17:21:15.189+00;ToDos;;not_started;delivered;[];83446a78-41dc-4cf7-8973-b31181609ee5;Confirm MuleSoft dev completion date to enable HubSpot API updates;
;;1194e57c-a4a6-4e1e-bac3-83c4ff3c4ad7;Gallagher & Mohan - Ongoing Marketing Services - Post AGE;2026-01-23 14:53:05.126+00;2026-01-26 17:20:47.457+00;ToDos;;not_started;delivered;[];45b99564-7fb9-44e2-8f7b-c110614e6b7a;Update ABM contact list;
;;7f6de0fa-ebf7-473a-af2e-b82ac2f7b097;Ideometry;2025-10-22 16:28:20.399+00;2026-01-26 16:41:12.296+00;Deliverables;0;delivered;delivered;[];1c3f333a-d946-43a5-aaf2-8d343c6e4fc9;Develop animated video - Enigma Aerospace (deprioritized);
;;68a3f3dd-323f-42cb-bade-55dd8454c49f;Inside Tracker - Podcast services;2026-01-16 19:42:06.122+00;2026-01-26 16:17:19.492+00;Deliverables;10;delivered;delivered;[];d2f3d6d1-47a6-47ca-8958-f28eb8a56214;86dza3rmf - Inside Tracker - Longevity by Design - Dr. David Allison;
;;6a9f190a-9e44-4b24-8f1d-d82022950bb9;Agrippon - Marketing services;2026-01-22 14:48:44.794+00;2026-01-26 15:53:29.125+00;ToDos;;not_started;delivered;[];ae98d9c2-b8d8-49a9-b5af-4803f96f037f;Update website form: Require phone number;1800000
;;cec48bff-a24c-43d2-a56e-4da7b806daf9;Ease - Podcast Services;2026-01-13 13:44:06.839+00;2026-01-26 15:53:14.605+00;Deliverables;5;delivered;delivered;[];7c0aabc5-f9e0-4510-9beb-70f2d5b911d4;Develop Review Section for the show;
;;b827cc0e-5a1f-420d-8f3d-951078161099;Ponce Bank - Website design and development;2025-12-01 02:08:14.629+00;2026-01-26 13:39:41.762+00;Deliverables;40;delivered;delivered;[];6c2a363f-bb21-4ded-9c2c-3a3cd1a71333;Content Strategy & Design: Review design concepts and finalize;
;;a3899b64-d779-4aee-afbb-d43e2125ccf8;VITAL - Marketing services;2026-01-05 15:09:39.551+00;2026-01-26 12:56:24.584+00;Deliverables;12;delivered;delivered;[];4e1b0533-c0e7-4349-947f-0f1122a36d6c;Develop web page - VITAL Financial Services;
;;8e4bcd63-cf2d-4673-9b05-78bac6fa4657;Wilburn - Content marketing services;2026-01-18 10:29:56.403+00;2026-01-26 12:30:38.7+00;Deliverables;10;delivered;delivered;[];8b520f90-697b-4751-8f59-8e320581c9b4;Develop SEO blog post - Commercial janitorial services;
;;1d01a92d-8acf-44a9-ba25-535d596dab53;NEACH - Content marketing services;2025-12-26 12:27:22.38+00;2026-01-26 12:29:15.917+00;Deliverables;8;delivered;delivered;[];1041755b-0889-46ae-a7cf-c2fc7cf0aab0;Manage social (January);
;;a3899b64-d779-4aee-afbb-d43e2125ccf8;VITAL - Marketing services;2026-01-23 15:40:04.919+00;2026-01-26 12:23:47.707+00;ToDos;;not_started;delivered;[];9baeb7d0-9692-4274-9292-54afccc7e19c;Website updates;2100000
;;bfd6c756-8746-4619-be60-cba08836b1a9;New North;2025-12-30 03:05:11.042+00;2026-01-26 12:07:46.258+00;Deliverables;8;delivered;delivered;[];fdb0ec16-8e4f-4c6e-90ca-6c18aa7b23b9;86dz1159k - Develop blog post- Tech Qualified - Tristan Pelligrino - Scrappy ABM;
;;81a43ee4-a5a5-4852-a86b-4cbaf13bfeec;Tyfone - Content marketing services;2026-01-16 19:52:18.42+00;2026-01-26 10:21:13.512+00;Deliverables;14;delivered;delivered;[];f7848123-0bd5-47bf-844e-742f405b5f2c;86dza3z96 - Tyfone - Digital Banking Podcast - Kosta Scholiadis;
;;75b32155-1255-4d17-b437-152e300521a0;ThreatMark - Marketing services;2026-01-23 16:31:58.086+00;2026-01-25 19:31:51.906+00;ToDos;;not_started;delivered;[];5da25f95-d274-43cb-9fea-f14843756368;Investigate Scope of German Localization;
;;059db008-bde9-43e2-b5ea-2d8080194a92;"Ponce Bank - Creative; Digital; and Website Retainer";2025-11-12 12:31:25.364+00;2026-01-24 04:58:32.561+00;Deliverables;2;delivered;delivered;[];c87917ed-9651-4d42-8086-59c818aded79;Edits to 207 Postcard;
;;6a9f190a-9e44-4b24-8f1d-d82022950bb9;Agrippon - Marketing services;2026-01-22 14:41:28.806+00;2026-01-23 22:48:48.538+00;ToDos;;not_started;delivered;[];cf5e6cd6-754b-4bdd-94bc-0851d50f42c9;Update LinkedIn sequence;
;;6a9f190a-9e44-4b24-8f1d-d82022950bb9;Agrippon - Marketing services;2026-01-14 18:47:14.347+00;2026-01-23 21:20:16.954+00;Deliverables;5;delivered;delivered;[];f143a150-6431-4620-983a-cb644f7f4450;Develop outreach sequence [Billing Orgs];
;;6a9f190a-9e44-4b24-8f1d-d82022950bb9;Agrippon - Marketing services;2026-01-14 18:44:36.889+00;2026-01-23 21:19:51.221+00;Deliverables;5;delivered;delivered;[];b0c8aab4-bdaf-4b84-803a-31f3da032717;Develop outreach sequence [DSOs];
;;292bf658-a285-4fdd-a6e5-d352a30347c9;Sedra Solutions - Marketing services;2025-07-31 00:18:49.383+00;2026-01-23 21:00:51.635+00;Goals;;not_started;archived;[];66f675a6-bcd3-4562-ba77-cc923493d9fe;Generate 4 demos by EOY through marketing efforts;
;;292bf658-a285-4fdd-a6e5-d352a30347c9;Sedra Solutions - Marketing services;2025-04-18 15:58:40.664+00;2026-01-23 21:00:51.635+00;Goals;;not_started;archived;[];28a10d5e-fc23-4658-b627-494501572a75;Reinforce Sedra’s market expertise through thoughtful content that aligns with ABM and paid media initiatives;
;;292bf658-a285-4fdd-a6e5-d352a30347c9;Sedra Solutions - Marketing services;2025-09-29 14:37:13.872+00;2026-01-23 21:00:51.635+00;Goals;;not_started;archived;[];c2b32cd8-c56e-4315-80a5-03a3a041ee09;Generate 10 form fills per month;
;;833f1003-bf16-434b-afab-a705072e5eef;Bazaarvoice - Content marketing services;2026-01-22 15:38:53.965+00;2026-01-23 20:05:19.161+00;ToDos;;not_started;delivered;[];9313c8c1-d32a-4bab-9669-8a63a1596023;Create transcripts + highlights from Bazaarvoice Summit;25200000
;;8ea12c0c-e33b-4ac7-a349-2b8a522c8b50;Engage USA - Website Project;2026-01-12 18:37:36.586+00;2026-01-23 19:35:13.007+00;Deliverables;10;delivered;delivered;[];5d607bde-1bf3-4d0b-b16e-3e347ac749fb;Client Onboarding & Kickoff;
;;6a9f190a-9e44-4b24-8f1d-d82022950bb9;Agrippon - Marketing services;2026-01-22 14:30:37.182+00;2026-01-23 19:08:34.234+00;ToDos;;not_started;delivered;[];5f3fb0b3-912f-4382-ab70-7ef7b9d063ab;Update LinkedIn lead gen forms: Require phone numbers;1920000
;;ff2ef389-756d-4ece-b525-93fab32170d6;Planon - Marketing Services;2025-12-31 18:41:04.883+00;2026-01-23 18:47:03.718+00;Deliverables;3;delivered;delivered;[];417d4f0f-32e5-4daf-9c21-203e149e1a4d;Create strategy for Lead Gen ABM & Update Audience Spreadsheet;
;;e50afe94-037e-49d6-8f2e-8c05ac7e3294;Data Assessment Solutions - Ongoing Marketing Services;2025-10-30 13:58:20.838+00;2026-01-23 17:57:36.6+00;Deliverables;20;delivered;delivered;[];ba5f2237-3d5b-42ad-a601-4f255de177ef;Develop Video Plan Document [Product Explainer Video];
;;6061d0c2-de11-40b9-8824-1ccd80a970d6;Global Shared Services - Marketing Services;2026-01-21 16:52:52.462+00;2026-01-23 17:21:36.274+00;ToDos;;not_started;delivered;[];a687da3e-e49a-4cd3-87e1-a314b36fd383;ABM Support and ideas for GSS;
;;75b32155-1255-4d17-b437-152e300521a0;ThreatMark - Marketing services;2026-01-19 14:46:00.841+00;2026-01-23 16:31:38.281+00;ToDos;;not_started;delivered;[];8f993135-8b8f-4928-9443-c218476c9c9f;Update Targeting;
;;1d01a92d-8acf-44a9-ba25-535d596dab53;NEACH - Content marketing services;2025-12-26 11:22:46.075+00;2026-01-23 14:20:27.463+00;ToDos;;not_started;delivered;[];1c8d2dd0-abf6-4642-b72f-f71c8ac86da9;Client review Episode Sanjiv Sanghvi;
;;1d01a92d-8acf-44a9-ba25-535d596dab53;NEACH - Content marketing services;2025-12-12 10:14:15.513+00;2026-01-23 14:20:25.761+00;ToDos;;not_started;delivered;[];becb1a4b-727b-433a-8ce6-245aec69b0bd;Client review Episode Patricia Mullin;
;;1d01a92d-8acf-44a9-ba25-535d596dab53;NEACH - Content marketing services;2025-12-05 09:24:07.843+00;2026-01-23 14:20:23.958+00;ToDos;;not_started;delivered;[];928de18e-de96-4738-9fb3-9463f58906c6;Client review Episode Mickey Marshall;
;;68a3f3dd-323f-42cb-bade-55dd8454c49f;Inside Tracker - Podcast services;2026-01-15 15:44:08.208+00;2026-01-23 11:23:57.174+00;Deliverables;10;delivered;delivered;[];d2c33307-38bd-426a-b2fe-ede673aa6757;86dz99pn7 - Inside Tracker - Longevity by Design - Nathan Price;
;;75b32155-1255-4d17-b437-152e300521a0;ThreatMark - Marketing services;2026-01-13 20:44:43.034+00;2026-01-23 02:50:15.444+00;ToDos;;not_started;delivered;[];484fd485-39df-4d22-bd01-ac92b3a4f4f6;Podcast Analytics & Account Access;
;;ca141f89-32e5-42c5-8c4d-bb32dee9aef2;BioSafe - Marketing services;2025-12-31 19:04:17.846+00;2026-01-22 22:03:55.55+00;ToDos;;not_started;delivered;[];825245fa-21c2-4c73-9e10-daeac0a5e3c3;Review new blog: How Alkaline Hydrolysis Simplifies Safe Medical Waste Disposal;
;;ca141f89-32e5-42c5-8c4d-bb32dee9aef2;BioSafe - Marketing services;2025-11-10 17:19:38.554+00;2026-01-22 22:03:53.271+00;ToDos;;not_started;delivered;[];864f248b-8e47-4741-bd13-29f2c6b88c42;Review AI & Automation blog;
;;e7336694-2c40-4fcf-a7ef-4d0460f053c8;"Powerhouse Gym - Creative; digital; website services";2026-01-21 17:48:55.842+00;2026-01-22 20:53:34.926+00;Deliverables;5;delivered;delivered;[];20bb3d46-d8bb-4508-b3db-00577360a2f2;Update Paid Media;
;;3f032f15-833e-4d7d-9347-381febf6d953;PTO Exchange - Marketing Services;2026-01-13 22:03:58.529+00;2026-01-22 20:53:06.207+00;Deliverables;20;delivered;delivered;[];bcf7e917-3dec-4398-b76d-2e7b11557d43;HubSpot Audit;
;;75b32155-1255-4d17-b437-152e300521a0;ThreatMark - Marketing services;2026-01-13 21:00:29.446+00;2026-01-22 20:52:40.045+00;Deliverables;12;delivered;delivered;[];df6333c1-4a8b-4614-a218-2d1cc7eaa529;Develop web page - FDE Whitepaper;
;;ae79e392-17c6-477b-8c36-88db208d3b12;Milestone Towers - Aligned Growth Engine;2026-01-08 04:50:00.089+00;2026-01-22 20:46:35.977+00;Deliverables;;delivered;delivered;[];f34dc709-71ae-4e58-a25a-3f3d7161cbdb;Conduct Alignment Meeting;
;;fc929bc1-8e6d-4718-8058-6510ab343d75;Acacia Advisors - Aligned Growth Engine Launch;2026-01-22 04:49:31.304+00;2026-01-22 20:46:30.157+00;Deliverables;0;delivered;delivered;[];c84d3a80-73d9-4de3-b8ab-88d14e57338f;Conduct kickoff;
;;db0afec5-85bc-41b0-8c0f-79b368eb3b16;Rugged Robotics - Marketing services;2026-01-20 16:07:17.618+00;2026-01-22 15:38:58.504+00;ToDos;;not_started;delivered;[];2e009e15-39c9-4865-aa98-8a66ed14c12c;Update staging site: USE CASE FOCUS;5400000
;;a3899b64-d779-4aee-afbb-d43e2125ccf8;VITAL - Marketing services;2026-01-15 09:58:17.039+00;2026-01-22 13:55:12.432+00;ToDos;;not_started;delivered;[];2199530a-b45a-4805-9937-40652b09f4bc;Pre-print final check event backdrop;
;;a3899b64-d779-4aee-afbb-d43e2125ccf8;VITAL - Marketing services;2026-01-21 18:38:14.507+00;2026-01-22 13:46:13.32+00;ToDos;;not_started;delivered;[];5ec2a8ff-3431-4b17-b931-b3f58df0d98d;Lightapalooza page edits;1320000
;;3f032f15-833e-4d7d-9347-381febf6d953;PTO Exchange - Marketing Services;2026-01-20 22:48:08.776+00;2026-01-21 22:06:14.631+00;ToDos;;not_started;delivered;[];d902facd-fbd8-4031-9b96-bf1fc57508a2;Develop HubSpot drip campaign framework;
;;965b21f3-8748-420c-aaf3-b3fdcaa2f504;iCorps - Marketing Services;2026-01-21 16:52:01.985+00;2026-01-21 20:57:20.285+00;ToDos;;not_started;delivered;[];3cf869b0-4d57-466c-b51c-ef0a9594a2b1;SEO Keyword Research: 2026 Topics;
;;e7336694-2c40-4fcf-a7ef-4d0460f053c8;"Powerhouse Gym - Creative; digital; website services";2026-01-15 19:39:01.587+00;2026-01-21 20:35:09.101+00;Deliverables;2;delivered;delivered;[];fd54fb0f-1568-48d3-96bc-fb97039e8050;Update Hubspot Workflows;
;;ade9bb8a-fde3-4756-a63e-11ce7f227292;Ricoh - Marketing services;2026-01-09 16:23:32.556+00;2026-01-21 20:15:37.642+00;Deliverables;12;delivered;delivered;[];25aca580-37d7-49f8-a836-18093b87589a;Develop designs [Admin Workshop Assets];
;;ca141f89-32e5-42c5-8c4d-bb32dee9aef2;BioSafe - Marketing services;2026-01-08 18:29:49.325+00;2026-01-21 19:31:20.689+00;Deliverables;5;delivered;delivered;[];2f650546-6d1f-4e95-98f8-df747fa25417;Adjustments to STI Poster;
;;ade9bb8a-fde3-4756-a63e-11ce7f227292;Ricoh - Marketing services;2026-01-21 00:39:51.585+00;2026-01-21 18:54:24.373+00;ToDos;;not_started;delivered;[];6b757765-5642-4c9e-8500-fe6bd0afebe5;Upload battle card to transfer folder (RPD);1200000
;;766143e6-ec3b-40c7-9ced-b22b48dad907;"FoxyAI - Creative; digital; web services";2026-01-20 16:44:14.775+00;2026-01-21 18:50:15.681+00;ToDos;;not_started;delivered;[];db33630f-fcd5-4bae-aeb5-0917c9dfccf0;New Landing pages;
;;bf57e936-b322-4b36-bf32-174d44c65e09;Verisk - Marketing services;2026-01-21 17:53:30.215+00;2026-01-21 17:56:10.448+00;Deliverables;3;archived;archived;[];19bb7bfd-a8ef-4dcc-bb1b-d3ac2fbaffcd;Distribute episode - Pat Sullivan;
;;bf57e936-b322-4b36-bf32-174d44c65e09;Verisk - Marketing services;2025-12-30 14:45:23.313+00;2026-01-21 17:49:23.957+00;Deliverables;10;delivered;delivered;[];9171816b-6390-414d-9635-b4e0d5059997;Develop 2 LinkedIn carousels (graphics and copy) - Episode Pat Sullivan;
;;68a3f3dd-323f-42cb-bade-55dd8454c49f;Inside Tracker - Podcast services;2026-01-21 17:02:14.355+00;2026-01-21 17:03:56.595+00;Deliverables;5;delivered;delivered;[];a17cc5a2-a99a-457e-9346-3c99f9231ee1;Tech stack (January);
;;4aa1e0b0-c66a-4025-b0a2-2d1b998c8d99;AutoBytes - 2026 Services;2025-12-26 18:39:43.965+00;2026-01-21 15:57:25.511+00;Deliverables;40;delivered;delivered;[];531b6826-420b-432d-ba6a-0607190d96c3;Develop Marketing Roadmap Document;
;;a3899b64-d779-4aee-afbb-d43e2125ccf8;VITAL - Marketing services;2025-12-11 17:25:23.175+00;2026-01-21 15:24:48.144+00;Deliverables;12;delivered;delivered;[];7e69ff2e-3efe-46cf-b50b-5707bb78cb84;Develop web page - Lightapalooza LP;
;;3f032f15-833e-4d7d-9347-381febf6d953;PTO Exchange - Marketing Services;2026-01-20 23:03:21.305+00;2026-01-21 15:03:13.916+00;ToDos;;not_started;delivered;[];0f48a35c-4ce0-4a87-8cba-cd399441b05f;Update HubSpot automation flow (Automated Nurture - PTO Exchange Page);1800000
;;75b32155-1255-4d17-b437-152e300521a0;ThreatMark - Marketing services;2026-01-07 20:35:07.076+00;2026-01-21 12:51:17.959+00;Deliverables;10;delivered;delivered;[];ad807090-f3af-444a-8836-f554ca90f901;Threatmark - Behind Enemy Lines - with Nicola Harding;
;;deb20e29-45f3-4095-ae7e-8952961b9806;Rod Miller - Content marketing services;2026-01-15 10:50:28.078+00;2026-01-21 10:32:24.037+00;Deliverables;10;delivered;delivered;[];26270561-1eaa-44d7-b20f-5dda84164cbd;Develop thought leadership blog post - What Does Purge Mean on HVAC;
;;a3899b64-d779-4aee-afbb-d43e2125ccf8;VITAL - Marketing services;2025-12-18 14:12:37.705+00;2026-01-21 09:25:37.161+00;Deliverables;8;delivered;delivered;[];bb586543-4b33-4529-b8a1-9b51c93c0b18;Set up Social - VITAL Instagram Account;
;;3b39d1e2-cf4e-41b0-942a-7cb3d536b84b;Rezku POS - Aligned Growth Engine Launch;2026-01-08 05:08:17.66+00;2026-01-21 05:26:24.478+00;Deliverables;20;delivered;delivered;[];e0119dbd-8e9f-4954-b6e9-ef786e386f71;Develop Marketing Research Document;
;;e7336694-2c40-4fcf-a7ef-4d0460f053c8;"Powerhouse Gym - Creative; digital; website services";2026-01-20 18:05:32.669+00;2026-01-21 03:48:23.124+00;ToDos;;not_started;delivered;[];e5704000-5f99-42e9-bac3-74d913f1eafa;Meta to HS pixel sharing;
;;b1f3ae44-0316-492e-aef1-bb260b814482;Techmode - Marketing services;2026-01-20 20:10:02.177+00;2026-01-21 03:33:15.575+00;ToDos;;not_started;delivered;[];970c1f26-cdfd-455b-9c33-5afc4e6ed6ca;1.20.26 Meeting Notes;
;;ade9bb8a-fde3-4756-a63e-11ce7f227292;Ricoh - Marketing services;2026-01-14 20:44:51.913+00;2026-01-21 00:39:28.989+00;Deliverables;10;delivered;delivered;[];170dff1a-d09c-4874-8293-0d19394c5e4e;Re-design Battle Card [RICOH ProcessDirector];
;;ec1251b4-8dd8-4f12-ba68-1e923a54c460;Hydrian - Marketing services;2025-12-31 18:48:44.74+00;2026-01-20 22:17:59.969+00;ToDos;;not_started;delivered;[];b19cfd81-ba35-4ec2-89b9-c55c317c8b35;Final Survey Monkey Check & Schedule;
;;ff2ef389-756d-4ece-b525-93fab32170d6;Planon - Marketing Services;2025-10-16 14:55:16.045+00;2026-01-20 21:38:01.25+00;Deliverables;0;delivered;delivered;[];4081ac48-25db-4850-8c22-976a535ccd4e;Set up ABM paid media (De-Prioritized );
;;3f032f15-833e-4d7d-9347-381febf6d953;PTO Exchange - Marketing Services;2026-01-08 19:55:12.825+00;2026-01-20 21:18:08.872+00;ToDos;;not_started;archived;[];14e54ded-19d5-4268-9119-6847a98c4f87;Think through new ABM approach;
;;965b21f3-8748-420c-aaf3-b3fdcaa2f504;iCorps - Marketing Services;2026-01-14 16:42:18.834+00;2026-01-20 21:17:17.781+00;ToDos;;not_started;delivered;[];f2292b1f-43fb-4173-8912-5b26ca5a7719;Update developed pages: AI Assets;
;;e50afe94-037e-49d6-8f2e-8c05ac7e3294;Data Assessment Solutions - Ongoing Marketing Services;2026-01-20 20:04:13.795+00;2026-01-20 20:04:33.017+00;ToDos;;not_started;delivered;[];af9ac34d-9c05-494d-a606-04cd9803a65f;Update LinkedIn Ads based on feedback;
;;3b39d1e2-cf4e-41b0-942a-7cb3d536b84b;Rezku POS - Aligned Growth Engine Launch;2026-01-08 05:08:17.021+00;2026-01-20 18:58:09.053+00;Deliverables;;delivered;delivered;[];60b9a4eb-0e95-49e4-86c9-c7438cf4ac44;Conduct Alignment Meeting;
;;6a9f190a-9e44-4b24-8f1d-d82022950bb9;Agrippon - Marketing services;2025-12-11 14:24:23.855+00;2026-01-20 18:56:27.973+00;ToDos;;not_started;delivered;[];382f73e4-1b61-4641-b5f1-812822bf18d0;Set up HeyReach <> LinkedIn (Brad Billings);
;;6a9f190a-9e44-4b24-8f1d-d82022950bb9;Agrippon - Marketing services;2026-01-12 19:38:56.262+00;2026-01-20 18:29:27.545+00;ToDos;;not_started;delivered;[];68f179fa-78bd-4451-b73e-26c34ef6bde9;Website Updates: Onboarding and Support;
;;833f1003-bf16-434b-afab-a705072e5eef;Bazaarvoice - Content marketing services;2026-01-19 09:52:47.796+00;2026-01-20 16:30:46.048+00;ToDos;;not_started;delivered;[];23501394-12b9-4364-8c5e-bd59813495ae;Set up AirOps writing workflow;
;;db0afec5-85bc-41b0-8c0f-79b368eb3b16;Rugged Robotics - Marketing services;2026-01-15 19:18:53.922+00;2026-01-20 16:06:55.1+00;ToDos;;not_started;delivered;[];b33a37d3-4312-474c-bbd5-f425dede494e;Review design: case study landing page;
;;965b21f3-8748-420c-aaf3-b3fdcaa2f504;iCorps - Marketing Services;2026-01-07 16:46:32.28+00;2026-01-20 15:20:37.736+00;ToDos;;not_started;delivered;[];58c5665c-afcc-4808-8ab1-73b28c7c7c53;Create an Executive Dashboard with key metrics;
;;965b21f3-8748-420c-aaf3-b3fdcaa2f504;iCorps - Marketing Services;2026-01-20 14:05:37.697+00;2026-01-20 14:42:24.596+00;ToDos;;not_started;delivered;[];b1b11b9f-7808-460d-854f-5f0d4038ebcb;Update preview page based on feedback: Microsoft Copilot Consulting;
;;e50afe94-037e-49d6-8f2e-8c05ac7e3294;Data Assessment Solutions - Ongoing Marketing Services;2026-01-16 13:58:16.126+00;2026-01-20 14:18:01.905+00;ToDos;;not_started;delivered;[];dd813f96-f71c-4848-be43-a156302a41d9;1.16.26 meeting follow ups;
;;965b21f3-8748-420c-aaf3-b3fdcaa2f504;iCorps - Marketing Services;2026-01-07 16:36:58.557+00;2026-01-20 14:05:39.442+00;ToDos;;not_started;delivered;[];4f9b75e5-6b74-44ec-948c-e7a65f3ed1cd;Create website plan for AI Assessment assets;
;;cec48bff-a24c-43d2-a56e-4da7b806daf9;Ease - Podcast Services;2026-01-07 22:35:51.547+00;2026-01-20 13:45:54.663+00;Deliverables;8;delivered;delivered;[];f90dacef-5a77-4d0d-ae58-f2f0ae2d7550;Develop 2025 Podcast Recap Blog: Guests, Key Learnings & 2026 Outlook;
;;965b21f3-8748-420c-aaf3-b3fdcaa2f504;iCorps - Marketing Services;2026-01-14 16:20:13.967+00;2026-01-20 13:18:02.561+00;ToDos;;not_started;delivered;[];85cf89ee-bb01-4176-93f0-e11a966bc2b0;Gather results from ABM campaigns;11507218
;;81a43ee4-a5a5-4852-a86b-4cbaf13bfeec;Tyfone - Content marketing services;2026-01-12 14:53:52.138+00;2026-01-20 07:54:54.15+00;Deliverables;14;delivered;delivered;[];fa837d59-c3e8-4a51-a669-89aaa697b16d;86dz6y9vu - Tyfone - Digital Banking Podcast - Derrick Aguilar;
;;e7336694-2c40-4fcf-a7ef-4d0460f053c8;"Powerhouse Gym - Creative; digital; website services";2026-01-16 20:12:45.065+00;2026-01-20 04:21:37.379+00;Deliverables;6;delivered;delivered;[];87940ea1-46f4-4879-94a0-b1caba2d925b;Set up paid media;
;;e50afe94-037e-49d6-8f2e-8c05ac7e3294;Data Assessment Solutions - Ongoing Marketing Services;2025-12-16 15:14:14.892+00;2026-01-19 20:55:51.619+00;Deliverables;8;delivered;delivered;[];67aa434d-9007-45bc-9afd-c3ec820f49fc;Develop dynamic email sequence - DACH;
;;4aa1e0b0-c66a-4025-b0a2-2d1b998c8d99;AutoBytes - 2026 Services;2025-12-26 18:39:44.388+00;2026-01-19 19:35:44.566+00;Deliverables;20;delivered;delivered;[];224755ca-ece2-42be-ab6e-5e8611656489;Develop Marketing Research Document;
;;7f6de0fa-ebf7-473a-af2e-b82ac2f7b097;Ideometry;2026-01-16 12:08:50.126+00;2026-01-19 18:34:57.212+00;Deliverables;;delivered;delivered;[];95ff97ca-a940-4774-ac4d-84cbf382c48d;Install Dealfront in the website;1800000
;;bfd6c756-8746-4619-be60-cba08836b1a9;New North;2026-01-16 12:06:52.333+00;2026-01-19 18:30:34.808+00;Deliverables;;delivered;delivered;[];5c977c0a-8f92-430f-b93b-a47086ae4b27;Install Dealfront in the website;1200000
;;059db008-bde9-43e2-b5ea-2d8080194a92;"Ponce Bank - Creative; Digital; and Website Retainer";2026-01-07 22:14:14.349+00;2026-01-19 18:08:32.688+00;Deliverables;45;delivered;delivered;[];c8ca8879-ef9b-4617-a123-fd77542682a9;Update All Assets to old branding font;
;;059db008-bde9-43e2-b5ea-2d8080194a92;"Ponce Bank - Creative; Digital; and Website Retainer";2026-01-02 17:57:45.833+00;2026-01-19 18:07:49.641+00;Deliverables;;delivered;delivered;[];2372c27b-9149-4574-9166-2c18abe65486;Prep a short decision logic doc (identifiers, matching rules, Lead vs Contact);
;;e7336694-2c40-4fcf-a7ef-4d0460f053c8;"Powerhouse Gym - Creative; digital; website services";2026-01-16 20:12:06.493+00;2026-01-19 16:41:12.076+00;Deliverables;1;delivered;delivered;[];3b170cd9-8c72-45ad-89b4-b1dc0369afff;Shut Down Meta Campaign;
;;a3899b64-d779-4aee-afbb-d43e2125ccf8;VITAL - Marketing services;2025-12-23 15:54:42.435+00;2026-01-19 08:40:23.222+00;Deliverables;0;delivered;delivered;[];5a1ea043-415f-45f2-9c2e-135b95104b36;Distribute Episode - Moustafa Moursy;
;;6a9f190a-9e44-4b24-8f1d-d82022950bb9;Agrippon - Marketing services;2026-01-15 13:54:41.865+00;2026-01-16 20:56:03.349+00;ToDos;;not_started;delivered;[];18a0c10b-ec5e-4e67-a428-49a5b8a3e0f8;Expand audience: LinkedIn Ad Campaign;6552371
;;ca141f89-32e5-42c5-8c4d-bb32dee9aef2;BioSafe - Marketing services;2025-12-02 23:38:36.979+00;2026-01-16 20:51:14.273+00;Deliverables;13;delivered;delivered;[];2ba95ea8-63b0-48be-83fc-9c7e7a5fd117;BioSAFE - WasteWise - Sustainable Approaches & Alkaline Hydrolysis Episode;
;;52b3ee0f-cbad-4031-a387-79ecb54874fb;Aquatic Informatics - Ongoing Marketing Services;2026-01-15 15:45:58.288+00;2026-01-16 20:42:33.208+00;Deliverables;;delivered;delivered;[];82bf7d94-5717-4181-a580-8869c8c1c177;Update Lead-Input landing page header;
;;e7336694-2c40-4fcf-a7ef-4d0460f053c8;"Powerhouse Gym - Creative; digital; website services";2026-01-16 18:38:00.286+00;2026-01-16 20:29:07.581+00;Deliverables;15;delivered;delivered;[];05bdee0b-5aee-4693-8483-9f204b9a33d5;Develop video ad creative package;
;;52b3ee0f-cbad-4031-a387-79ecb54874fb;Aquatic Informatics - Ongoing Marketing Services;2026-01-13 15:18:20.735+00;2026-01-16 20:27:52.947+00;Deliverables;;delivered;delivered;[];aa8842a1-7a34-4cf0-9f3a-d4cff5ebe63b;Troubleshoot zoom automation workflow on hubspot;
;;7dff3524-f86a-490e-8bf6-280ac7251360;Aquatic Informatics - Additional Q4 Marketing Services Support;2026-01-05 15:19:37.418+00;2026-01-16 19:59:34.155+00;Deliverables;5;delivered;delivered;[];148d3f2e-2604-43eb-8190-c62470c4f081;Databox Initial Dashboard Build & Client Review;
;;e7336694-2c40-4fcf-a7ef-4d0460f053c8;"Powerhouse Gym - Creative; digital; website services";2026-01-16 19:11:42.253+00;2026-01-16 19:28:31.109+00;Deliverables;2;delivered;delivered;[];462a7b99-e853-4a34-b756-2e87a2dcbc66;Conduct Market research;
;;deb20e29-45f3-4095-ae7e-8952961b9806;Rod Miller - Content marketing services;2026-01-15 10:27:25.123+00;2026-01-16 15:43:00.508+00;ToDos;;not_started;delivered;[];7c94e5c4-f06f-4c9d-9298-305bc44a2fa2;Website updates;
;;a3899b64-d779-4aee-afbb-d43e2125ccf8;VITAL - Marketing services;2025-12-24 17:59:14.537+00;2026-01-16 14:55:37+00;Deliverables;0;delivered;delivered;[];d4f1ae90-9e53-43bd-94c0-15c9154a508b;Create social posts - Lightapalooza 2026;
;;4cf099a8-6df8-4d70-a3eb-053cb48f9f1f;Encamp - Brand activation project;2025-12-30 18:42:56.387+00;2026-01-16 14:53:32.593+00;ToDos;;not_started;delivered;[];18ae9431-a931-4f00-a616-5f1379f1d6e7;Source Stock Photography: Industry Pages;
;;afed095f-4924-4108-bca6-41dd146a5a45;AJ Nash - Podcast services;2026-01-06 16:55:21.996+00;2026-01-16 14:17:35.977+00;ToDos;;not_started;delivered;[];2fd2f3ab-c48e-49e1-ba56-dd2a03e3035c;Zero Fox Episodes;
;;833f1003-bf16-434b-afab-a705072e5eef;Bazaarvoice - Content marketing services;2025-12-22 17:36:44.374+00;2026-01-16 14:04:20.175+00;Deliverables;5;delivered;delivered;[];10c30a8b-b896-4c32-90fb-962eaf4ffeba;Optimize Existing SEO Article - Instagram Analytics Guide;
;;833f1003-bf16-434b-afab-a705072e5eef;Bazaarvoice - Content marketing services;2025-12-22 17:36:33.945+00;2026-01-16 14:04:10.654+00;Deliverables;5;delivered;delivered;[];87a7ddd2-b6aa-4b78-abdf-f74476324829;Optimize Existing SEO Article - Influencer Rate Cards;
;;833f1003-bf16-434b-afab-a705072e5eef;Bazaarvoice - Content marketing services;2025-12-22 17:36:13.736+00;2026-01-16 14:04:05.966+00;Deliverables;5;delivered;delivered;[];439e8f66-cd2a-40bb-906a-46ff586cca62;Optimize Existing SEO Article - How to Collaborate on Instagram;
;;833f1003-bf16-434b-afab-a705072e5eef;Bazaarvoice - Content marketing services;2025-12-22 17:36:03.939+00;2026-01-16 14:03:56.214+00;Deliverables;5;delivered;delivered;[];ab9c4d8f-0142-4361-a82c-b535149b8881;Optimize Existing SEO Article - Digital Touchpoints on the Customer Journey;
;;833f1003-bf16-434b-afab-a705072e5eef;Bazaarvoice - Content marketing services;2025-12-22 17:35:44.477+00;2026-01-16 14:03:51.662+00;Deliverables;5;delivered;delivered;[];f85c08a3-fbf6-402f-b05a-be17962235cf;Optimize Existing SEO Article - How to Launch a Product Online;
;;833f1003-bf16-434b-afab-a705072e5eef;Bazaarvoice - Content marketing services;2025-12-14 16:44:02.836+00;2026-01-16 14:03:42.531+00;Deliverables;5;delivered;delivered;[];15d3b40d-0a05-44a8-b05c-e12276bbdbb7;Optimize Existing SEO Article - E-commerce Checkout Optimization;
;;e50afe94-037e-49d6-8f2e-8c05ac7e3294;Data Assessment Solutions - Ongoing Marketing Services;2026-01-15 17:08:21.803+00;2026-01-16 13:50:51.18+00;ToDos;;not_started;delivered;[];ac42ad6b-2d2a-4296-b051-05aab9ef96b7;Review Axel's emails;
;;e50afe94-037e-49d6-8f2e-8c05ac7e3294;Data Assessment Solutions - Ongoing Marketing Services;2026-01-15 21:23:41.265+00;2026-01-16 12:33:30.698+00;ToDos;;not_started;delivered;[];1a1e18f0-75c3-44db-bcf8-ecd8b9284046;Update AirOps guidelines;3600000
;;833f1003-bf16-434b-afab-a705072e5eef;Bazaarvoice - Content marketing services;2026-01-13 10:53:26.744+00;2026-01-16 10:53:25.612+00;ToDos;;not_started;delivered;[];84306b18-ce0a-47ba-b211-14f866e18137;Hyperlink/ref stats in a refreshed blog;
;;52b3ee0f-cbad-4031-a387-79ecb54874fb;Aquatic Informatics - Ongoing Marketing Services;2026-01-02 18:42:48.932+00;2026-01-15 20:43:16.847+00;Deliverables;8;delivered;delivered;[];1cad3dac-c527-4806-bd64-df292658a386;Create newsletter;
;;292bf658-a285-4fdd-a6e5-d352a30347c9;Sedra Solutions - Marketing services;2025-11-27 02:00:28.777+00;2026-01-15 19:43:56.561+00;Deliverables;8;delivered;delivered;[];9b665e31-4aab-428b-a672-b2536006afbb;Develop social content (Main Page - January);
;;e7336694-2c40-4fcf-a7ef-4d0460f053c8;"Powerhouse Gym - Creative; digital; website services";2026-01-06 16:55:59.902+00;2026-01-15 19:40:23.856+00;Deliverables;11;delivered;delivered;[];e2d4c060-b907-490e-8834-bb4fb108a3e3;Develop Hubspot Campaign;
;;ae79e392-17c6-477b-8c36-88db208d3b12;Milestone Towers - Aligned Growth Engine;2026-01-08 04:49:59.681+00;2026-01-15 17:37:02.196+00;Deliverables;0;delivered;delivered;[];9f407a14-a8eb-4341-acd6-b8a8a87c98f0;Conduct kickoff;
;;e50afe94-037e-49d6-8f2e-8c05ac7e3294;Data Assessment Solutions - Ongoing Marketing Services;2026-01-14 19:00:58.199+00;2026-01-15 16:55:11.658+00;ToDos;;not_started;delivered;[];625b3daf-7be1-4c0f-ad6b-f3640ff67919;Update emails per axel's feedback;
;;6061d0c2-de11-40b9-8824-1ccd80a970d6;Global Shared Services - Marketing Services;2025-12-11 00:21:25.291+00;2026-01-15 16:33:23.363+00;Deliverables;12;delivered;delivered;[];65942043-b812-4fce-b1dd-f5dc3a8baba0;"Develop thought leadership blog post - How Restaurant Operations Can Regain Control of Cash Flow (Without Adding Headcount)
";
;;6061d0c2-de11-40b9-8824-1ccd80a970d6;Global Shared Services - Marketing Services;2025-12-11 00:21:17.13+00;2026-01-15 16:32:55.627+00;Deliverables;12;delivered;delivered;[];da04de80-338e-4c65-b7a9-073a0fc0734b;Develop thought leadership blog post - Risk Analysis: The Cost of CFO Turnover;
;;b827cc0e-5a1f-420d-8f3d-951078161099;Ponce Bank - Website design and development;2026-01-09 18:04:48.722+00;2026-01-15 15:32:57.126+00;Deliverables;;delivered;delivered;[];ab485065-6dd7-4e78-bf40-61a4fabc027a;Change meta image on website (bing issue);
;;75b32155-1255-4d17-b437-152e300521a0;ThreatMark - Marketing services;2026-01-13 20:11:57.594+00;2026-01-15 15:02:51.898+00;Deliverables;;delivered;delivered;[];8541cb3a-ba4d-43cc-a805-09b87eb05aa0;Update Lead Source Data in HubSpot;2400000
;;4cf099a8-6df8-4d70-a3eb-053cb48f9f1f;Encamp - Brand activation project;2026-01-07 20:08:34.726+00;2026-01-15 14:20:41.625+00;Deliverables;;delivered;delivered;[];5d940915-e06c-4744-ba96-9d4f3be744a6;URL Export from Live WordPress;
;;6a9f190a-9e44-4b24-8f1d-d82022950bb9;Agrippon - Marketing services;2026-01-12 21:08:12.706+00;2026-01-15 13:37:04.486+00;ToDos;;not_started;delivered;[];66582858-3a77-4e1e-bbf2-f82cb0f81147;Tell shane about gifted points;
;;bf57e936-b322-4b36-bf32-174d44c65e09;Verisk - Marketing services;2025-12-23 15:54:12.815+00;2026-01-15 12:30:30.472+00;Deliverables;3;delivered;delivered;[];776869b6-851e-40f8-ab87-19f585a03883;Distribute episode - Rustam Irani;
;;81a43ee4-a5a5-4852-a86b-4cbaf13bfeec;Tyfone - Content marketing services;2025-11-13 18:45:17.254+00;2026-01-15 12:28:18.251+00;Deliverables;10;delivered;delivered;[];be6dfbf9-884e-44f2-85f0-881b8e732d14;Create compilation video - 2025 Recap;
;;965b21f3-8748-420c-aaf3-b3fdcaa2f504;iCorps - Marketing Services;2026-01-13 19:01:08.758+00;2026-01-15 12:14:01.098+00;ToDos;;not_started;delivered;[];53f6dd57-6e2d-4066-be45-39dfb081ad29;Update blogs on AI pages;900000
;;bfd6c756-8746-4619-be60-cba08836b1a9;New North;2025-12-31 17:51:50.603+00;2026-01-15 12:11:51.867+00;Deliverables;5;delivered;delivered;[];2f9a813a-535a-454f-9cf4-94eabc4128b9;Optimize Existing SEO Article - b2b ppc;
;;7f6de0fa-ebf7-473a-af2e-b82ac2f7b097;Ideometry;2025-12-29 19:01:10.786+00;2026-01-15 12:11:36.721+00;Deliverables;10;delivered;delivered;[];3a4e4101-2fe7-42f3-8aa9-51b571848508;Develop image ad creative package - ABM;
;;3f032f15-833e-4d7d-9347-381febf6d953;PTO Exchange - Marketing Services;2026-01-13 14:26:18.386+00;2026-01-15 04:07:35.215+00;ToDos;;not_started;delivered;[];cf615e1f-7740-47df-9580-a854ff0923ff;Think through new ABM approach;
;;3f032f15-833e-4d7d-9347-381febf6d953;PTO Exchange - Marketing Services;2026-01-13 22:00:09.185+00;2026-01-15 04:07:14.108+00;ToDos;;not_started;delivered;[];dc46804f-60fc-4fa9-9499-682ec6b3de75;Nurture Campaign Strategy;
;;3f032f15-833e-4d7d-9347-381febf6d953;PTO Exchange - Marketing Services;2026-01-13 21:59:20.925+00;2026-01-15 03:53:02.068+00;Deliverables;;delivered;delivered;[];fc5db3ff-c99c-4d6c-94ad-fe74fbd62b7a;Draft Industry-Specific Sequences;
;;3f032f15-833e-4d7d-9347-381febf6d953;PTO Exchange - Marketing Services;2026-01-13 21:58:32.825+00;2026-01-15 03:50:49.483+00;ToDos;;not_started;delivered;[];cd1b439a-8eb3-4c99-8af4-ae2945311258;Create Workflow Cheat Sheet;
;;b1f3ae44-0316-492e-aef1-bb260b814482;Techmode - Marketing services;2025-12-09 21:05:46.731+00;2026-01-15 01:33:35.175+00;Deliverables;5;delivered;delivered;[];f17363fd-79d0-454c-a382-219232ae3605;Set up paid media - Microsoft ads;
;;965b21f3-8748-420c-aaf3-b3fdcaa2f504;iCorps - Marketing Services;2026-01-12 21:08:50.888+00;2026-01-15 01:23:14.21+00;ToDos;;not_started;delivered;[];ee3d81d5-b832-4cb1-8708-cdf5852891d3;Set meeting with Ruby;
;;e50afe94-037e-49d6-8f2e-8c05ac7e3294;Data Assessment Solutions - Ongoing Marketing Services;2025-12-16 15:14:33.546+00;2026-01-14 21:10:29.674+00;Deliverables;10;delivered;delivered;[];b7e5a511-f832-400b-9dd1-2067b4edcc6d;Develop image ad creative package - DACH;
;;3f032f15-833e-4d7d-9347-381febf6d953;PTO Exchange - Marketing Services;2026-01-13 22:04:59.277+00;2026-01-14 21:08:32.071+00;ToDos;;not_started;delivered;[];59792deb-d57a-4bfd-8675-2d23396aa5c4;Prepare Campaign Options;
;;4cf099a8-6df8-4d70-a3eb-053cb48f9f1f;Encamp - Brand activation project;2026-01-09 20:38:31.252+00;2026-01-14 19:24:12.188+00;Deliverables;;delivered;delivered;[];4bccde53-70f0-40dd-988a-a9754613caec;Brand Guidelines - Updates and Corrections;
;;3f032f15-833e-4d7d-9347-381febf6d953;PTO Exchange - Marketing Services;2025-12-15 18:30:19.58+00;2026-01-14 19:22:26.374+00;Deliverables;48;delivered;delivered;[];be65520d-cb03-458d-af13-0cb0e0f889cf;Develop web page - Industry Pages;
;;75b32155-1255-4d17-b437-152e300521a0;ThreatMark - Marketing services;2026-01-13 20:52:14.366+00;2026-01-14 19:20:44.792+00;ToDos;;not_started;delivered;[];df5e4c23-7c46-41c0-be49-049f0270f4f2;Update whitepaper;
;;4aa1e0b0-c66a-4025-b0a2-2d1b998c8d99;AutoBytes - 2026 Services;2025-12-26 18:39:45.128+00;2026-01-14 19:16:33.606+00;Deliverables;;delivered;delivered;[];484b857b-d1bc-40a1-b1c2-d4e76819fab5;Conduct Alignment Meeting;
;;ff2ef389-756d-4ece-b525-93fab32170d6;Planon - Marketing Services;2026-01-13 17:52:28.667+00;2026-01-14 18:48:38.553+00;ToDos;;not_started;delivered;[];f2fab0a7-41ff-4ca9-b531-389b3a99e850;Review points for Planon;
;;766143e6-ec3b-40c7-9ced-b22b48dad907;"FoxyAI - Creative; digital; web services";2026-01-12 15:55:32.486+00;2026-01-14 18:07:46.67+00;ToDos;;not_started;delivered;[];4676a4d7-389b-49a5-83f2-aaebf234b4b1;Send Jane everything we need from her;
;;cec48bff-a24c-43d2-a56e-4da7b806daf9;Ease - Podcast Services;2025-12-15 18:55:17.126+00;2026-01-14 13:38:07.77+00;Deliverables;8;delivered;delivered;[];2bcd1dad-3d6c-4e9e-a749-b627243c30a1;Set up guest booking outreach (January);
;;bfd6c756-8746-4619-be60-cba08836b1a9;New North;2025-12-31 17:51:30.617+00;2026-01-14 11:58:48.129+00;Deliverables;5;delivered;delivered;[];ca8f275b-459c-47e8-9244-84078622c749;Optimize Existing SEO Article - time management;
;;bfd6c756-8746-4619-be60-cba08836b1a9;New North;2025-12-31 17:51:58.588+00;2026-01-14 11:58:34.16+00;Deliverables;5;delivered;delivered;[];6131cfab-1333-44b5-85dd-5aaa375f3cd8;Optimize Existing SEO Article - b2b growth marketing;
;;3b39d1e2-cf4e-41b0-942a-7cb3d536b84b;Rezku POS - Aligned Growth Engine Launch;2026-01-12 15:56:52.366+00;2026-01-14 03:28:42.927+00;ToDos;;not_started;delivered;[];b83d6310-2a04-45fa-b0f1-b21aa9432091;Make sure research task is set up correctly and follow up on email;
;;4aa1e0b0-c66a-4025-b0a2-2d1b998c8d99;AutoBytes - 2026 Services;2026-01-12 15:56:23.218+00;2026-01-14 03:28:34.398+00;ToDos;;not_started;delivered;[];8c47306b-7d7f-4f3f-ad62-435a179f9dff;Make sure research task is set up correctly;
;;c8bd9166-2a8e-4824-9bbb-304f1d8ce014;Numeric - Podcast services;2026-01-12 22:23:06.085+00;2026-01-13 22:19:00.763+00;Deliverables;8;delivered;delivered;[];58c90d9f-01f0-4ef9-a283-7b7a37ed8f70;Update branding on Canva file;
;;b1f3ae44-0316-492e-aef1-bb260b814482;Techmode - Marketing services;2025-07-07 15:11:42.049+00;2026-01-13 21:44:08.782+00;Deliverables;12;delivered;delivered;[];0936c313-b78a-4b52-869a-c01dd63345a1;Develop web page - Price Offer Microsoft Ads;
;;75b32155-1255-4d17-b437-152e300521a0;ThreatMark - Marketing services;2026-01-12 15:02:33.484+00;2026-01-13 21:21:46.457+00;ToDos;;not_started;delivered;[];a45d2ef3-f659-49c6-9ca8-1ec8da107fa2;ThreatMark meeting 1.12.26;
;;ade9bb8a-fde3-4756-a63e-11ce7f227292;Ricoh - Marketing services;2025-12-15 20:35:05.65+00;2026-01-13 20:14:16.768+00;Deliverables;10;delivered;delivered;[];9c2e144c-0531-4a9a-a878-cb4dd94752f2;Develop product images [RICOH ProcessDirector];
;;4cf099a8-6df8-4d70-a3eb-053cb48f9f1f;Encamp - Brand activation project;2025-12-26 16:24:45.118+00;2026-01-13 19:16:12.098+00;Deliverables;12;delivered;delivered;[];c62dd49c-9f89-4ea6-b307-a722a6a9be85;Develop web page - Blog Page;
;;4cf099a8-6df8-4d70-a3eb-053cb48f9f1f;Encamp - Brand activation project;2025-12-18 22:11:29.102+00;2026-01-13 19:15:36.737+00;Deliverables;12;delivered;delivered;[];aebb91e6-b246-4174-95fc-c9a020b84aea;Develop web page - Solutions - Retail & Warehousing;
;;b1f3ae44-0316-492e-aef1-bb260b814482;Techmode - Marketing services;2026-01-12 13:13:12.807+00;2026-01-13 16:04:02.016+00;ToDos;;not_started;delivered;[];2165d320-ca5f-4855-bf77-9d27a02dd393;Update pages;
;;72cdc11e-fd4f-4d90-8688-1fc1484de2b0;Kersten Talent Capital - Aligned Growth Engine Ongoing Services;2025-12-04 22:47:59.535+00;2026-01-13 13:55:21.226+00;Deliverables;8;delivered;delivered;[];b0a6492a-5254-46fa-934a-c935b00b7795;Tech stack - January;
;;a3899b64-d779-4aee-afbb-d43e2125ccf8;VITAL - Marketing services;2026-01-05 14:19:56.594+00;2026-01-13 13:38:49.076+00;Deliverables;0;delivered;delivered;[];bdb30e16-222d-4598-99b8-57418e08aa94;Create social posts - D-Tools User Conference;
;;e50afe94-037e-49d6-8f2e-8c05ac7e3294;Data Assessment Solutions - Ongoing Marketing Services;2026-01-12 13:19:21.294+00;2026-01-13 13:28:45.188+00;ToDos;;not_started;delivered;[];e2936ba2-41f6-4007-860b-b08efe8aece6;Review Teams channel;
;;a3899b64-d779-4aee-afbb-d43e2125ccf8;VITAL - Marketing services;2026-01-02 15:42:59.276+00;2026-01-13 13:24:25.988+00;ToDos;;not_started;delivered;[];3e4e238d-aa95-4e70-b5d0-6780b4dc8381;Revise event backdrop design;
;;72cdc11e-fd4f-4d90-8688-1fc1484de2b0;Kersten Talent Capital - Aligned Growth Engine Ongoing Services;2026-01-12 13:14:55.504+00;2026-01-13 13:15:48.464+00;ToDos;;not_started;delivered;[];5d8269a6-e396-4361-939d-badf00688afd;Review emails;
;;52b3ee0f-cbad-4031-a387-79ecb54874fb;Aquatic Informatics - Ongoing Marketing Services;2026-01-12 13:16:59.046+00;2026-01-13 03:57:17.599+00;ToDos;;not_started;delivered;[];3011f1ff-10b4-4cbf-8ea9-615bc106034c;Review emails;
;;6a9f190a-9e44-4b24-8f1d-d82022950bb9;Agrippon - Marketing services;2026-01-08 19:38:25.789+00;2026-01-13 01:25:21.435+00;ToDos;;not_started;delivered;[];dd12357f-1346-4c47-aba1-e07badb5bdcb;LinkedIn Paid Ads Analysis;8336742
;;ade9bb8a-fde3-4756-a63e-11ce7f227292;Ricoh - Marketing services;2026-01-09 21:23:13.362+00;2026-01-12 20:52:10.856+00;ToDos;;not_started;delivered;[];ea2b1794-b50f-40d8-99c1-40120a81d006;Update video: Optimizer Solution Overview;3600000
;;a3899b64-d779-4aee-afbb-d43e2125ccf8;VITAL - Marketing services;2025-12-26 11:53:30.99+00;2026-01-12 17:07:29.82+00;Deliverables;8;delivered;delivered;[];793e993b-2439-423d-b499-75e5cd622eac;Tech stack (January);
;;18194a27-f4fd-4f8a-b974-7e8dcaea1d46;Syncro - Content marketing services;2025-12-29 16:47:23.268+00;2026-01-12 16:13:55.144+00;ToDos;;not_started;delivered;[];33384189-a394-47df-b9c5-c8d2331fb9c2;Transfer guest booking from Lemlist to Smartlead;
;;b1f3ae44-0316-492e-aef1-bb260b814482;Techmode - Marketing services;2025-12-09 21:46:12.483+00;2026-01-12 15:27:15.885+00;Deliverables;;delivered;delivered;[];924a95fe-9097-4d0d-8151-0cfe8d7fb15b;Price Offer Campaign;
;;deb20e29-45f3-4095-ae7e-8952961b9806;Rod Miller - Content marketing services;2025-12-30 14:23:03.683+00;2026-01-12 15:13:57.23+00;Deliverables;2;delivered;delivered;[];b5c2a269-f1a6-4eda-b10e-d8bef6168367;Website Hosting (January);
;;bfd6c756-8746-4619-be60-cba08836b1a9;New North;2025-12-31 17:51:42.175+00;2026-01-12 14:43:42.87+00;Deliverables;5;delivered;delivered;[];6d8238bb-e469-4f98-b229-1cd062b92b64;Optimize Existing SEO Article - b2b saas meaning;
;;db0afec5-85bc-41b0-8c0f-79b368eb3b16;Rugged Robotics - Marketing services;2025-12-18 18:55:15.544+00;2026-01-12 14:41:49.924+00;ToDos;;not_started;delivered;[];c7a48b64-f527-45f1-9dd0-d1c30129ab52;Get LinkedIn Business Manager set up for Rugged Robotics;
;;bfd6c756-8746-4619-be60-cba08836b1a9;New North;2025-12-31 17:51:06.926+00;2026-01-12 14:41:48.272+00;Deliverables;5;delivered;delivered;[];7fa3dca8-f180-48ad-8fe4-a32bbc36a505;Optimize Existing SEO Article - account based marketing agency;
;;b1f3ae44-0316-492e-aef1-bb260b814482;Techmode - Marketing services;2025-12-02 23:00:27.05+00;2026-01-12 14:40:19.401+00;Deliverables;3;delivered;delivered;[];2deb4a7f-3c01-4997-b3bb-c6c9e629f145;Additional Paid Media Campaign - MSPs (VoIP + UCaaS);
;;bfd6c756-8746-4619-be60-cba08836b1a9;New North;2025-12-31 17:48:20.557+00;2026-01-12 14:38:45.7+00;Deliverables;5;delivered;delivered;[];ba232525-fa41-4278-872b-68d77f0461e6;Optimize Existing SEO Article - linkedin b2b;
;;cec48bff-a24c-43d2-a56e-4da7b806daf9;Ease - Podcast Services;2025-12-29 16:41:33.703+00;2026-01-12 14:26:50.397+00;ToDos;;not_started;delivered;[];a3e374ec-4c83-44ee-8b1a-ed56aec384c5;Transfer guest booking from Lemlist to Smartlead;
;;e50afe94-037e-49d6-8f2e-8c05ac7e3294;Data Assessment Solutions - Ongoing Marketing Services;2025-11-20 22:04:02.864+00;2026-01-12 13:19:14.996+00;ToDos;;not_started;delivered;[];60f18786-edb2-46b6-a3f4-457340f0b372;Review linkedin & adroll ads;
;;e50afe94-037e-49d6-8f2e-8c05ac7e3294;Data Assessment Solutions - Ongoing Marketing Services;2025-11-20 11:59:45.964+00;2026-01-12 13:19:14.996+00;ToDos;;not_started;delivered;[];56388f35-f852-4ec2-84b5-dc349cad4d56;Review new email sequence;
;;7f6de0fa-ebf7-473a-af2e-b82ac2f7b097;Ideometry;2025-12-17 18:23:18.916+00;2026-01-10 20:22:59.586+00;Deliverables;8;delivered;delivered;[];29d84dea-86ea-4f7c-9995-3535cd8105ac;Develop blog from a transcript - Storytelling;
;;1d01a92d-8acf-44a9-ba25-535d596dab53;NEACH - Content marketing services;2025-12-16 23:30:50.407+00;2026-01-10 19:59:51.126+00;Deliverables;10;delivered;delivered;[];f84371e4-7791-42f9-bdbf-4b7e4caa9241;86dywkfn5 - NEACH - Wrestling Payments - Phil Robin;
;;ade9bb8a-fde3-4756-a63e-11ce7f227292;Ricoh - Marketing services;2025-10-17 18:42:31.311+00;2026-01-09 19:28:00.617+00;Deliverables;35;delivered;delivered;[];9e65eb11-45b1-4fb4-beb5-700adb4c8206;Develop animated video [Optimizer Solution Overview];
;;059db008-bde9-43e2-b5ea-2d8080194a92;"Ponce Bank - Creative; Digital; and Website Retainer";2026-01-02 17:55:54.724+00;2026-01-09 19:12:28.04+00;Deliverables;;delivered;delivered;[];c6178e5d-2046-432a-944a-f8fb22db2cf9;Update the mapping spreadsheet;
;;ade9bb8a-fde3-4756-a63e-11ce7f227292;Ricoh - Marketing services;2025-12-15 21:16:37.608+00;2026-01-09 16:43:51.152+00;Deliverables;15;delivered;delivered;[];50a19522-a90d-4d67-9548-842a73ed78ca;Develop Brochure [RICOH ProcessDirector];
;;ade9bb8a-fde3-4756-a63e-11ce7f227292;Ricoh - Marketing services;2025-12-17 21:45:54.253+00;2026-01-09 16:42:29.608+00;Deliverables;5;archived;archived;[];664fc031-ec89-4028-bebb-bc7c443c40ba;Manage web;
;;ade9bb8a-fde3-4756-a63e-11ce7f227292;Ricoh - Marketing services;2025-04-24 18:01:13.575+00;2026-01-09 16:42:29.608+00;Deliverables;8;archived;archived;[];f26d9113-60e2-4650-93c0-3930b24c10cb;Update infographic [Ricoh Business Edge];
;;ade9bb8a-fde3-4756-a63e-11ce7f227292;Ricoh - Marketing services;2025-05-23 20:01:07.865+00;2026-01-09 16:42:29.608+00;Deliverables;;archived;archived;[];ab7fdc6a-914b-4a44-b735-a15c020b81bc;Package up Source Files;
;;ade9bb8a-fde3-4756-a63e-11ce7f227292;Ricoh - Marketing services;2025-07-28 18:19:43.563+00;2026-01-09 16:42:29.608+00;Deliverables;8;archived;archived;[];660324a2-7025-490c-96c9-c34107a471b9;Develop content [File Name];
;;4cf099a8-6df8-4d70-a3eb-053cb48f9f1f;Encamp - Brand activation project;2025-12-22 19:02:21.741+00;2026-01-09 15:43:46.061+00;Deliverables;;delivered;delivered;[];613527ba-91a4-4b1a-8663-fdd70ddedf67;Export BG Design from Figma to InDesign;
;;4cf099a8-6df8-4d70-a3eb-053cb48f9f1f;Encamp - Brand activation project;2025-12-25 19:37:07.387+00;2026-01-09 15:36:51.159+00;Deliverables;12;delivered;delivered;[];df85eac6-bc28-4f18-97a2-8516da54e469;Develop web page - Company - Customer Support;
;;db0afec5-85bc-41b0-8c0f-79b368eb3b16;Rugged Robotics - Marketing services;2025-12-09 16:27:26.236+00;2026-01-09 15:28:03.741+00;ToDos;;not_started;delivered;[];7820d794-d5c7-4874-84c3-d238ba2ef1ab;Add custom audience, ads and launch LinkedIn ad campaign;9000000
;;bfd6c756-8746-4619-be60-cba08836b1a9;New North;2026-01-06 20:49:43.805+00;2026-01-09 08:29:53.661+00;Deliverables;10;delivered;delivered;[];98a7cd6b-203c-4393-afaa-c753a1425f6c;Launch Buyer Journey Research;
;;4cf099a8-6df8-4d70-a3eb-053cb48f9f1f;Encamp - Brand activation project;2026-01-08 14:58:27.592+00;2026-01-08 21:49:26.858+00;Deliverables;;delivered;delivered;[];f8491dd2-00e0-43dc-9ec2-a969b96da32a;Update Global Changes to Website;
;;75b32155-1255-4d17-b437-152e300521a0;ThreatMark - Marketing services;2026-01-07 20:54:44.089+00;2026-01-08 21:49:21.673+00;Deliverables;;delivered;delivered;[];d573a6d5-4e29-482a-9018-276596572e74;Update Paid Media;
;;4cf099a8-6df8-4d70-a3eb-053cb48f9f1f;Encamp - Brand activation project;2025-12-25 19:32:05.148+00;2026-01-08 21:48:44.542+00;Deliverables;12;delivered;delivered;[];5c1302eb-16fb-4eec-8c00-b4aae0b3c49d;Develop web page - Company - Careers & Culture;
;;4cf099a8-6df8-4d70-a3eb-053cb48f9f1f;Encamp - Brand activation project;2025-12-26 14:40:21.878+00;2026-01-08 21:48:42.768+00;Deliverables;12;delivered;delivered;[];4217edb3-c331-49a2-a22c-f53b1b7596f1;Develop web page - Blogs;
;;4cf099a8-6df8-4d70-a3eb-053cb48f9f1f;Encamp - Brand activation project;2025-12-18 22:17:49.297+00;2026-01-08 21:48:17.471+00;Deliverables;12;delivered;delivered;[];a685b625-2e4e-4084-9b16-5c258cd7ea31;Develop web page - Solutions - Telecommunications;
;;4cf099a8-6df8-4d70-a3eb-053cb48f9f1f;Encamp - Brand activation project;2025-12-18 22:15:21.543+00;2026-01-08 21:48:04.762+00;Deliverables;12;delivered;delivered;[];3d5fe117-2412-478d-a81b-393f9d7547a0;Develop web page - Solutions - Transportation & Logistics;
;;db0afec5-85bc-41b0-8c0f-79b368eb3b16;Rugged Robotics - Marketing services;2025-12-17 01:34:27.526+00;2026-01-08 20:25:04.813+00;ToDos;;not_started;delivered;[];8f123f4e-3a0d-4f5f-a3ee-e5dc66cdb3c8;Add Trey and George's emails to SmartLead after warmup complete;
;;292bf658-a285-4fdd-a6e5-d352a30347c9;Sedra Solutions - Marketing services;2025-10-21 19:53:52.135+00;2026-01-08 20:23:29.721+00;ToDos;;not_started;delivered;[];24ffa133-7c52-450f-a8bd-22be3cdd930c;Add to Notion Swipefile (optional);
;;a3899b64-d779-4aee-afbb-d43e2125ccf8;VITAL - Marketing services;2025-12-29 19:00:08.38+00;2026-01-08 17:47:03.875+00;Deliverables;0;delivered;delivered;[];d8190b02-1363-42ad-a7c8-18c80c6cac81;Distribute Episode - Matt Bernath (annual planning);
;;a3899b64-d779-4aee-afbb-d43e2125ccf8;VITAL - Marketing services;2025-12-30 12:31:56.007+00;2026-01-08 17:00:08.032+00;ToDos;;not_started;delivered;[];3a5ff6ea-cba1-4bbc-bda4-c7aa710ae03a;Edits to 86dyvfn73 - VITAL - The Flywheel Effect - Moustafa Moursy;
;;38584da6-e043-47d9-afe1-eba31234d65d;Ease - Content marketing services;2025-12-29 14:09:36.505+00;2026-01-08 16:48:04.387+00;ToDos;;not_started;delivered;[];3a2f9ca8-ee92-4685-9746-22e5db420174;Mixed Audio for All Videos - Pending Feedback;
;;4cf099a8-6df8-4d70-a3eb-053cb48f9f1f;Encamp - Brand activation project;2025-12-26 16:41:44.83+00;2026-01-08 14:39:29.298+00;Deliverables;12;delivered;delivered;[];4ab5fedf-3c04-4f9a-a5b3-d78d042e7275;Develop web page - Guides & Ebooks;
;;4cf099a8-6df8-4d70-a3eb-053cb48f9f1f;Encamp - Brand activation project;2025-12-26 16:39:06.715+00;2026-01-08 14:31:42.591+00;Deliverables;12;delivered;delivered;[];b526f3fb-7290-4eed-ae4c-691cf16144a4;Develop web page - Glossary;
;;3b39d1e2-cf4e-41b0-942a-7cb3d536b84b;Rezku POS - Aligned Growth Engine Launch;2026-01-08 05:08:16.597+00;2026-01-08 05:09:47.167+00;Deliverables;0;delivered;delivered;[];905a204c-3de6-40ec-b4ec-2f1ff5da6b5c;Conduct kickoff;
;;059db008-bde9-43e2-b5ea-2d8080194a92;"Ponce Bank - Creative; Digital; and Website Retainer";2026-01-02 17:58:05.888+00;2026-01-07 22:12:48.475+00;Deliverables;;delivered;delivered;[];938a958c-ae76-4d9c-b534-a4a46edfd696;Schedule weekly data working session starting week of 1/5;
;;72cdc11e-fd4f-4d90-8688-1fc1484de2b0;Kersten Talent Capital - Aligned Growth Engine Ongoing Services;2026-01-07 20:38:48.241+00;2026-01-07 20:40:39.494+00;ToDos;;not_started;delivered;[];2b4c8ddd-9910-41d5-912a-2b75c8cee06a;Kersten Talen Capital - AirOps Grid Setup;3600000
;;3f032f15-833e-4d7d-9347-381febf6d953;PTO Exchange - Marketing Services;2025-12-15 21:43:48.381+00;2026-01-07 20:13:47.194+00;Deliverables;;delivered;delivered;[];f2a3dac3-1980-412a-8699-c6981112bc2f;The BNFT Shift - End-of-Year Compilation Video;
;;965b21f3-8748-420c-aaf3-b3fdcaa2f504;iCorps - Marketing Services;2025-09-09 18:43:41.182+00;2026-01-07 17:28:37.669+00;Deliverables;18;delivered;delivered;[];31524505-74d1-4aaa-930c-bd90386f83c1;Develop SEO-optimized web page [IT support philadelphia];
;;965b21f3-8748-420c-aaf3-b3fdcaa2f504;iCorps - Marketing Services;2025-08-08 16:20:13.095+00;2026-01-07 17:27:20.628+00;Deliverables;18;delivered;delivered;[];a0f18101-a23f-4244-a07f-dfb316a990a8;Develop SEO-optimized web page [IT consulting new york];
;;965b21f3-8748-420c-aaf3-b3fdcaa2f504;iCorps - Marketing Services;2025-08-08 15:59:28.547+00;2026-01-07 17:20:14.77+00;Deliverables;18;delivered;delivered;[];db95f3c6-7739-4a56-9348-edb642d4dab3;Develop SEO-optimized web page [managed IT boston];
;;965b21f3-8748-420c-aaf3-b3fdcaa2f504;iCorps - Marketing Services;2025-08-08 15:50:10.842+00;2026-01-07 15:44:34.136+00;Deliverables;10;delivered;delivered;[];13662925-05fb-467e-8254-8a37044c6b9f;Develop SEO blog post [IT outsourcing services];
;;7f6de0fa-ebf7-473a-af2e-b82ac2f7b097;Ideometry;2025-11-10 18:20:37.327+00;2026-01-07 03:28:11.475+00;Deliverables;5;delivered;delivered;[];0d58ff06-0439-46f6-8a40-426204e3b314;Develop email sequence - ABM;
;;68a3f3dd-323f-42cb-bade-55dd8454c49f;Inside Tracker - Podcast services;2025-12-30 15:40:12.791+00;2026-01-06 22:06:31.441+00;Deliverables;10;delivered;delivered;[];ec222f7a-6ce8-4710-86f2-e104fa40a4e5;Terrie Moffitt - Inside Tracker - Longevity by Design - 86dz15x3g;
;;4aa1e0b0-c66a-4025-b0a2-2d1b998c8d99;AutoBytes - 2026 Services;2025-12-26 18:39:47.173+00;2026-01-06 21:26:13.923+00;Deliverables;0;delivered;delivered;[];4c321c57-7e9f-40ae-bcba-355aa520ee1a;Conduct kickoff;
;;b1f3ae44-0316-492e-aef1-bb260b814482;Techmode - Marketing services;2025-12-02 23:15:09.629+00;2026-01-06 21:13:44.034+00;Deliverables;12;delivered;delivered;[];088a12fb-c1c0-4dd8-aa75-4b6e0853b9a6;Develop web page - Virtual Phone System / IP Phone System;
;;7f6de0fa-ebf7-473a-af2e-b82ac2f7b097;Ideometry;2025-12-11 19:27:59.406+00;2026-01-06 20:26:58.282+00;Deliverables;12;delivered;delivered;[];fc5cf2a4-15e0-4218-87a3-1563bfd42ba3;Develop web page - Podcast & Blog Pages;
;;4cf099a8-6df8-4d70-a3eb-053cb48f9f1f;Encamp - Brand activation project;2025-12-26 14:32:21.931+00;2026-01-06 19:39:35.533+00;Deliverables;12;delivered;delivered;[];49acd768-0883-4ec1-bca0-63a9533920ea;Develop web page - Rescources;
;;e7336694-2c40-4fcf-a7ef-4d0460f053c8;"Powerhouse Gym - Creative; digital; website services";2025-12-23 12:57:36.566+00;2026-01-06 19:33:28.789+00;Deliverables;15;delivered;delivered;[];24cf92c2-d902-4600-9182-945d7a8716a1;Website & Google Analytics (GA4) Audit;
;;72cdc11e-fd4f-4d90-8688-1fc1484de2b0;Kersten Talent Capital - Aligned Growth Engine Ongoing Services;2026-01-05 14:44:17.236+00;2026-01-06 17:42:10.202+00;ToDos;;not_started;delivered;[];4cc2e4aa-24c0-454b-a991-dfdef94e7f3d;Tell Kersten about Clay;
;;b1f3ae44-0316-492e-aef1-bb260b814482;Techmode - Marketing services;2026-01-05 14:43:06.963+00;2026-01-06 17:42:07.302+00;ToDos;;not_started;delivered;[];603cb68f-d088-435d-b4c2-fa7caace92bd;Review Matt's Email;
;;cec48bff-a24c-43d2-a56e-4da7b806daf9;Ease - Podcast Services;2025-12-29 14:18:04.179+00;2026-01-06 14:09:56.858+00;Deliverables;11;delivered;delivered;[];8d8a3728-d57b-4707-b091-a387706e7d61;Tech stack - (January);
;;cec48bff-a24c-43d2-a56e-4da7b806daf9;Ease - Podcast Services;2025-12-26 13:52:22.01+00;2026-01-06 14:09:44.159+00;Deliverables;3;delivered;delivered;[];d667000b-7f78-417e-90f9-d196063b68ce;Distribute Podcast Episode - Rajeev Seth;
;;75b32155-1255-4d17-b437-152e300521a0;ThreatMark - Marketing services;2026-01-05 14:51:39.858+00;2026-01-06 13:26:36.083+00;ToDos;;not_started;delivered;[];76e8b8f2-7e2e-484f-af52-0f8c6f412995;Meeting Notes 1.5.2025;
;;b1f3ae44-0316-492e-aef1-bb260b814482;Techmode - Marketing services;2026-01-05 14:43:24.204+00;2026-01-06 04:21:55.952+00;ToDos;;not_started;delivered;[];8cbc3026-3a4f-4d6c-afe9-5734234943fe;Techmode landing page updates;
;;ca141f89-32e5-42c5-8c4d-bb32dee9aef2;BioSafe - Marketing services;2026-01-05 18:19:46.679+00;2026-01-05 19:44:20.173+00;ToDos;;not_started;delivered;[];d900e01b-4672-4157-9286-2c8986210bc2;Look into BioSAFE points;
;;72cdc11e-fd4f-4d90-8688-1fc1484de2b0;Kersten Talent Capital - Aligned Growth Engine Ongoing Services;2025-12-16 19:03:18.449+00;2026-01-05 19:30:55.891+00;Deliverables;12;delivered;delivered;[];c1931ea1-dfd4-4e3c-8fd1-fd60c5aa0699;Logo update V2 - add green accent;
;;7f6de0fa-ebf7-473a-af2e-b82ac2f7b097;Ideometry;2025-12-17 19:41:25.671+00;2026-01-05 17:46:34.507+00;Deliverables;8;delivered;delivered;[];244e7abc-3e99-4484-ba17-c049c53a774a;Develop blog from a transcript - Scrappy ABM;
;;7f6de0fa-ebf7-473a-af2e-b82ac2f7b097;Ideometry;2025-12-17 18:23:25.717+00;2026-01-05 17:45:44.082+00;Deliverables;8;delivered;delivered;[];c3f9c831-692d-4b20-ac41-daed5946ebf9;Develop blog from a transcript - Tablestakes Marketing;
;;7f6de0fa-ebf7-473a-af2e-b82ac2f7b097;Ideometry;2025-12-17 18:23:11.417+00;2026-01-05 17:44:59.723+00;Deliverables;8;delivered;delivered;[];40e5c1cb-e957-40aa-bcfe-13e72469231e;Develop blog from a transcript - Strategy Before Tactics;
;;75b32155-1255-4d17-b437-152e300521a0;ThreatMark - Marketing services;2026-01-05 16:14:33.443+00;2026-01-05 17:25:44.576+00;ToDos;;not_started;delivered;[];51a994f9-7f8e-49c7-839e-ed4cf5746dad;Update Homepage Carousel;2100000
;;75b32155-1255-4d17-b437-152e300521a0;ThreatMark - Marketing services;2025-12-15 17:30:59.659+00;2026-01-05 16:45:27.83+00;ToDos;;not_started;delivered;[];d4d1d4ef-df4e-431c-919c-127d9dde7403;2026 Planning Session Presentation;
;;a3899b64-d779-4aee-afbb-d43e2125ccf8;VITAL - Marketing services;2025-12-24 11:29:10.531+00;2026-01-05 15:46:10.835+00;Deliverables;;delivered;delivered;[];da50fb85-c6fc-4c65-8ffe-3ad2edac368e;Distribute blog - Stop Chasing the Next Chicken - Part 2;
;;bf57e936-b322-4b36-bf32-174d44c65e09;Verisk - Marketing services;2025-12-30 12:17:58.721+00;2026-01-05 15:38:45.159+00;ToDos;;not_started;delivered;[];da25cdbf-fceb-447c-9546-3e91a8b4da9f;Edits to 86dywncpb - Verisk - The Marketing Rapport - Pat Sullivan;
;;965b21f3-8748-420c-aaf3-b3fdcaa2f504;iCorps - Marketing Services;2025-09-03 15:36:21.982+00;2026-01-05 14:59:46.139+00;Goals;;delivered;Closed;[];c95a926b-b912-4184-9bf1-809addf9fe91;Achieve a 30% MQL -> SQL conversion rate, getting middle-of-funnel nurturing on-track.;
;;965b21f3-8748-420c-aaf3-b3fdcaa2f504;iCorps - Marketing Services;2025-07-14 19:48:37.494+00;2026-01-05 14:59:39.772+00;Goals;;delivered;Closed;[];1279aac3-33ba-4894-bf64-88d49b52475c;720 MQLs generated in 2025;
;;965b21f3-8748-420c-aaf3-b3fdcaa2f504;iCorps - Marketing Services;2025-05-21 15:52:35.887+00;2026-01-05 14:59:36.67+00;Goals;;delivered;Closed;[];f4fb7e48-d7fc-4616-99c2-5ca5d510dd30;216 SQLs generated in 2025;
;;965b21f3-8748-420c-aaf3-b3fdcaa2f504;iCorps - Marketing Services;2025-09-03 15:36:47.729+00;2026-01-05 14:48:24.739+00;Goals;;delivered;Closed;[];1a5e9002-6820-40fe-ba5b-b1a219abb952;Test a new offer (Assessments) through a targeted ABM campaign to accelerate lead generation.;
;;6a9f190a-9e44-4b24-8f1d-d82022950bb9;Agrippon - Marketing services;2025-12-01 20:45:04.196+00;2026-01-05 14:39:32.531+00;Deliverables;5;delivered;delivered;[];16abafa4-3e2b-409e-b2c0-d9f5ec6f6249;Manage performance reporting (December);
;;6a9f190a-9e44-4b24-8f1d-d82022950bb9;Agrippon - Marketing services;2025-12-01 20:42:34.931+00;2026-01-05 14:39:28.469+00;Deliverables;10;delivered;delivered;[];4d335182-280d-4220-921d-2330e5396850;Facilitate Client Meetings (December);
;;6a9f190a-9e44-4b24-8f1d-d82022950bb9;Agrippon - Marketing services;2025-12-01 20:40:23.017+00;2026-01-05 14:39:24.578+00;Deliverables;10;delivered;delivered;[];f4156135-cb36-4aaa-8699-369840ba70eb;Manage ABM (December);
;;ade9bb8a-fde3-4756-a63e-11ce7f227292;Ricoh - Marketing services;2025-12-17 21:21:33.44+00;2026-01-05 14:39:20.541+00;Deliverables;5;delivered;delivered;[];7fe2e612-a36d-49f7-9453-810357f2941a;Manage web;
;;ade9bb8a-fde3-4756-a63e-11ce7f227292;Ricoh - Marketing services;2025-12-01 19:27:16.575+00;2026-01-05 14:39:16.774+00;Deliverables;10;delivered;delivered;[];b74968ce-356f-46af-baea-9b329a981ff7;Facilitate Client Meetings [December];
;;965b21f3-8748-420c-aaf3-b3fdcaa2f504;iCorps - Marketing Services;2025-12-01 20:06:11.206+00;2026-01-05 14:39:12.707+00;Deliverables;10;delivered;delivered;[];9b268445-b6f8-4b88-8cc2-801350cd0fc1;Manage ABM [December];
;;965b21f3-8748-420c-aaf3-b3fdcaa2f504;iCorps - Marketing Services;2025-12-01 19:52:31.716+00;2026-01-05 14:39:06.111+00;Deliverables;8;delivered;delivered;[];25cc4c45-6457-4cf6-9af7-6aa62f4f8445;Manage paid media [December];
;;965b21f3-8748-420c-aaf3-b3fdcaa2f504;iCorps - Marketing Services;2025-12-01 19:44:15.401+00;2026-01-05 14:39:00.377+00;Deliverables;5;delivered;delivered;[];92827590-8b94-4554-9f5a-03d04d522c4a;Manage SEO [December];
;;965b21f3-8748-420c-aaf3-b3fdcaa2f504;iCorps - Marketing Services;2025-12-01 19:42:47.77+00;2026-01-05 14:38:52.844+00;Deliverables;10;delivered;delivered;[];04ac5853-a1e6-4ea3-b9dd-348d5705781d;Facilitate Client Meetings [December];
;;965b21f3-8748-420c-aaf3-b3fdcaa2f504;iCorps - Marketing Services;2025-12-01 19:41:30.048+00;2026-01-05 14:38:46.33+00;Deliverables;5;delivered;delivered;[];5f15966b-d035-4357-9f50-3a02b7e5ca53;Manage performance reporting [December];
;;965b21f3-8748-420c-aaf3-b3fdcaa2f504;iCorps - Marketing Services;2025-12-01 19:35:52.743+00;2026-01-05 14:38:40.396+00;Deliverables;5;delivered;delivered;[];e39e5223-e58b-47db-8c68-6b256afcdf35;Manage web [December];
;;ade9bb8a-fde3-4756-a63e-11ce7f227292;Ricoh - Marketing services;2025-12-01 19:28:23.412+00;2026-01-05 14:36:01.075+00;Deliverables;5;delivered;delivered;[];1cccda2b-a98e-402a-afd4-f8f7ae4c9583;Tech stack [December];
;;965b21f3-8748-420c-aaf3-b3fdcaa2f504;iCorps - Marketing Services;2025-12-01 19:35:06.932+00;2026-01-05 14:36:01.075+00;Deliverables;16;delivered;delivered;[];da54d9c7-b3ba-4066-a0d2-0328e20666da;Tech stack [December];
;;6a9f190a-9e44-4b24-8f1d-d82022950bb9;Agrippon - Marketing services;2025-12-01 20:46:05.181+00;2026-01-05 14:36:01.075+00;Deliverables;13;delivered;delivered;[];f38b7548-e3ac-4b64-9726-239cbd025063;Tech stack (December);
;;bf57e936-b322-4b36-bf32-174d44c65e09;Verisk - Marketing services;2025-12-30 12:23:00.066+00;2026-01-05 14:32:02.122+00;ToDos;;not_started;delivered;[];f486d419-6234-44d9-aa45-567cdf5291c1;Edits to 86dyvf79u - Verisk - The Marketing Rapport - Rustam Irani;
;;6a9f190a-9e44-4b24-8f1d-d82022950bb9;Agrippon - Marketing services;2025-12-01 20:43:34.837+00;2026-01-05 14:25:50.753+00;Deliverables;8;delivered;delivered;[];bdd57491-6d5f-4c46-8124-8514ac259dee;Manage paid media (December);
;;68a3f3dd-323f-42cb-bade-55dd8454c49f;Inside Tracker - Podcast services;2025-12-23 17:24:16.905+00;2026-01-05 13:09:08.344+00;Deliverables;10;delivered;delivered;[];d5900bbf-7335-4054-9f9b-5028ce6ba7a2;Dr. Ronjon Nag - Inside Tracker - Longevity by Design - 86dyzhnwf;
;;bf57e936-b322-4b36-bf32-174d44c65e09;Verisk - Marketing services;2025-12-26 11:53:44.586+00;2026-01-03 11:39:21.504+00;Deliverables;5;delivered;delivered;[];4cb81e50-c95c-4112-903c-d9e90586687b;Tech stack (January);
;;81a43ee4-a5a5-4852-a86b-4cbaf13bfeec;Tyfone - Content marketing services;2025-12-26 11:54:06.908+00;2026-01-03 11:38:51.9+00;Deliverables;5;delivered;delivered;[];faa7911f-7eee-4bb0-8772-a8d28ff33dd2;Tech stack (January);
;;18194a27-f4fd-4f8a-b974-7e8dcaea1d46;Syncro - Content marketing services;2025-12-26 11:54:21.706+00;2026-01-03 11:37:40.89+00;Deliverables;12;delivered;delivered;[];1df7e301-83da-49fe-93d2-1bb4b4e00d0a;Tech stack (January);
;;1d01a92d-8acf-44a9-ba25-535d596dab53;NEACH - Content marketing services;2025-12-26 11:54:38.242+00;2026-01-03 11:37:08.466+00;Deliverables;5;delivered;delivered;[];941a2795-4b96-46b4-9120-8161df546fcc;Tech stack (January);
;;833f1003-bf16-434b-afab-a705072e5eef;Bazaarvoice - Content marketing services;2025-12-26 11:54:52.237+00;2026-01-03 11:36:43.552+00;Deliverables;5;delivered;delivered;[];b8692dc7-4348-432b-a8c4-9785864cf6f3;Tech stack (January);
;;059db008-bde9-43e2-b5ea-2d8080194a92;"Ponce Bank - Creative; Digital; and Website Retainer";2026-01-02 17:57:24.917+00;2026-01-02 21:12:58.418+00;Deliverables;;delivered;delivered;[];46102bec-b320-45de-8247-5faf8568a8ce;Break down the integration task list with more realistic dates + ownership;
;;4cf099a8-6df8-4d70-a3eb-053cb48f9f1f;Encamp - Brand activation project;2025-12-18 22:54:50.597+00;2026-01-02 19:41:26.393+00;Deliverables;12;delivered;delivered;[];58fb502a-9262-4c12-8814-3e255d688d2b;Develop web page - Website Terms of Service;
;;4cf099a8-6df8-4d70-a3eb-053cb48f9f1f;Encamp - Brand activation project;2025-12-18 22:50:01.177+00;2026-01-02 19:41:23.992+00;Deliverables;12;delivered;delivered;[];242188b3-ff8b-488c-8a34-68bb411c89f3;Develop web page - Terms & Conditions;
;;4cf099a8-6df8-4d70-a3eb-053cb48f9f1f;Encamp - Brand activation project;2025-12-26 14:36:42.034+00;2026-01-02 19:39:06.495+00;Deliverables;12;delivered;delivered;[];add91952-d337-4b07-abbb-da0ba8eef6d9;Develop web page - Events;
;;4cf099a8-6df8-4d70-a3eb-053cb48f9f1f;Encamp - Brand activation project;2025-12-25 19:41:19.552+00;2026-01-02 19:38:52.26+00;Deliverables;12;delivered;delivered;[];fe2d1ac6-c8a7-4dee-9d84-b4c1728112e4;Develop web page - Company - Request a Demo + Thank you Conversion;
;;75b32155-1255-4d17-b437-152e300521a0;ThreatMark - Marketing services;2025-11-25 20:59:03.755+00;2026-01-02 19:37:23.926+00;Deliverables;10;delivered;delivered;[];57c89395-5a8d-439e-a27f-468ecce1456d;Facilitate Client Meetings - December;
;;52b3ee0f-cbad-4031-a387-79ecb54874fb;Aquatic Informatics - Ongoing Marketing Services;2025-12-10 23:23:05.298+00;2026-01-02 18:25:37.379+00;Deliverables;10;delivered;delivered;[];babbbecb-9889-4a7f-b912-b0ed4954af2f;Develop simple newsletter template;
;;059db008-bde9-43e2-b5ea-2d8080194a92;"Ponce Bank - Creative; Digital; and Website Retainer";2025-12-03 13:33:35.967+00;2026-01-02 18:25:07.018+00;ToDos;;not_started;delivered;[];0eca2365-5640-44c8-a4ab-d734e1ef7378;Provide sample CSV to use in HubSpot Sandbox;
;;7f6de0fa-ebf7-473a-af2e-b82ac2f7b097;Ideometry;2025-12-17 19:48:17.26+00;2026-01-02 16:26:30.544+00;Deliverables;8;delivered;delivered;[];e700251d-6de2-4c37-b40b-6f5be7083152;Develop blog from a transcript - Podcast (Dennis Ledenkof and Elena Kormilina);
;;b827cc0e-5a1f-420d-8f3d-951078161099;Ponce Bank - Website design and development;2025-12-01 02:08:13.431+00;2026-01-02 15:31:39.092+00;Deliverables;100;delivered;delivered;[];7ece5f1d-34b9-4cc2-887a-390d851f710b;Content Strategy & Design: Audit existing content and assets;
;;52b3ee0f-cbad-4031-a387-79ecb54874fb;Aquatic Informatics - Ongoing Marketing Services;2025-12-11 14:48:01.787+00;2026-01-02 15:28:08.901+00;Deliverables;10;delivered;delivered;[];238b5c8e-abcf-416e-8fa8-7119123dc3da;Facilitate Client Meetings;
;;cec48bff-a24c-43d2-a56e-4da7b806daf9;Ease - Podcast Services;2025-12-29 14:09:05.259+00;2026-01-02 14:01:43.139+00;ToDos;;not_started;delivered;[];63c95838-cfbd-40ab-b844-e967aa1f7a18;Blog Post - Rajeev Seth - Pending Feedback;
;;afed095f-4924-4108-bca6-41dd146a5a45;AJ Nash - Podcast services;2025-12-22 17:47:18.8+00;2026-01-02 14:01:27.079+00;ToDos;;not_started;delivered;[];adc31ca4-0830-458f-ab2e-58d5114c7cc4;Podcast Recommendations;
;;cec48bff-a24c-43d2-a56e-4da7b806daf9;Ease - Podcast Services;2025-11-24 18:55:13.09+00;2026-01-02 14:01:12.732+00;ToDos;;not_started;delivered;[];26d1f706-a941-4939-85eb-c365890ea323;Weekly client management (December);
;;a3899b64-d779-4aee-afbb-d43e2125ccf8;VITAL - Marketing services;2025-12-29 13:11:10.871+00;2026-01-02 11:34:50.245+00;ToDos;;not_started;delivered;[];89e7f480-2e4b-48a5-8e02-84cf17e0daba;Change blog images;2880000